raw,Aylik_Yas,norm,percentile
30.0,70,52.175279,41.389848
30.5,70,52.655609,39.528869
31.0,70,53.123841,37.737431
31.5,70,53.580643,36.014759
32.0,70,54.026556,34.360081
32.5,70,54.462005,32.772622
33.0,70,54.88731,31.251609
33.5,70,55.302691,29.796269
34.0,70,55.708276,28.405827
34.5,70,56.104101,27.079509
35.0,70,56.490116,25.816543
35.5,70,56.866186,24.616154
36.0,70,57.232092,23.477569
36.5,70,57.587531,22.400013
37.0,70,57.932121,21.382714
37.5,70,58.265398,20.424897
38.0,70,58.586824,19.525789
38.5,70,58.895784,18.684616
39.0,70,59.191596,17.900605
39.5,70,59.473517,17.172981
40.0,70,59.740748,16.500971
40.5,70,59.99245,15.883801
41.0,70,60.227756,15.320698
41.5,70,60.445787,14.810887
42.0,70,60.64567,14.353596
42.5,70,60.826563,13.94805
43.0,70,60.987674,13.593476
43.5,70,61.128287,13.2891
44.0,70,61.247784,13.034148
44.5,70,61.345667,12.827846
45.0,70,61.421578,12.669422
45.5,70,61.475315,12.5581
46.0,70,61.506842,12.493108
46.5,70,61.516293,12.473672
47.0,70,61.503971,12.499018
47.5,70,61.470343,12.568372
48.0,70,61.416027,12.680961
48.5,70,61.341773,12.83601
49.0,70,61.248445,13.032747
49.5,70,61.136999,13.270397
50.0,70,61.008459,13.548187
50.5,70,60.863892,13.865343
51.0,70,60.704388,14.221091
51.5,70,60.531044,14.614658
52.0,70,60.344938,15.04527
52.5,70,60.147122,15.512153
53.0,70,59.938607,16.014533
53.5,70,59.720358,16.551638
54.0,70,59.49328,17.122692
54.5,70,59.258221,17.726923
55.0,70,59.015967,18.363556
55.5,70,58.767244,19.031818
56.0,70,58.512712,19.730936
56.5,70,58.252975,20.460135
57.0,70,57.988579,21.218642
57.5,70,57.720013,22.005683
58.0,70,57.447718,22.820485
58.5,70,57.172085,23.662273
59.0,70,56.893461,24.530274
59.5,70,56.612152,25.423714
60.0,70,56.328427,26.34182
60.5,70,56.042516,27.283818
61.0,70,55.754623,28.248934
61.5,70,55.464919,29.236394
62.0,70,55.173548,30.245425
62.5,70,54.880632,31.275253
63.0,70,54.586269,32.325105
63.5,70,54.290537,33.394206
64.0,70,53.993496,34.481783
64.5,70,53.695186,35.587062
65.0,70,53.395633,36.709269
65.5,70,53.09485,37.847632
66.0,70,52.792832,39.001375
66.5,70,52.489564,40.169726
67.0,70,52.185017,41.35191
67.5,70,51.879153,42.547154
68.0,70,51.571918,43.754685
68.5,70,51.263251,44.973727
69.0,70,50.95308,46.203509
69.5,70,50.64132,47.443256
70.0,70,50.327877,48.692194
70.5,70,50.012646,49.94955
71.0,70,49.69551,51.21455
71.5,70,49.376343,52.48642
72.0,70,49.055004,53.764386
72.5,70,48.73134,55.047676
73.0,70,48.405187,56.335514
73.5,70,48.076364,57.627128
74.0,70,47.744676,58.921744
74.5,70,47.409909,60.218587
75.0,70,47.071833,61.516885
75.5,70,46.730196,62.815863
76.0,70,46.384723,64.114749
76.5,70,46.035115,65.412767
77.0,70,45.681041,66.709145
77.5,70,45.322143,68.003109
78.0,70,44.958021,69.293884
78.5,70,44.588237,70.580698
79.0,70,44.212301,71.862776
79.5,70,43.829672,73.139346
80.0,70,43.439739,74.409632
80.5,70,43.041819,75.672862
81.0,70,42.635136,76.928262
81.5,70,42.21881,78.175058
82.0,70,41.791829,79.412476
82.5,70,41.35303,80.639743
83.0,70,40.901058,81.856085
83.5,70,40.434322,83.060728
84.0,70,39.950938,84.252898
84.5,70,39.448649,85.431822
85.0,70,38.924714,86.596727
85.5,70,38.375759,87.746837
86.0,70,37.79756,88.881381
86.5,70,37.184722,89.999583
87.0,70,36.530197,91.100671
87.5,70,35.824514,92.18387
88.0,70,35.054498,93.248407
88.5,70,34.201003,94.293508
89.0,70,33.234577,95.318399
89.5,70,32.106213,96.322307
90.0,70,30.724476,97.304459
90.5,70,28.883726,98.264079
91.0,70,25.909042,99.200395
91.5,70,19.097677,99.9
92.0,70,19.097677,99.9
92.5,70,19.097677,99.9
93.0,70,19.097677,99.9
93.5,70,19.097677,99.9
94.0,70,19.097677,99.9
94.5,70,19.097677,99.9
95.0,70,19.097677,99.9
95.5,70,19.097677,99.9
96.0,70,19.097677,99.9
96.5,70,19.097677,99.9
97.0,70,19.097677,99.9
97.5,70,19.097677,99.9
98.0,70,19.097677,99.9
98.5,70,19.097677,99.9
99.0,70,19.097677,99.9
99.5,70,19.097677,99.9
100.0,70,19.097677,99.9
100.5,70,19.097677,99.9
101.0,70,19.097677,99.9
101.5,70,19.097677,99.9
102.0,70,19.097677,99.9
102.5,70,19.097677,99.9
103.0,70,19.097677,99.9
103.5,70,19.097677,99.9
104.0,70,19.097677,99.9
30.0,71,54.933425,31.08853
30.5,71,55.403925,29.446319
31.0,71,55.866759,27.871069
31.5,71,56.322247,26.362004
32.0,71,56.770613,24.918352
32.5,71,57.211995,23.539338
33.0,71,57.646436,22.224189
33.5,71,58.073886,20.972132
34.0,71,58.494196,19.782392
34.5,71,58.907116,18.654195
35.0,71,59.312285,17.586769
35.5,71,59.709227,16.57934
36.0,71,60.097342,15.631133
36.5,71,60.475901,14.741375
37.0,71,60.844037,13.909292
37.5,71,61.20074,13.134111
38.0,71,61.544856,12.415058
38.5,71,61.875083,11.751359
39.0,71,62.189984,11.14224
39.5,71,62.487991,10.586928
40.0,71,62.76743,10.084649
40.5,71,63.02655,9.634629
41.0,71,63.263557,9.236095
41.5,71,63.476672,8.888273
42.0,71,63.664181,8.590389
42.5,71,63.824506,8.34167
43.0,71,63.956271,8.141341
43.5,71,64.058368,7.988629
44.0,71,64.130017,7.882761
44.5,71,64.17081,7.822962
45.0,71,64.180739,7.808459
45.5,71,64.160203,7.838479
46.0,71,64.109989,7.912246
46.5,71,64.031243,8.028989
47.0,71,63.925409,8.187933
47.5,71,63.794175,8.388304
48.0,71,63.639396,8.629329
48.5,71,63.463035,8.910234
49.0,71,63.267092,9.230245
49.5,71,63.053557,9.588588
50.0,71,62.824358,9.98449
50.5,71,62.581333,10.417178
51.0,71,62.326201,10.885877
51.5,71,62.06055,11.389813
52.0,71,61.78583,11.928214
52.5,71,61.503346,12.500305
53.0,71,61.214268,13.105312
53.5,71,60.919633,13.742462
54.0,71,60.620354,14.410982
54.5,71,60.317229,15.110097
55.0,71,60.010954,15.839033
55.5,71,59.702129,16.597018
56.0,71,59.39127,17.383277
56.5,71,59.078817,18.197036
57.0,71,58.765144,19.037523
57.5,71,58.450566,19.903962
58.0,71,58.135346,20.795581
58.5,71,57.819701,21.711606
59.0,71,57.50381,22.651263
59.5,71,57.187815,23.613778
60.0,71,56.871828,24.598378
60.5,71,56.555934,25.604289
61.0,71,56.240196,26.630737
61.5,71,55.924654,27.676948
62.0,71,55.609333,28.74215
62.5,71,55.29424,29.825567
63.0,71,54.979369,30.926427
63.5,71,54.6647,32.043955
64.0,71,54.350205,33.177378
64.5,71,54.035843,34.325923
65.0,71,53.721565,35.488815
65.5,71,53.407316,36.665281
66.0,71,53.093031,37.854547
66.5,71,52.77864,39.05584
67.0,71,52.464063,40.268385
67.5,71,52.149219,41.491409
68.0,71,51.834018,42.724139
68.5,71,51.518364,43.9658
69.0,71,51.202156,45.215619
69.5,71,50.885287,46.472822
70.0,71,50.567646,47.736635
70.5,71,50.249113,49.006286
71.0,71,49.929563,50.280999
71.5,71,49.608866,51.560001
72.0,71,49.286882,52.84252
72.5,71,48.963466,54.12778
73.0,71,48.638464,55.415008
73.5,71,48.311713,56.703431
74.0,71,47.983042,57.992274
74.5,71,47.652267,59.280765
75.0,71,47.319196,60.568129
75.5,71,46.983622,61.853592
76.0,71,46.645324,63.136382
76.5,71,46.304067,64.415723
77.0,71,45.959598,65.690844
77.5,71,45.611644,66.960969
78.0,71,45.25991,68.225325
78.5,71,44.904079,69.483138
79.0,71,44.543802,70.733635
79.5,71,44.1787,71.976042
80.0,71,43.808359,73.209586
80.5,71,43.432321,74.433492
81.0,71,43.050079,75.646986
81.5,71,42.661072,76.849296
82.0,71,42.264671,78.039648
82.5,71,41.86017,79.217266
83.0,71,41.446771,80.381379
83.5,71,41.023567,81.531213
84.0,71,40.589518,82.665993
84.5,71,40.143423,83.784945
85.0,71,39.683883,84.887297
85.5,71,39.209255,85.972274
86.0,71,38.717585,87.039103
86.5,71,38.206524,88.08701
87.0,71,37.67321,89.115222
87.5,71,37.114102,90.122964
88.0,71,36.524736,91.109463
88.5,71,35.899371,92.073945
89.0,71,35.230434,93.015636
89.5,71,34.507629,93.933764
90.0,71,33.716417,94.827553
90.5,71,32.835263,95.696231
91.0,71,31.830158,96.539023
91.5,71,30.642381,97.355156
92.0,71,29.155897,98.143857
92.5,71,27.081271,98.904351
93.0,71,23.163672,99.635865
93.5,71,19.097677,99.9
94.0,71,19.097677,99.9
94.5,71,19.097677,99.9
95.0,71,19.097677,99.9
95.5,71,19.097677,99.9
96.0,71,19.097677,99.9
96.5,71,19.097677,99.9
97.0,71,19.097677,99.9
97.5,71,19.097677,99.9
98.0,71,19.097677,99.9
98.5,71,19.097677,99.9
99.0,71,19.097677,99.9
99.5,71,19.097677,99.9
100.0,71,19.097677,99.9
100.5,71,19.097677,99.9
101.0,71,19.097677,99.9
101.5,71,19.097677,99.9
102.0,71,19.097677,99.9
102.5,71,19.097677,99.9
103.0,71,19.097677,99.9
103.5,71,19.097677,99.9
104.0,71,19.097677,99.9
30.0,72,57.677563,22.1316
30.5,72,58.167742,20.702874
31.0,72,58.654888,19.338528
31.5,72,59.13926,18.037786
32.0,72,59.621037,16.799876
32.5,72,60.100309,15.624023
33.0,72,60.577069,14.509455
33.5,72,61.051192,13.455397
34.0,72,61.522423,12.461075
34.5,72,61.99035,11.525717
35.0,72,62.454376,10.648547
35.5,72,62.913687,9.828793
36.0,72,63.367213,9.065681
36.5,72,63.813586,8.358437
37.0,72,64.251088,7.706287
37.5,72,64.67761,7.108458
38.0,72,65.090598,6.564176
38.5,72,65.487022,6.072667
39.0,72,65.863359,5.633157
39.5,72,66.215606,5.244873
40.0,72,66.539344,4.907042
40.5,72,66.829862,4.618889
41.0,72,67.082347,4.37964
41.5,72,67.29216,4.188522
42.0,72,67.455151,4.044762
42.5,72,67.568012,3.947585
43.0,72,67.628585,3.896218
43.5,72,67.636095,3.889887
44.0,72,67.591244,3.927819
44.5,72,67.496149,4.009239
45.0,72,67.354141,4.133374
45.5,72,67.169461,4.299451
46.0,72,66.946918,4.506695
46.5,72,66.69155,4.754333
47.0,72,66.408343,5.041591
47.5,72,66.102013,5.367696
48.0,72,65.776873,5.731873
48.5,72,65.436754,6.133349
49.0,72,65.084984,6.571351
49.5,72,64.724401,7.045104
50.0,72,64.357387,7.553835
50.5,72,63.985919,8.09677
51.0,72,63.611613,8.673136
51.5,72,63.235782,9.282159
52.0,72,62.859478,9.923064
52.5,72,62.483536,10.595079
53.0,72,62.108612,11.29743
53.5,72,61.735212,12.029343
54.0,72,61.363721,12.790043
54.5,72,60.994423,13.578759
55.0,72,60.627523,14.394715
55.5,72,60.263158,15.237138
56.0,72,59.901412,16.105254
56.5,72,59.542328,16.998291
57.0,72,59.185912,17.915473
57.5,72,58.832142,18.856027
58.0,72,58.480976,19.81918
58.5,72,58.132353,20.804158
59.0,72,57.786198,21.810187
59.5,72,57.442424,22.836493
60.0,72,57.100936,23.882303
60.5,72,56.761635,24.946844
61.0,72,56.424411,26.02934
61.5,72,56.089156,27.129019
62.0,72,55.755755,28.245107
62.5,72,55.424093,29.37683
63.0,72,55.094051,30.523414
63.5,72,54.765512,31.684086
64.0,72,54.438356,32.858072
64.5,72,54.112463,34.044599
65.0,72,53.787711,35.242892
65.5,72,53.463981,36.452178
66.0,72,53.14115,37.671683
66.5,72,52.819098,38.900634
67.0,72,52.497701,40.138256
67.5,72,52.176837,41.383777
68.0,72,51.856383,42.636422
68.5,72,51.536213,43.895417
69.0,72,51.216202,45.15999
69.5,72,50.896224,46.429365
70.0,72,50.576149,47.70277
70.5,72,50.255847,48.979431
71.0,72,49.935185,50.258574
71.5,72,49.614027,51.539426
72.0,72,49.292237,52.821212
72.5,72,48.96967,54.103159
73.0,72,48.646183,55.384494
73.5,72,48.321626,56.664442
74.0,72,47.995842,57.942229
74.5,72,47.668673,59.217083
75.0,72,47.339951,60.488229
75.5,72,47.009503,61.754894
76.0,72,46.677148,63.016304
76.5,72,46.342696,64.271686
77.0,72,46.005949,65.520265
77.5,72,45.666695,66.761267
78.0,72,45.324712,67.99392
78.5,72,44.979765,69.21745
79.0,72,44.631603,70.431082
79.5,72,44.279958,71.634043
80.0,72,43.924543,72.825559
80.5,72,43.565048,74.004858
81.0,72,43.201141,75.171164
81.5,72,42.83246,76.323704
82.0,72,42.458613,77.461704
82.5,72,42.079168,78.584392
83.0,72,41.693655,79.690992
83.5,72,41.301554,80.780732
84.0,72,40.902289,81.852838
84.5,72,40.495217,82.906535
85.0,72,40.07962,83.941051
85.5,72,39.654685,84.955611
86.0,72,39.219494,85.949442
86.5,72,38.772992,86.92177
87.0,72,38.313969,87.871822
87.5,72,37.841014,88.798823
88.0,72,37.352473,89.702
88.5,72,36.846384,90.580579
89.0,72,36.320389,91.433787
89.5,72,35.771616,92.26085
90.0,72,35.196509,93.060994
90.5,72,34.590588,93.833446
91.0,72,33.948072,94.577431
91.5,72,33.261317,95.292176
92.0,72,32.519875,95.976907
92.5,72,31.70889,96.630851
93.0,72,30.806126,97.253234
93.5,72,29.775934,97.843282
94.0,72,28.555341,98.400221
94.5,72,27.01519,98.923279
95.0,72,24.809264,99.41168
95.5,72,20.008087,99.864651
96.0,72,19.097677,99.9
96.5,72,19.097677,99.9
97.0,72,19.097677,99.9
97.5,72,19.097677,99.9
98.0,72,19.097677,99.9
98.5,72,19.097677,99.9
99.0,72,19.097677,99.9
99.5,72,19.097677,99.9
100.0,72,19.097677,99.9
100.5,72,19.097677,99.9
101.0,72,19.097677,99.9
101.5,72,19.097677,99.9
102.0,72,19.097677,99.9
102.5,72,19.097677,99.9
103.0,72,19.097677,99.9
103.5,72,19.097677,99.9
104.0,72,19.097677,99.9
30.0,73,60.611642,14.430765
30.5,73,61.165079,13.21024
31.0,73,61.724155,12.051514
31.5,73,62.289882,10.953812
32.0,73,62.863321,9.91636
32.5,73,63.44559,8.938385
33.0,73,64.037871,8.019113
33.5,73,64.64141,7.157771
34.0,73,65.257518,6.353584
34.5,73,65.887556,5.605779
35.0,73,66.53291,4.913583
35.5,73,67.194942,4.276221
36.0,73,67.874896,3.69292
36.5,73,68.573729,3.162906
37.0,73,69.291833,2.685405
37.5,73,70.028547,2.259644
38.0,73,70.781343,1.88485
38.5,73,71.544495,1.560247
39.0,73,72.306962,1.285063
39.5,73,73.049303,1.058524
40.0,73,73.739881,0.879856
40.5,73,74.332078,0.748285
41.0,73,74.766881,0.663039
41.5,73,74.986472,0.623342
42.0,73,74.957694,0.628421
42.5,73,74.689749,0.677504
43.0,73,74.229205,0.769815
43.5,73,73.637376,0.904581
44.0,73,72.969684,1.081029
44.5,73,72.266947,1.298384
45.0,73,71.555672,1.555874
45.5,73,70.851633,1.852724
46.0,73,70.163517,2.18816
46.5,73,69.495632,2.56141
47.0,73,68.849694,2.971699
47.5,73,68.22593,3.418253
48.0,73,67.623749,3.900299
48.5,73,67.042132,4.417063
49.0,73,66.479865,4.967772
49.5,73,65.935671,5.551651
50.0,73,65.408284,6.167927
50.5,73,64.89649,6.815827
51.0,73,64.399147,7.494576
51.5,73,63.915193,8.203401
52.0,73,63.443645,8.941528
52.5,73,62.9836,9.708183
53.0,73,62.534228,10.502593
53.5,73,62.094769,11.323985
54.0,73,61.664522,12.171583
54.5,73,61.242846,13.044615
55.0,73,60.82915,13.942307
55.5,73,60.42289,14.863885
56.0,73,60.023564,15.808576
56.5,73,59.630706,16.775605
57.0,73,59.243887,17.764199
57.5,73,58.862707,18.773585
58.0,73,58.486793,19.802988
58.5,73,58.115799,20.851635
59.0,73,57.749401,21.918753
59.5,73,57.387294,23.003566
60.0,73,57.029193,24.105303
60.5,73,56.674828,25.223189
61.0,73,56.323947,26.35645
61.5,73,55.976309,27.504312
62.0,73,55.631686,28.666003
62.5,73,55.289863,29.840748
63.0,73,54.950633,31.027773
63.5,73,54.613798,32.226305
64.0,73,54.279172,33.435571
64.5,73,53.946572,34.654795
65.0,73,53.615824,35.883206
65.5,73,53.28676,37.120028
66.0,73,52.959218,38.364489
66.5,73,52.63304,39.615814
67.0,73,52.308072,40.87323
67.5,73,51.984164,42.135963
68.0,73,51.661171,43.40324
68.5,73,51.338949,44.674286
69.0,73,51.017356,45.948328
69.5,73,50.696254,47.224593
70.0,73,50.375504,48.502306
70.5,73,50.054972,49.780694
71.0,73,49.734521,51.058983
71.5,73,49.414016,52.3364
72.0,73,49.093322,53.61217
72.5,73,48.772304,54.885521
73.0,73,48.450826,56.155678
73.5,73,48.12875,57.421867
74.0,73,47.805939,58.683315
74.5,73,47.482251,59.939249
75.0,73,47.157543,61.188894
75.5,73,46.831672,62.431477
76.0,73,46.504488,63.666224
76.5,73,46.175839,64.892361
77.0,73,45.845571,66.109115
77.5,73,45.513522,67.315712
78.0,73,45.179528,68.511378
78.5,73,44.843419,69.695339
79.0,73,44.505017,70.866823
79.5,73,44.164141,72.025054
80.0,73,43.820599,73.16926
80.5,73,43.474194,74.298667
81.0,73,43.124719,75.4125
81.5,73,42.771959,76.509987
82.0,73,42.415689,77.590354
82.5,73,42.055671,78.652826
83.0,73,41.69166,79.69663
83.5,73,41.323394,80.720993
84.0,73,40.9506,81.72514
84.5,73,40.572993,82.708299
85.0,73,40.190271,83.669695
85.5,73,39.802118,84.608554
86.0,73,39.408203,85.524104
86.5,73,39.008178,86.415569
87.0,73,38.601684,87.282177
87.5,73,38.188344,88.123154
88.0,73,37.76777,88.937726
88.5,73,37.339568,89.725119
89.0,73,36.903339,90.484559
89.5,73,36.458688,91.215274
90.0,73,36.005238,91.916489
90.5,73,35.542645,92.58743
91.0,73,35.070624,93.227324
91.5,73,34.588984,93.835397
92.0,73,34.097678,94.410876
92.5,73,33.596878,94.952986
93.0,73,33.087073,95.460954
93.5,73,32.569213,95.934007
94.0,73,32.044908,96.37137
94.5,73,31.5167,96.772269
95.0,73,30.988423,97.135932
95.5,73,30.46567,97.461584
96.0,73,29.956348,97.748452
96.5,73,29.471255,97.995762
97.0,73,29.024531,98.20274
97.5,73,28.633656,98.368613
98.0,73,28.318577,98.492607
98.5,73,28.09956,98.573948
99.0,73,27.993776,98.611862
99.5,73,28.011486,98.605576
100.0,73,28.153387,98.554316
100.5,73,28.410474,98.457308
101.0,73,28.766487,98.313779
101.5,73,29.201677,98.122954
102.0,73,29.696284,97.884061
102.5,73,30.232818,97.596325
103.0,73,30.797041,97.258974
103.5,73,31.378033,96.871232
104.0,73,31.967788,96.432326
30.0,74,64.119842,7.897731
30.5,74,64.847786,6.880124
31.0,74,65.613776,5.921734
31.5,74,66.427447,5.021788
32.0,74,67.302242,4.179511
32.5,74,68.257854,3.39413
33.0,74,69.325032,2.664871
33.5,74,70.556194,1.990961
34.0,74,72.053078,1.371625
34.5,74,74.061462,0.806091
35.0,74,77.548633,0.293583
35.5,74,80.902323,0.1
36.0,74,80.902323,0.1
36.5,74,80.902323,0.1
37.0,74,80.902323,0.1
37.5,74,80.902323,0.1
38.0,74,80.902323,0.1
38.5,74,80.902323,0.1
39.0,74,80.902323,0.1
39.5,74,80.902323,0.1
40.0,74,80.902323,0.1
40.5,74,80.902323,0.1
41.0,74,80.902323,0.1
41.5,74,80.902323,0.1
42.0,74,80.902323,0.1
42.5,74,80.902323,0.1
43.0,74,80.902323,0.1
43.5,74,80.902323,0.1
44.0,74,80.902323,0.1
44.5,74,80.902323,0.1
45.0,74,80.902323,0.1
45.5,74,76.437184,0.410004
46.0,74,73.788446,0.86835
46.5,74,72.080822,1.361927
47.0,74,70.770249,1.889963
47.5,74,69.682988,2.451683
48.0,74,68.7403,3.046314
48.5,74,67.899518,3.673083
49.0,74,67.134799,4.331215
49.5,74,66.429237,5.019936
50.0,74,65.771132,5.738474
50.5,74,65.152027,6.486054
51.0,74,64.565594,7.261903
51.5,74,64.006963,8.065246
52.0,74,63.472298,8.895311
52.5,74,62.958521,9.751323
53.0,74,62.463112,10.632509
53.5,74,61.983985,11.538095
54.0,74,61.51939,12.467308
54.5,74,61.067837,13.419373
55.0,74,60.628051,14.393517
55.5,74,60.198928,15.388966
56.0,74,59.779502,16.404947
56.5,74,59.368928,17.440685
57.0,74,58.966454,18.495408
57.5,74,58.571412,19.568341
58.0,74,58.183205,20.658711
58.5,74,57.801291,21.765744
59.0,74,57.425184,22.888666
59.5,74,57.054438,24.026704
60.0,74,56.688649,25.179083
60.5,74,56.327443,26.345031
61.0,74,55.970478,27.523773
61.5,74,55.617436,28.714536
62.0,74,55.268023,29.916545
62.5,74,54.921963,31.129028
63.0,74,54.579001,32.351211
63.5,74,54.238895,33.58232
64.0,74,53.901419,34.82158
64.5,74,53.566359,36.06822
65.0,74,53.233512,37.321464
65.5,74,52.902686,38.580539
66.0,74,52.573697,39.844671
66.5,74,52.246369,41.113087
67.0,74,51.920536,42.385013
67.5,74,51.596034,43.659675
68.0,74,51.272709,44.9363
68.5,74,50.95041,46.214113
69.0,74,50.628991,47.492341
69.5,74,50.308311,48.770211
70.0,74,49.988232,50.046949
70.5,74,49.668618,51.32178
71.0,74,49.349339,52.593932
71.5,74,49.030265,53.86263
72.0,74,48.711268,55.127101
72.5,74,48.392224,56.386571
73.0,74,48.073009,57.640267
73.5,74,47.753502,58.887414
74.0,74,47.433581,60.127239
74.5,74,47.113126,61.358969
75.0,74,46.792019,62.581829
75.5,74,46.470142,63.795046
76.0,74,46.147377,64.997846
76.5,74,45.823608,66.189455
77.0,74,45.498718,67.3691
77.5,74,45.172593,68.536008
78.0,74,44.845118,69.689403
78.5,74,44.516181,70.828513
79.0,74,44.185671,71.952564
79.5,74,43.853477,73.060783
80.0,74,43.519492,74.152394
80.5,74,43.183614,75.226626
81.0,74,42.845741,76.282703
81.5,74,42.505781,77.319853
82.0,74,42.163644,78.337301
82.5,74,41.819252,79.334275
83.0,74,41.472537,80.309999
83.5,74,41.123443,81.263701
84.0,74,40.771931,82.194607
84.5,74,40.417984,83.101943
85.0,74,40.061611,83.984936
85.5,74,39.70285,84.842811
86.0,74,39.34178,85.674794
86.5,74,38.978529,86.480114
87.0,74,38.613283,87.257994
87.5,74,38.246301,88.007663
88.0,74,37.877928,88.728346
88.5,74,37.508621,89.419269
89.0,74,37.138962,90.079658
89.5,74,36.769693,90.708741
90.0,74,36.401745,91.305743
90.5,74,36.036269,91.869891
91.0,74,35.674686,92.40041
91.5,74,35.318719,92.896528
92.0,74,34.970448,93.35747
92.5,74,34.632345,93.782463
93.0,74,34.307313,94.170732
93.5,74,33.998706,94.521506
94.0,74,33.710322,94.834008
94.5,74,33.446359,95.107467
95.0,74,33.211324,95.341108
95.5,74,33.009877,95.534157
96.0,74,32.846615,95.685841
96.5,74,32.725801,95.795386
97.0,74,32.651063,95.862018
97.5,74,32.6251,95.884964
98.0,74,32.649446,95.86345
98.5,74,32.724334,95.796703
99.0,74,32.848681,95.683947
99.5,74,33.020213,95.524411
100.0,74,33.23568,95.317319
100.5,74,33.491148,95.061899
101.0,74,33.782293,94.757377
101.5,74,34.104684,94.402978
102.0,74,34.454001,93.99793
102.5,74,34.826202,93.541459
103.0,74,35.217624,93.03279
103.5,74,35.625036,92.47115
104.0,74,36.045649,91.855766
30.0,75,69.696012,2.444205
30.5,75,71.383957,1.624232
31.0,75,73.820212,0.860895
31.5,75,79.607993,0.153421
32.0,75,80.902323,0.1
32.5,75,80.902323,0.1
33.0,75,80.902323,0.1
33.5,75,80.902323,0.1
34.0,75,80.902323,0.1
34.5,75,80.902323,0.1
35.0,75,80.902323,0.1
35.5,75,80.902323,0.1
36.0,75,80.902323,0.1
36.5,75,80.902323,0.1
37.0,75,80.902323,0.1
37.5,75,80.902323,0.1
38.0,75,80.902323,0.1
38.5,75,80.902323,0.1
39.0,75,80.902323,0.1
39.5,75,80.902323,0.1
40.0,75,80.902323,0.1
40.5,75,80.902323,0.1
41.0,75,80.902323,0.1
41.5,75,80.902323,0.1
42.0,75,80.902323,0.1
42.5,75,80.902323,0.1
43.0,75,80.902323,0.1
43.5,75,80.902323,0.1
44.0,75,80.902323,0.1
44.5,75,80.902323,0.1
45.0,75,80.902323,0.1
45.5,75,80.902323,0.1
46.0,75,76.053001,0.458969
46.5,75,73.01705,1.067591
47.0,75,71.181567,1.70809
47.5,75,69.80977,2.379693
48.0,75,68.689303,3.081625
48.5,75,67.727974,3.813114
49.0,75,66.877058,4.573386
49.5,75,66.107541,5.361666
50.0,75,65.400686,6.177181
50.5,75,64.743657,7.019158
51.0,75,64.127255,7.886823
51.5,75,63.544652,8.779401
52.0,75,62.990627,9.69612
52.5,75,62.461098,10.636205
53.0,75,61.9528,11.598883
53.5,75,61.463083,12.583381
54.0,75,60.989761,13.588923
54.5,75,60.531009,14.614738
55.0,75,60.085281,15.660051
55.5,75,59.651259,16.724087
56.0,75,59.227807,17.806075
56.5,75,58.813937,18.905239
57.0,75,58.408783,20.020807
57.5,75,58.011582,21.152004
58.0,75,57.621657,22.298056
58.5,75,57.238402,23.458191
59.0,75,56.861275,24.631634
59.5,75,56.489786,25.817612
60.0,75,56.123488,27.015351
60.5,75,55.761977,28.224076
61.0,75,55.404883,29.443016
61.5,75,55.051864,30.671395
62.0,75,54.702607,31.90844
62.5,75,54.356819,33.153378
63.0,75,54.01423,34.405434
63.5,75,53.674589,35.663835
64.0,75,53.33766,36.927808
64.5,75,53.00322,38.196578
65.0,75,52.671061,39.469372
65.5,75,52.340987,40.745416
66.0,75,52.012812,42.023936
66.5,75,51.686357,43.304159
67.0,75,51.361455,44.585311
67.5,75,51.037946,45.866619
68.0,75,50.715674,47.147308
68.5,75,50.394494,48.426605
69.0,75,50.074263,49.703736
69.5,75,49.754846,50.977927
70.0,75,49.43611,52.248405
70.5,75,49.117929,53.514396
71.0,75,48.800181,54.775127
71.5,75,48.482746,56.029823
72.0,75,48.165511,57.277711
72.5,75,47.848363,58.518017
73.0,75,47.531194,59.749967
73.5,75,47.213901,60.972789
74.0,75,46.896382,62.185707
74.5,75,46.57854,63.387949
75.0,75,46.260281,64.57874
75.5,75,45.941514,65.757308
76.0,75,45.622154,66.922877
76.5,75,45.30212,68.074675
77.0,75,44.981335,69.211928
77.5,75,44.659729,70.333862
78.0,75,44.337236,71.439703
78.5,75,44.013802,72.528678
79.0,75,43.689376,73.600013
79.5,75,43.363921,74.652935
80.0,75,43.03741,75.686668
80.5,75,42.709829,76.700441
81.0,75,42.38118,77.693479
81.5,75,42.051484,78.665008
82.0,75,41.720784,79.614255
82.5,75,41.389147,80.540445
83.0,75,41.056672,81.442807
83.5,75,40.723492,82.320564
84.0,75,40.38978,83.172945
84.5,75,40.05576,83.999174
85.0,75,39.721713,84.79848
85.5,75,39.387984,85.570086
86.0,75,39.054996,86.313221
86.5,75,38.723264,87.02711
87.0,75,38.393405,87.71098
87.5,75,38.066156,88.364057
88.0,75,37.742391,88.985567
88.5,75,37.423138,89.574736
89.0,75,37.1096,90.130791
89.5,75,36.803168,90.652959
90.0,75,36.505445,91.140464
90.5,75,36.218252,91.592534
91.0,75,35.943635,92.008396
91.5,75,35.683867,92.387274
92.0,75,35.441427,92.728396
92.5,75,35.218972,93.030987
93.0,75,35.019278,93.294275
93.5,75,34.845176,93.517485
94.0,75,34.69945,93.699844
94.5,75,34.584725,93.840578
95.0,75,34.503342,93.938913
95.5,75,34.457236,93.994075
96.0,75,34.44782,94.005292
96.5,75,34.475903,93.971788
97.0,75,34.54164,93.892791
97.5,75,34.644528,93.767527
98.0,75,34.783451,93.595222
98.5,75,34.95676,93.375102
99.0,75,35.162383,93.106393
99.5,75,35.397943,92.788322
100.0,75,35.660891,92.420116
100.5,75,35.948612,92.001
101.0,75,36.258528,91.530201
101.5,75,36.588172,91.006944
102.0,75,36.935243,90.430458
102.5,75,37.297643,89.799966
103.0,75,37.673492,89.114697
103.5,75,38.061138,88.373876
104.0,75,38.459152,87.576729
30.0,76,80.902323,0.1
30.5,76,80.902323,0.1
31.0,76,80.902323,0.1
31.5,76,80.902323,0.1
32.0,76,80.902323,0.1
32.5,76,80.902323,0.1
33.0,76,80.902323,0.1
33.5,76,80.902323,0.1
34.0,76,80.902323,0.1
34.5,76,80.902323,0.1
35.0,76,80.902323,0.1
35.5,76,80.902323,0.1
36.0,76,80.902323,0.1
36.5,76,80.902323,0.1
37.0,76,80.902323,0.1
37.5,76,80.902323,0.1
38.0,76,80.902323,0.1
38.5,76,80.902323,0.1
39.0,76,80.902323,0.1
39.5,76,80.902323,0.1
40.0,76,80.902323,0.1
40.5,76,80.902323,0.1
41.0,76,80.902323,0.1
41.5,76,80.902323,0.1
42.0,76,80.902323,0.1
42.5,76,80.902323,0.1
43.0,76,80.902323,0.1
43.5,76,80.902323,0.1
44.0,76,80.902323,0.1
44.5,76,80.902323,0.1
45.0,76,80.902323,0.1
45.5,76,79.053638,0.183413
46.0,76,73.77414,0.871725
46.5,76,71.468886,1.590108
47.0,76,69.885063,2.337786
47.5,76,68.642988,3.113988
48.0,76,67.602893,3.917938
48.5,76,66.697073,4.748864
49.0,76,65.887368,5.605991
49.5,76,65.150058,6.488547
50.0,76,64.46935,7.395756
50.5,76,63.834174,8.326846
51.0,76,63.236454,9.281043
51.5,76,62.670107,10.257572
52.0,76,62.130434,11.255662
52.5,76,61.613718,12.274536
53.0,76,61.11697,13.313423
53.5,76,60.637743,14.371548
54.0,76,60.174009,15.448137
54.5,76,59.724065,16.542418
55.0,76,59.286465,17.653615
55.5,76,58.859971,18.780956
56.0,76,58.44351,19.923666
56.5,76,58.036149,21.080972
57.0,76,57.637068,22.252101
57.5,76,57.245542,23.436278
58.0,76,56.860928,24.63273
58.5,76,56.482649,25.840683
59.0,76,56.110186,27.059363
59.5,76,55.743072,28.287998
60.0,76,55.380881,29.525812
60.5,76,55.023226,30.772032
61.0,76,54.669751,32.025885
61.5,76,54.32013,33.286597
62.0,76,53.974063,34.553394
62.5,76,53.631269,35.825503
63.0,76,53.291491,37.102149
63.5,76,52.954486,38.382559
64.0,76,52.620029,39.66596
64.5,76,52.287908,40.951577
65.0,76,51.957923,42.238637
65.5,76,51.629887,43.526366
66.0,76,51.303623,44.813991
66.5,76,50.978962,46.100738
67.0,76,50.655744,47.385832
67.5,76,50.333819,48.668501
68.0,76,50.013042,49.947971
68.5,76,49.693274,51.223467
69.0,76,49.374385,52.494217
69.5,76,49.056247,53.759446
70.0,76,48.738742,55.018382
70.5,76,48.421754,56.270249
71.0,76,48.105173,57.514274
71.5,76,47.788894,58.749685
72.0,76,47.472817,59.975706
72.5,76,47.156846,61.191564
73.0,76,46.840893,62.396486
73.5,76,46.524871,63.589698
74.0,76,46.208702,64.770426
74.5,76,45.892312,65.937896
75.0,76,45.575634,67.091335
75.5,76,45.258607,68.22997
76.0,76,44.94118,69.353025
76.5,76,44.623308,70.459728
77.0,76,44.304956,71.549305
77.5,76,43.986102,72.620982
78.0,76,43.666733,73.673985
78.5,76,43.346852,74.707541
79.0,76,43.026479,75.720877
79.5,76,42.705651,76.713217
80.0,76,42.384426,77.683789
80.5,76,42.062889,78.631819
81.0,76,41.74115,79.556534
81.5,76,41.419355,80.457158
82.0,76,41.097685,81.33292
82.5,76,40.776367,82.183044
83.0,76,40.455676,83.006758
83.5,76,40.135947,83.803288
84.0,76,39.817577,84.571859
84.5,76,39.501042,85.311699
85.0,76,39.186902,86.022033
85.5,76,38.875814,86.702088
86.0,76,38.568545,87.351091
86.5,76,38.265981,87.968266
87.0,76,37.969143,88.552841
87.5,76,37.679199,89.104043
88.0,76,37.397469,89.621096
88.5,76,37.125441,90.103228
89.0,76,36.864768,90.549665
89.5,76,36.617266,90.959633
90.0,76,36.384908,91.332358
90.5,76,36.169797,91.667067
91.0,76,35.974138,91.962986
91.5,76,35.800188,92.219342
92.0,76,35.6502,92.43536
92.5,76,35.526348,92.610267
93.0,76,35.430646,92.743289
93.5,76,35.364866,92.833652
94.0,76,35.330451,92.880584
94.5,76,35.328447,92.883309
95.0,76,35.35945,92.841054
95.5,76,35.423574,92.753047
96.0,76,35.520455,92.618512
96.5,76,35.649276,92.436676
97.0,76,35.808822,92.206766
97.5,76,35.997546,91.928007
98.0,76,36.213655,91.599627
98.5,76,36.45519,91.220851
99.0,76,36.720114,90.790906
99.5,76,37.006378,90.309017
100.0,76,37.311982,89.774412
100.5,76,37.635024,89.186317
101.0,76,37.973734,88.543957
101.5,76,38.326494,87.846559
102.0,76,38.691851,87.09335
102.5,76,39.068522,86.283555
103.0,76,39.455391,85.416401
103.5,76,39.851508,84.491115
104.0,76,40.256072,83.506922
30.0,77,80.902323,0.1
30.5,77,80.902323,0.1
31.0,77,80.902323,0.1
31.5,77,80.902323,0.1
32.0,77,80.902323,0.1
32.5,77,80.902323,0.1
33.0,77,80.902323,0.1
33.5,77,80.902323,0.1
34.0,77,80.902323,0.1
34.5,77,80.902323,0.1
35.0,77,80.902323,0.1
35.5,77,80.902323,0.1
36.0,77,80.902323,0.1
36.5,77,80.902323,0.1
37.0,77,80.902323,0.1
37.5,77,80.902323,0.1
38.0,77,80.902323,0.1
38.5,77,80.902323,0.1
39.0,77,80.902323,0.1
39.5,77,80.902323,0.1
40.0,77,80.902323,0.1
40.5,77,80.902323,0.1
41.0,77,80.902323,0.1
41.5,77,80.902323,0.1
42.0,77,80.902323,0.1
42.5,77,80.902323,0.1
43.0,77,80.902323,0.1
43.5,77,80.902323,0.1
44.0,77,80.902323,0.1
44.5,77,80.902323,0.1
45.0,77,76.076369,0.455848
45.5,77,72.4984,1.222955
46.0,77,70.499788,2.018325
46.5,77,69.046646,2.841184
47.0,77,67.877573,3.690759
47.5,77,66.884467,4.566275
48.0,77,66.011703,5.46696
48.5,77,65.22672,6.392039
49.0,77,64.508747,7.340738
49.5,77,63.843683,8.312285
50.0,77,63.221503,9.305905
50.5,77,62.634807,10.320824
51.0,77,62.077969,11.356269
51.5,77,61.546609,12.411467
52.0,77,61.037241,13.485643
52.5,77,60.547046,14.578023
53.0,77,60.073706,15.687835
53.5,77,59.615294,16.814303
54.0,77,59.170182,17.956656
54.5,77,58.736987,19.114118
55.0,77,58.31452,20.285916
55.5,77,57.901751,21.471277
56.0,77,57.497778,22.669427
56.5,77,57.101811,23.879591
57.0,77,56.713149,25.100997
57.5,77,56.331167,26.332871
58.0,77,55.955307,27.574438
58.5,77,55.585066,28.824926
59.0,77,55.219987,30.08356
59.5,77,54.859659,31.349567
60.0,77,54.503703,32.622173
60.5,77,54.151773,33.900605
61.0,77,53.803552,35.184088
61.5,77,53.458746,36.471849
62.0,77,53.117082,37.763114
62.5,77,52.778309,39.057109
63.0,77,52.44219,40.353062
63.5,77,52.108505,41.650198
64.0,77,51.777048,42.947743
64.5,77,51.447624,44.244923
65.0,77,51.120052,45.540966
65.5,77,50.794158,46.835097
66.0,77,50.469779,48.126542
66.5,77,50.146761,49.414529
67.0,77,49.824958,50.698282
67.5,77,49.504229,51.977029
68.0,77,49.184444,53.249996
68.5,77,48.865475,54.516408
69.0,77,48.547204,55.775493
69.5,77,48.229517,57.026477
70.0,77,47.912307,58.268585
70.5,77,47.59547,59.501044
71.0,77,47.278912,60.723081
71.5,77,46.962542,61.933922
72.0,77,46.646275,63.132793
72.5,77,46.330035,64.31892
73.0,77,46.013748,65.49153
73.5,77,45.697352,66.649848
74.0,77,45.38079,67.793102
74.5,77,45.064013,68.920517
75.0,77,44.746985,70.031321
75.5,77,44.429675,71.124738
76.0,77,44.112069,72.199995
76.5,77,43.794164,73.256319
77.0,77,43.475971,74.292937
77.5,77,43.157519,75.309073
78.0,77,42.838859,76.303955
78.5,77,42.520061,77.276808
79.0,77,42.201222,78.22686
79.5,77,41.882468,79.153336
80.0,77,41.56396,80.055463
80.5,77,41.245896,80.932467
81.0,77,40.92852,81.783574
81.5,77,40.612124,82.608011
82.0,77,40.297059,83.405003
82.5,77,39.983744,84.173778
83.0,77,39.672668,84.913561
83.5,77,39.364408,85.623579
84.0,77,39.059632,86.303058
84.5,77,38.759116,86.951224
85.0,77,38.46375,87.567304
85.5,77,38.17455,88.150523
86.0,77,37.892672,88.700109
86.5,77,37.619412,89.215287
87.0,77,37.356218,89.695284
87.5,77,37.104688,90.139326
88.0,77,36.866565,90.546639
88.5,77,36.643723,90.91645
89.0,77,36.438149,91.247985
89.5,77,36.251908,91.54047
90.0,77,36.087095,91.793132
90.5,77,35.945788,92.005196
91.0,77,35.829975,92.17589
91.5,77,35.741486,92.304439
92.0,77,35.681915,92.390069
92.5,77,35.652553,92.432007
93.0,77,35.654326,92.42948
93.5,77,35.68775,92.381713
94.0,77,35.75291,92.287933
94.5,77,35.84946,92.147366
95.0,77,35.97665,91.959239
95.5,77,36.133367,91.722777
96.0,77,36.318204,91.437207
96.5,77,36.529524,91.101755
97.0,77,36.765538,90.715648
97.5,77,37.024376,90.278112
98.0,77,37.304151,89.788373
98.5,77,37.603013,89.245658
99.0,77,37.919191,88.649192
99.5,77,38.251031,87.998202
100.0,77,38.597009,87.291914
100.5,77,38.955752,86.529555
101.0,77,39.326038,85.710351
101.5,77,39.706802,84.833528
102.0,77,40.097128,83.898313
102.5,77,40.496243,82.903931
103.0,77,40.903513,81.84961
103.5,77,41.318432,80.734574
104.0,77,41.740615,79.558052
30.0,78,80.902323,0.1
30.5,78,80.902323,0.1
31.0,78,80.902323,0.1
31.5,78,80.902323,0.1
32.0,78,80.902323,0.1
32.5,78,80.902323,0.1
33.0,78,80.902323,0.1
33.5,78,80.902323,0.1
34.0,78,80.902323,0.1
34.5,78,80.902323,0.1
35.0,78,80.902323,0.1
35.5,78,80.902323,0.1
36.0,78,80.902323,0.1
36.5,78,80.902323,0.1
37.0,78,80.902323,0.1
37.5,78,80.902323,0.1
38.0,78,80.902323,0.1
38.5,78,80.902323,0.1
39.0,78,80.902323,0.1
39.5,78,80.902323,0.1
40.0,78,80.902323,0.1
40.5,78,80.902323,0.1
41.0,78,80.902323,0.1
41.5,78,80.902323,0.1
42.0,78,80.902323,0.1
42.5,78,80.902323,0.1
43.0,78,80.902323,0.1
43.5,78,80.902323,0.1
44.0,78,76.701514,0.379085
44.5,78,72.58135,1.196862
45.0,78,70.451774,2.041868
45.5,78,68.936867,2.91333
46.0,78,67.73116,3.810475
46.5,78,66.713603,4.732527
47.0,78,65.823299,5.678714
47.5,78,65.025108,6.648262
48.0,78,64.296833,7.640397
48.5,78,63.623518,8.654345
49.0,78,62.994584,9.689333
49.5,78,62.402262,10.744587
50.0,78,61.840667,11.819334
50.5,78,61.305228,12.912799
51.0,78,60.792323,14.024209
51.5,78,60.299024,15.15279
52.0,78,59.822933,16.297769
52.5,78,59.362054,17.458372
53.0,78,58.914711,18.633824
53.5,78,58.479478,19.823353
54.0,78,58.05513,21.026185
54.5,78,57.64061,22.241546
55.0,78,57.234992,23.468662
55.5,78,56.837466,24.706759
56.0,78,56.447314,25.955064
56.5,78,56.063896,27.212803
57.0,78,55.686642,28.479203
57.5,78,55.315037,29.753489
58.0,78,54.948617,31.034889
58.5,78,54.586959,32.322627
59.0,78,54.22968,33.615932
59.5,78,53.876426,34.914028
60.0,78,53.526874,36.216142
60.5,78,53.180724,37.5215
61.0,78,52.837701,38.82933
61.5,78,52.497546,40.138856
62.0,78,52.160021,41.449306
62.5,78,51.824901,42.759905
63.0,78,51.491977,44.06988
63.5,78,51.161052,45.378457
64.0,78,50.83194,46.684863
64.5,78,50.504466,47.988323
65.0,78,50.178465,49.288065
65.5,78,49.85378,50.583314
66.0,78,49.530262,51.873296
66.5,78,49.20777,53.157239
67.0,78,48.88617,54.434367
67.5,78,48.565336,55.703908
68.0,78,48.245146,56.965088
68.5,78,47.925486,58.217133
69.0,78,47.606247,59.45927
69.5,78,47.287328,60.690724
70.0,78,46.968631,61.910722
70.5,78,46.650068,63.11849
71.0,78,46.331554,64.313255
71.5,78,46.013012,65.494242
72.0,78,45.694374,66.660679
72.5,78,45.375577,67.811791
73.0,78,45.056569,68.946805
73.5,78,44.737306,70.064946
74.0,78,44.417756,71.165442
74.5,78,44.097896,72.247519
75.0,78,43.77772,73.310402
75.5,78,43.457234,74.353319
76.0,78,43.136463,75.375495
76.5,78,42.815451,76.376156
77.0,78,42.494265,77.35453
77.5,78,42.172997,78.309842
78.0,78,41.85177,79.241319
78.5,78,41.530738,80.148186
79.0,78,41.210098,81.029671
79.5,78,40.890088,81.884999
80.0,78,40.571,82.713397
80.5,78,40.253183,83.514091
81.0,78,39.937053,84.286307
81.5,78,39.623103,85.029272
82.0,78,39.31191,85.742212
82.5,78,39.004149,86.424353
83.0,78,38.700601,87.074922
83.5,78,38.402169,87.693144
84.0,78,38.109883,88.278247
84.5,78,37.824917,88.829455
85.0,78,37.548594,89.345997
85.5,78,37.28239,89.827097
86.0,78,37.027941,90.271983
86.5,78,36.787031,90.67988
87.0,78,36.561587,91.050015
87.5,78,36.353647,91.381614
88.0,78,36.165337,91.673904
88.5,78,35.998814,91.92611
89.0,78,35.856215,92.137459
89.5,78,35.739588,92.307178
90.0,78,35.650809,92.434492
90.5,78,35.591513,92.518628
91.0,78,35.563014,92.558812
91.5,78,35.56624,92.55427
92.0,78,35.601697,92.50423
92.5,78,35.669435,92.407916
93.0,78,35.769059,92.264555
93.5,78,35.899757,92.073375
94.0,78,36.060344,91.8336
94.5,78,36.249336,91.544457
95.0,78,36.465019,91.205173
95.5,78,36.70553,90.814973
96.0,78,36.968932,90.373085
96.5,78,37.253279,89.878733
97.0,78,37.556671,89.331146
97.5,78,37.8773,88.729548
98.0,78,38.213477,88.073167
98.5,78,38.56366,87.361228
99.0,78,38.926459,86.592958
99.5,78,39.300645,85.767583
100.0,78,39.685149,84.884329
100.5,78,40.079057,83.942423
101.0,78,40.481601,82.941091
101.5,78,40.892153,81.87956
102.0,78,41.310215,80.757054
102.5,78,41.735413,79.572802
103.0,78,42.167485,78.326029
103.5,78,42.606274,77.015961
104.0,78,43.051726,75.641825
30.0,79,80.902323,0.1
30.5,79,80.902323,0.1
31.0,79,80.902323,0.1
31.5,79,80.902323,0.1
32.0,79,80.902323,0.1
32.5,79,80.902323,0.1
33.0,79,80.902323,0.1
33.5,79,80.902323,0.1
34.0,79,80.902323,0.1
34.5,79,80.902323,0.1
35.0,79,80.902323,0.1
35.5,79,80.902323,0.1
36.0,79,80.902323,0.1
36.5,79,80.902323,0.1
37.0,79,80.902323,0.1
37.5,79,80.902323,0.1
38.0,79,80.902323,0.1
38.5,79,80.902323,0.1
39.0,79,80.902323,0.1
39.5,79,80.902323,0.1
40.0,79,80.902323,0.1
40.5,79,80.902323,0.1
41.0,79,80.902323,0.1
41.5,79,80.902323,0.1
42.0,79,80.902323,0.1
42.5,79,80.902323,0.1
43.0,79,75.363559,0.560064
43.5,79,71.888311,1.430456
44.0,79,69.904546,2.327044
44.5,79,68.453882,3.249054
45.0,79,67.284127,4.195713
45.5,79,66.289438,5.166246
46.0,79,65.414898,6.159881
46.5,79,64.628192,7.175842
47.0,79,63.908624,8.213358
47.5,79,63.242107,9.271653
48.0,79,62.618602,10.349955
48.5,79,62.030686,11.447489
49.0,79,61.47271,12.563482
49.5,79,60.940268,13.697161
50.0,79,60.429855,14.84775
50.5,79,59.93863,16.014477
51.0,79,59.464259,17.196569
51.5,79,59.004797,18.39325
52.0,79,58.558605,19.603748
52.5,79,58.124285,20.827289
53.0,79,57.700639,22.063099
53.5,79,57.286626,23.310405
54.0,79,56.881336,24.568432
54.5,79,56.483971,25.836408
55.0,79,56.093822,27.113557
55.5,79,55.710258,28.399107
56.0,79,55.332715,29.692284
56.5,79,54.960682,30.992315
57.0,79,54.5937,32.298424
57.5,79,54.23135,33.60984
58.0,79,53.873248,34.925787
58.5,79,53.519045,36.245493
59.0,79,53.168418,37.568184
59.5,79,52.821067,38.893085
60.0,79,52.476716,40.219424
60.5,79,52.135109,41.546426
61.0,79,51.796003,42.873318
61.5,79,51.459175,44.199326
62.0,79,51.124413,45.523676
62.5,79,50.791518,46.845595
63.0,79,50.460302,48.164309
63.5,79,50.130588,49.479045
64.0,79,49.802207,50.789027
64.5,79,49.475,52.093484
65.0,79,49.148815,53.391641
65.5,79,48.823507,54.682724
66.0,79,48.498938,55.96596
66.5,79,48.174976,57.240574
67.0,79,47.851498,58.505795
67.5,79,47.528383,59.760846
68.0,79,47.205518,61.004956
68.5,79,46.882796,62.237349
69.0,79,46.560115,63.457254
69.5,79,46.23738,64.663894
70.0,79,45.914501,65.856498
70.5,79,45.591397,67.034292
71.0,79,45.267993,68.1965
71.5,79,44.944221,69.342351
72.0,79,44.620023,70.47107
72.5,79,44.29535,71.581883
73.0,79,43.970165,72.674017
73.5,79,43.644443,73.746698
74.0,79,43.318172,74.799153
74.5,79,42.991359,75.830607
75.0,79,42.664028,76.840287
75.5,79,42.336223,77.827419
76.0,79,42.008016,78.79123
76.5,79,41.679506,79.730946
77.0,79,41.350826,80.645792
77.5,79,41.022148,81.534996
78.0,79,40.693687,82.397784
78.5,79,40.365712,83.233382
79.0,79,40.03855,84.041016
79.5,79,39.712598,84.819912
80.0,79,39.388331,85.569297
80.5,79,39.066315,86.288398
81.0,79,38.747219,86.97644
81.5,79,38.431827,87.632649
82.0,79,38.121054,88.256253
82.5,79,37.81596,88.846476
83.0,79,37.517761,89.402547
83.5,79,37.227846,89.92369
84.0,79,36.947783,90.409132
84.5,79,36.679325,90.8581
85.0,79,36.424408,91.26982
85.5,79,36.185142,91.643517
86.0,79,35.963786,91.978419
86.5,79,35.762711,92.273752
87.0,79,35.584352,92.528741
87.5,79,35.431135,92.742614
88.0,79,35.305401,92.914596
88.5,79,35.209304,93.043914
89.0,79,35.144724,93.129794
89.5,79,35.113166,93.171462
90.0,79,35.115684,93.168145
90.5,79,35.152823,93.119068
91.0,79,35.224595,93.023459
91.5,79,35.33048,92.880544
92.0,79,35.46947,92.689548
92.5,79,35.640129,92.449699
93.0,79,35.840685,92.160222
93.5,79,36.069119,91.820343
94.0,79,36.323262,91.429289
94.5,79,36.600889,90.986287
95.0,79,36.899791,90.490562
95.5,79,37.217837,89.941341
96.0,79,37.553026,89.337851
96.5,79,37.903512,88.679316
97.0,79,38.267628,87.964965
97.5,79,38.643894,87.194022
98.0,79,39.031014,86.365714
98.5,79,39.427875,85.479269
99.0,79,39.833538,84.533911
99.5,79,40.247226,83.528867
100.0,79,40.66831,82.463363
100.5,79,41.096304,81.336627
101.0,79,41.530847,80.147883
101.5,79,41.971697,78.896359
102.0,79,42.418721,77.58128
102.5,79,42.871887,76.201874
103.0,79,43.331261,74.757365
103.5,79,43.797001,73.246981
104.0,79,44.269355,71.669948
30.0,80,80.902323,0.1
30.5,80,80.902323,0.1
31.0,80,80.902323,0.1
31.5,80,80.902323,0.1
32.0,80,80.902323,0.1
32.5,80,80.902323,0.1
33.0,80,80.902323,0.1
33.5,80,80.902323,0.1
34.0,80,80.902323,0.1
34.5,80,80.902323,0.1
35.0,80,80.902323,0.1
35.5,80,80.902323,0.1
36.0,80,80.902323,0.1
36.5,80,80.902323,0.1
37.0,80,80.902323,0.1
37.5,80,80.902323,0.1
38.0,80,80.902323,0.1
38.5,80,80.902323,0.1
39.0,80,80.902323,0.1
39.5,80,80.902323,0.1
40.0,80,80.902323,0.1
40.5,80,80.902323,0.1
41.0,80,80.902323,0.1
41.5,80,80.902323,0.1
42.0,80,73.585147,0.917412
42.5,80,70.874522,1.842364
43.0,80,69.122076,2.792479
43.5,80,67.783911,3.766982
44.0,80,66.680691,4.765101
44.5,80,65.729897,5.78606
45.0,80,64.886417,6.829087
45.5,80,64.122778,7.893409
46.0,80,63.420956,8.97825
46.5,80,62.768456,10.082838
47.0,80,62.156246,11.206398
47.5,80,61.577572,12.348157
48.0,80,61.027245,13.507342
48.5,80,60.501186,14.683179
49.0,80,59.996129,15.874893
49.5,80,59.509412,17.081711
50.0,80,59.038835,18.30286
50.5,80,58.582556,19.537566
51.0,80,58.13902,20.785055
51.5,80,57.706894,22.044553
52.0,80,57.28503,23.315286
52.5,80,56.87243,24.596482
53.0,80,56.468217,25.887366
53.5,80,56.071622,27.187164
54.0,80,55.681957,28.495104
54.5,80,55.298612,29.81041
55.0,80,54.921035,31.13231
55.5,80,54.54873,32.460029
56.0,80,54.181248,33.792794
56.5,80,53.818176,35.129832
57.0,80,53.45914,36.470368
57.5,80,53.103792,37.813629
58.0,80,52.751815,39.158841
58.5,80,52.402911,40.50523
59.0,80,52.056805,41.852023
59.5,80,51.713241,43.198446
60.0,80,51.371977,44.543726
60.5,80,51.032787,45.887088
61.0,80,50.695458,47.227759
61.5,80,50.359788,48.564965
62.0,80,50.025585,49.897932
62.5,80,49.692667,51.225887
63.0,80,49.360862,52.548057
63.5,80,49.030004,53.863666
64.0,80,48.699933,55.171942
64.5,80,48.3705,56.472111
65.0,80,48.041557,57.7634
65.5,80,47.712964,59.045033
66.0,80,47.384589,60.316239
66.5,80,47.056299,61.576243
67.0,80,46.727973,62.82427
67.5,80,46.39949,64.059549
68.0,80,46.070737,65.281304
68.5,80,45.741604,66.488763
69.0,80,45.411989,67.681151
69.5,80,45.081793,68.857695
70.0,80,44.750926,70.017622
70.5,80,44.419304,71.160156
71.0,80,44.086852,72.284525
71.5,80,43.753501,73.389955
72.0,80,43.419197,74.475673
72.5,80,43.083894,75.540904
73.0,80,42.747563,76.584874
73.5,80,42.410188,77.606811
74.0,80,42.071774,78.605941
74.5,80,41.732349,79.581489
75.0,80,41.391967,80.532682
75.5,80,41.050711,81.458746
76.0,80,40.708702,82.358908
76.5,80,40.366106,83.232394
77.0,80,40.023135,84.07843
77.5,80,39.680065,84.896242
78.0,80,39.337239,85.685057
78.5,80,38.995084,86.444101
79.0,80,38.65412,87.172601
79.5,80,38.314981,87.869782
80.0,80,37.978427,88.534871
80.5,80,37.645367,89.167094
81.0,80,37.316877,89.765677
81.5,80,36.994223,90.329848
82.0,80,36.67888,90.858831
82.5,80,36.372551,91.351854
83.0,80,36.077184,91.808143
83.5,80,35.794978,92.226923
84.0,80,35.52838,92.607422
84.5,80,35.280068,92.948865
85.0,80,35.052911,93.250479
85.5,80,34.849913,93.51149
86.0,80,34.674125,93.731124
86.5,80,34.528531,93.908608
87.0,80,34.415923,94.043169
87.5,80,34.338751,94.134031
88.0,80,34.298988,94.180422
88.5,80,34.298003,94.181568
89.0,80,34.336475,94.136694
89.5,80,34.414352,94.045029
90.0,80,34.530863,93.905797
90.5,80,34.68458,93.718225
91.0,80,34.873525,93.481539
91.5,80,35.095299,93.194966
92.0,80,35.34723,92.857732
92.5,80,35.626506,92.469063
93.0,80,35.930301,92.028185
93.5,80,36.25587,91.534325
94.0,80,36.60063,90.986709
94.5,80,36.962204,90.384564
95.0,80,37.338453,89.727115
95.5,80,37.727489,89.013589
96.0,80,38.127671,88.243212
96.5,80,38.537598,87.415211
97.0,80,38.956095,86.528811
97.5,80,39.382192,85.58324
98.0,80,39.815108,84.577723
98.5,80,40.254233,83.511486
99.0,80,40.699107,82.383757
99.5,80,41.14941,81.19376
100.0,80,41.604942,79.940723
100.5,80,42.065618,78.623872
101.0,80,42.531454,77.242434
101.5,80,43.002562,75.795633
102.0,80,43.479146,74.282697
102.5,80,43.961494,72.702852
103.0,80,44.449983,71.055325
103.5,80,44.945078,69.339341
104.0,80,45.447334,67.554127
30.0,81,80.902323,0.1
30.5,81,80.902323,0.1
31.0,81,80.902323,0.1
31.5,81,80.902323,0.1
32.0,81,80.902323,0.1
32.5,81,80.902323,0.1
33.0,81,80.902323,0.1
33.5,81,80.902323,0.1
34.0,81,80.902323,0.1
34.5,81,80.902323,0.1
35.0,81,80.902323,0.1
35.5,81,80.902323,0.1
36.0,81,80.902323,0.1
36.5,81,80.902323,0.1
37.0,81,80.902323,0.1
37.5,81,80.902323,0.1
38.0,81,80.902323,0.1
38.5,81,80.902323,0.1
39.0,81,80.902323,0.1
39.5,81,80.902323,0.1
40.0,81,80.902323,0.1
40.5,81,76.410888,0.4132
41.0,81,72.058414,1.369755
41.5,81,69.860816,2.351213
42.0,81,68.307625,3.3568
42.5,81,67.075771,4.385742
43.0,81,66.038582,5.437265
43.5,81,65.132667,6.510596
44.0,81,64.321558,7.604961
44.5,81,63.582268,8.719587
45.0,81,62.899328,9.853699
45.5,81,62.261812,11.006524
46.0,81,61.661699,12.177289
46.5,81,61.092917,13.365219
47.0,81,60.550755,14.56954
47.5,81,60.031477,15.78948
48.0,81,59.532068,17.024264
48.5,81,59.050057,18.273119
49.0,81,58.583388,19.535271
49.5,81,58.130334,20.809946
50.0,81,57.689426,22.09637
50.5,81,57.259402,23.393771
51.0,81,56.839172,24.701373
51.5,81,56.427781,26.018404
52.0,81,56.024392,27.34409
52.5,81,55.628264,28.677657
53.0,81,55.238734,30.018331
53.5,81,54.855211,31.365338
54.0,81,54.477161,32.717906
54.5,81,54.1041,34.075259
55.0,81,53.735589,35.436625
55.5,81,53.371224,36.80123
56.0,81,53.010636,38.1683
56.5,81,52.653482,39.537061
57.0,81,52.299446,40.90674
57.5,81,51.948233,42.276563
58.0,81,51.599568,43.645755
58.5,81,51.253191,45.013545
59.0,81,50.90886,46.379157
59.5,81,50.566345,47.741818
60.0,81,50.225426,49.100755
60.5,81,49.885898,50.455193
61.0,81,49.54756,51.804359
61.5,81,49.210224,53.147479
62.0,81,48.873706,54.48378
62.5,81,48.537832,55.812488
63.0,81,48.202431,57.132829
63.5,81,47.867339,58.444029
64.0,81,47.532397,59.745315
64.5,81,47.197448,61.035913
65.0,81,46.862343,62.315049
65.5,81,46.526934,63.581949
66.0,81,46.191077,64.835841
66.5,81,45.854632,66.075949
67.0,81,45.517461,67.301501
67.5,81,45.179431,68.511723
68.0,81,44.840412,69.705841
68.5,81,44.500277,70.883081
69.0,81,44.158904,72.04267
69.5,81,43.816177,73.183833
70.0,81,43.471982,74.305798
70.5,81,43.126214,75.40779
71.0,81,42.778777,76.489036
71.5,81,42.429581,77.548762
72.0,81,42.07855,78.586194
72.5,81,41.72562,79.600559
73.0,81,41.370744,80.591083
73.5,81,41.013895,81.556992
74.0,81,40.655072,82.497512
74.5,81,40.294303,83.41187
75.0,81,39.931652,84.299293
75.5,81,39.567227,85.159005
76.0,81,39.201193,85.990235
76.5,81,38.833777,86.792207
77.0,81,38.465288,87.564148
77.5,81,38.096129,88.305285
78.0,81,37.726821,89.014844
78.5,81,37.35802,89.692051
79.0,81,36.990552,90.336132
79.5,81,36.625436,90.946314
80.0,81,36.263924,91.521823
80.5,81,35.907535,92.061886
81.0,81,35.558097,92.565727
81.5,81,35.217785,93.032575
82.0,81,34.889154,93.461655
82.5,81,34.575165,93.852193
83.0,81,34.279186,94.203416
83.5,81,34.004975,94.51455
84.0,81,33.756615,94.784821
84.5,81,33.538403,95.013456
85.0,81,33.354691,95.199681
85.5,81,33.209668,95.342722
86.0,81,33.107102,95.441805
86.5,81,33.050076,95.496157
87.0,81,33.040741,95.505004
87.5,81,33.080135,95.467572
88.0,81,33.168096,95.383089
88.5,81,33.303288,95.250779
89.0,81,33.483338,95.069869
89.5,81,33.705051,94.839585
90.0,81,33.964664,94.559155
90.5,81,34.258117,94.227803
91.0,81,34.581286,93.844757
91.5,81,34.930175,93.409243
92.0,81,35.301053,92.920486
92.5,81,35.690541,92.377714
93.0,81,36.095654,91.780152
93.5,81,36.513812,91.127027
94.0,81,36.942826,90.417566
94.5,81,37.380871,89.650993
95.0,81,37.826453,88.826536
95.5,81,38.278369,87.943422
96.0,81,38.735675,87.000875
96.5,81,39.19765,85.998123
97.0,81,39.663764,84.934392
97.5,81,40.133655,83.808908
98.0,81,40.607103,82.620898
98.5,81,41.084017,81.369587
99.0,81,41.564411,80.054202
99.5,81,42.048403,78.67397
100.0,81,42.536196,77.228116
100.5,81,43.02808,75.715867
101.0,81,43.524422,74.136449
101.5,81,44.025669,72.489089
102.0,81,44.532344,70.773012
102.5,81,45.045055,68.987445
103.0,81,45.564496,67.131615
103.5,81,46.091459,65.204748
104.0,81,46.626839,63.206069
30.0,82,80.902323,0.1
30.5,82,80.902323,0.1
31.0,82,80.902323,0.1
31.5,82,80.902323,0.1
32.0,82,80.902323,0.1
32.5,82,80.902323,0.1
33.0,82,80.902323,0.1
33.5,82,80.902323,0.1
34.0,82,80.902323,0.1
34.5,82,80.902323,0.1
35.0,82,80.902323,0.1
35.5,82,80.902323,0.1
36.0,82,80.902323,0.1
36.5,82,80.902323,0.1
37.0,82,80.902323,0.1
37.5,82,80.902323,0.1
38.0,82,80.902323,0.1
38.5,82,80.902323,0.1
39.0,82,80.902323,0.1
39.5,82,74.000315,0.819683
40.0,82,70.889253,1.835722
40.5,82,68.993946,2.875631
41.0,82,67.57852,3.938635
41.5,82,66.425349,5.02396
42.0,82,65.43883,6.130834
42.5,82,64.568071,7.258482
43.0,82,63.782614,8.40613
43.5,82,63.062719,9.573005
44.0,82,62.39483,10.758333
44.5,82,61.769215,11.961341
45.0,82,61.17864,13.181255
45.5,82,60.61757,14.4173
46.0,82,60.081675,15.668704
46.5,82,59.567492,16.934692
47.0,82,59.072212,18.214491
47.5,82,58.593516,19.507328
48.0,82,58.129468,20.812428
48.5,82,57.678432,22.129017
49.0,82,57.239011,23.456323
49.5,82,56.810001,24.793571
50.0,82,56.390356,26.139987
50.5,82,55.97916,27.494799
51.0,82,55.575604,28.857232
51.5,82,55.178969,30.226512
52.0,82,54.788613,31.601866
52.5,82,54.403959,32.98252
53.0,82,54.024485,34.3677
53.5,82,53.649715,35.756633
54.0,82,53.279216,37.148545
54.5,82,52.91259,38.542663
55.0,82,52.549468,39.938211
55.5,82,52.189508,41.334418
56.0,82,51.832394,42.730509
56.5,82,51.477828,44.12571
57.0,82,51.12553,45.519247
57.5,82,50.775237,46.910348
58.0,82,50.426698,48.298238
58.5,82,50.079676,49.682144
59.0,82,49.733942,51.061291
59.5,82,49.38928,52.434907
60.0,82,49.045478,53.802217
60.5,82,48.702334,55.162447
61.0,82,48.359649,56.514825
61.5,82,48.017232,57.858576
62.0,82,47.674894,59.192927
62.5,82,47.332452,60.517103
63.0,82,46.989723,61.830332
63.5,82,46.646528,63.131839
64.0,82,46.302691,64.420851
64.5,82,45.958034,65.696594
65.0,82,45.612382,66.958294
65.5,82,45.26556,68.205178
66.0,82,44.917394,69.436472
66.5,82,44.567707,70.651402
67.0,82,44.216326,71.849194
67.5,82,43.863074,73.029075
68.0,82,43.507775,74.190272
68.5,82,43.150252,75.33201
69.0,82,42.790328,76.453515
69.5,82,42.427827,77.554014
70.0,82,42.062574,78.632734
70.5,82,41.694396,79.6889
71.0,82,41.323121,80.721739
71.5,82,40.948586,81.730477
72.0,82,40.570631,82.71434
72.5,82,40.189111,83.672555
73.0,82,39.803891,84.604348
73.5,82,39.414858,85.508946
74.0,82,39.021924,86.385574
74.5,82,38.625036,87.233458
75.0,82,38.224185,88.051826
75.5,82,37.81942,88.839904
76.0,82,37.410867,89.596917
76.5,82,36.998751,90.322092
77.0,82,36.58342,91.014655
77.5,82,36.165383,91.673833
78.0,82,35.745354,92.298852
78.5,82,35.324306,92.888938
79.0,82,34.903535,93.443318
79.5,82,34.484739,93.961217
80.0,82,34.070114,94.441862
80.5,82,33.662455,94.88448
81.0,82,33.265263,95.288296
81.5,82,32.882853,95.652537
82.0,82,32.520426,95.97643
82.5,82,32.184093,96.2592
83.0,82,31.880798,96.500073
83.5,82,31.618103,96.698277
84.0,82,31.403796,96.853037
84.5,82,31.245322,96.96358
85.0,82,31.149076,97.029132
85.5,82,31.119678,97.048919
86.0,82,31.159385,97.022167
86.5,82,31.267794,96.948104
87.0,82,31.441919,96.825954
87.5,82,31.676622,96.654945
88.0,82,31.965269,96.434302
88.5,82,32.300468,96.163253
89.0,82,32.674717,95.841023
89.5,82,33.080905,95.466838
90.0,82,33.512628,95.039925
90.5,82,33.964342,94.559511
91.0,82,34.431394,94.024821
91.5,82,34.909984,93.435081
92.0,82,35.397072,92.789519
92.5,82,35.890278,92.08736
93.0,82,36.387775,91.32783
93.5,82,36.888197,90.510156
94.0,82,37.390551,89.633565
94.5,82,37.894146,88.697282
95.0,82,38.398539,87.700534
95.5,82,38.903481,86.642547
96.0,82,39.408886,85.522547
96.5,82,39.914798,84.339761
97.0,82,40.421367,83.093414
97.5,82,40.928837,81.782734
98.0,82,41.437528,80.406947
98.5,82,41.94783,78.965278
99.0,82,42.460195,77.456954
99.5,82,42.975137,75.881202
100.0,82,43.493231,74.237247
100.5,82,44.01511,72.524316
101.0,82,44.541474,70.741636
101.5,82,45.073096,68.888432
102.0,82,45.610826,66.963931
102.5,82,46.155606,64.967359
103.0,82,46.708485,62.897942
103.5,82,47.270633,60.754907
104.0,82,47.843369,58.537481
30.0,83,80.902323,0.1
30.5,83,80.902323,0.1
31.0,83,80.902323,0.1
31.5,83,80.902323,0.1
32.0,83,80.902323,0.1
32.5,83,80.902323,0.1
33.0,83,80.902323,0.1
33.5,83,80.902323,0.1
34.0,83,80.902323,0.1
34.5,83,80.902323,0.1
35.0,83,80.902323,0.1
35.5,83,80.902323,0.1
36.0,83,80.902323,0.1
36.5,83,80.902323,0.1
37.0,83,80.902323,0.1
37.5,83,80.902323,0.1
38.0,83,80.825679,0.102611
38.5,83,72.712902,1.156471
39.0,83,70.07666,2.23394
39.5,83,68.33792,3.334244
40.0,83,66.999932,4.45661
40.5,83,65.892441,5.600265
41.0,83,64.935676,6.764434
41.5,83,64.085548,7.948343
42.0,83,63.315004,9.15122
42.5,83,62.6062,10.37229
43.0,83,61.94671,11.61078
43.5,83,61.327523,12.865915
44.0,83,60.741879,14.136923
44.5,83,60.184575,15.423029
45.0,83,59.65151,16.72346
45.5,83,59.139391,18.037442
46.0,83,58.645533,19.364202
46.5,83,58.16771,20.702965
47.0,83,57.704059,22.052958
47.5,83,57.252998,23.413407
48.0,83,56.813172,24.783539
48.5,83,56.383412,26.16258
49.0,83,55.962696,27.549756
49.5,83,55.550129,28.944293
50.0,83,55.144916,30.345418
50.5,83,54.74635,31.752357
51.0,83,54.353799,33.164336
51.5,83,53.966689,34.580582
52.0,83,53.584502,36.00032
52.5,83,53.206765,37.422778
53.0,83,52.833042,38.847181
53.5,83,52.462934,40.272756
54.0,83,52.096068,41.698729
54.5,83,51.732098,43.124326
55.0,83,51.3707,44.548774
55.5,83,51.011568,45.971299
56.0,83,50.654414,47.391126
56.5,83,50.298964,48.807484
57.0,83,49.944955,50.219597
57.5,83,49.592136,51.626692
58.0,83,49.240264,53.027995
58.5,83,48.889104,54.422734
59.0,83,48.538429,55.810133
59.5,83,48.188013,57.189419
60.0,83,47.837638,58.559819
60.5,83,47.487086,59.920558
61.0,83,47.136143,61.270864
61.5,83,46.784594,62.609962
62.0,83,46.432226,63.937078
62.5,83,46.078822,65.25144
63.0,83,45.724167,66.552273
63.5,83,45.368041,67.838803
64.0,83,45.01022,69.110257
64.5,83,44.650476,70.365862
65.0,83,44.288576,71.604843
65.5,83,43.924282,72.826426
66.0,83,43.557344,74.029838
66.5,83,43.187509,75.214306
67.0,83,42.814511,76.379055
67.5,83,42.438074,77.523312
68.0,83,42.057913,78.646304
68.5,83,41.673726,79.747255
69.0,83,41.2852,80.825394
69.5,83,40.892006,81.879945
70.0,83,40.493799,82.910136
70.5,83,40.090216,83.915192
71.0,83,39.680877,84.894341
71.5,83,39.26538,85.846807
72.0,83,38.843305,86.771818
72.5,83,38.414214,87.6686
73.0,83,37.977648,88.536378
73.5,83,37.533133,89.37438
74.0,83,37.080179,90.181832
74.5,83,36.618293,90.95796
75.0,83,36.146982,91.70199
75.5,83,35.665772,92.413148
76.0,83,35.174228,93.090661
76.5,83,34.67199,93.733755
77.0,83,34.15882,94.341657
77.5,83,33.634673,94.913592
78.0,83,33.099806,95.448787
78.5,83,32.554924,95.946469
79.0,83,32.0014,96.405863
79.5,83,31.44158,96.826196
80.0,83,30.879215,97.206694
80.5,83,30.320026,97.546583
81.0,83,29.772429,97.84509
81.5,83,29.248342,98.101441
82.0,83,28.763898,98.314863
82.5,83,28.339634,98.48458
83.0,83,27.999532,98.609821
83.5,83,27.768217,98.689811
84.0,83,27.666287,98.723777
84.5,83,27.705071,98.710944
85.0,83,27.883264,98.650539
85.5,83,28.187406,98.541788
86.0,83,28.595899,98.383918
86.5,83,29.084289,98.176155
87.0,83,29.629546,97.917725
87.5,83,30.212388,97.607855
88.0,83,30.817916,97.24577
88.5,83,31.435261,96.830698
89.0,83,32.056839,96.361863
89.5,83,32.67756,95.838494
90.0,83,33.294151,95.259815
90.5,83,33.904628,94.625054
91.0,83,34.507902,93.933436
91.5,83,35.103498,93.184188
92.0,83,35.691363,92.376536
92.5,83,36.271722,91.509706
93.0,83,36.844988,90.582925
93.5,83,37.411697,89.595419
94.0,83,37.972465,88.546414
94.5,83,38.527959,87.435137
95.0,83,39.078877,86.260813
95.5,83,39.625938,85.02267
96.0,83,40.169876,83.719933
96.5,83,40.711434,82.351829
97.0,83,41.251368,80.917584
97.5,83,41.790443,79.416424
98.0,83,42.329444,77.847576
98.5,83,42.869175,76.210265
99.0,83,43.410465,74.503719
99.5,83,43.95418,72.727163
100.0,83,44.501227,70.879824
100.5,83,45.052569,68.960928
101.0,83,45.609233,66.969701
101.5,83,46.172331,64.90537
102.0,83,46.743072,62.767161
102.5,83,47.322789,60.5543
103.0,83,47.912965,58.266013
103.5,83,48.51527,55.901527
104.0,83,49.131599,53.460068
30.0,84,80.902323,0.1
30.5,84,80.902323,0.1
31.0,84,80.902323,0.1
31.5,84,80.902323,0.1
32.0,84,80.902323,0.1
32.5,84,80.902323,0.1
33.0,84,80.902323,0.1
33.5,84,80.902323,0.1
34.0,84,80.902323,0.1
34.5,84,80.902323,0.1
35.0,84,80.902323,0.1
35.5,84,80.902323,0.1
36.0,84,80.902323,0.1
36.5,84,80.902323,0.1
37.0,84,78.423326,0.223924
37.5,84,72.137813,1.342191
38.0,84,69.628751,2.483035
38.5,84,67.933711,3.64568
39.0,84,66.616295,4.829354
39.5,84,65.519857,6.033282
40.0,84,64.569368,7.256692
40.5,84,63.722804,8.498808
41.0,84,62.954148,9.758859
41.5,84,62.246122,11.036069
42.0,84,61.586637,12.329665
42.5,84,60.966888,13.638873
43.0,84,60.38025,14.962921
43.5,84,59.821608,16.301033
44.0,84,59.28692,17.652436
44.5,84,58.772937,19.016358
45.0,84,58.276999,20.392022
45.5,84,57.796904,21.778658
46.0,84,57.330798,23.175489
46.5,84,56.877109,24.581743
47.0,84,56.434488,25.996647
47.5,84,56.001767,27.419425
48.0,84,55.577925,28.849306
48.5,84,55.162064,30.285514
49.0,84,54.753388,31.727276
49.5,84,54.351186,33.173819
50.0,84,53.954818,34.624368
50.5,84,53.563706,36.078151
51.0,84,53.177325,37.534393
51.5,84,52.795192,38.99232
52.0,84,52.416864,40.45116
52.5,84,52.041929,41.910138
53.0,84,51.670006,43.36848
53.5,84,51.300735,44.825413
54.0,84,50.93378,46.280163
54.5,84,50.568821,47.731956
55.0,84,50.205553,49.18002
55.5,84,49.843686,50.623579
56.0,84,49.482938,52.06186
56.5,84,49.123039,53.49409
57.0,84,48.763724,54.919495
57.5,84,48.404734,56.337301
58.0,84,48.045815,57.746734
58.5,84,47.686715,59.147021
59.0,84,47.327183,60.537388
59.5,84,46.966968,61.917061
60.0,84,46.605817,63.285267
60.5,84,46.243477,64.641232
61.0,84,45.879685,65.984181
61.5,84,45.514179,67.313343
62.0,84,45.146684,68.627942
62.5,84,44.77692,69.927205
63.0,84,44.404594,71.210358
63.5,84,44.029402,72.476628
64.0,84,43.651024,73.725241
64.5,84,43.269124,74.955423
65.0,84,42.883346,76.166401
65.5,84,42.493312,77.3574
66.0,84,42.098618,78.527647
66.5,84,41.69883,79.676369
67.0,84,41.29348,80.802791
67.5,84,40.88206,81.906141
68.0,84,40.464019,82.985643
68.5,84,40.038752,84.040525
69.0,84,39.605591,85.070013
69.5,84,39.163801,86.073333
70.0,84,38.712558,87.049711
70.5,84,38.250945,87.998374
71.0,84,37.777922,88.918548
71.5,84,37.292309,89.809459
72.0,84,36.792757,90.670334
72.5,84,36.277706,91.500398
73.0,84,35.745336,92.298879
73.5,84,35.193503,93.065002
74.0,84,34.619653,93.797994
74.5,84,34.020692,94.497081
75.0,84,33.392826,95.161489
75.5,84,32.731305,95.790445
76.0,84,32.030057,96.383174
76.5,84,31.281107,96.938904
77.0,84,30.473645,97.45686
77.5,84,29.592393,97.936269
78.0,84,28.614591,98.376357
78.5,84,27.503788,98.77635
79.0,84,26.195286,99.135475
79.5,84,24.554176,99.452958
80.0,84,22.202162,99.728024
80.5,84,19.097677,99.9
81.0,84,19.097677,99.9
81.5,84,19.097677,99.9
82.0,84,19.097677,99.9
82.5,84,19.097677,99.9
83.0,84,19.097677,99.9
83.5,84,19.097677,99.9
84.0,84,19.097677,99.9
84.5,84,19.097677,99.9
85.0,84,19.097677,99.9
85.5,84,22.141812,99.733036
86.0,84,24.643759,99.438764
86.5,84,26.37653,99.092018
87.0,84,27.761645,98.692024
87.5,84,28.944082,98.238009
88.0,84,29.992193,97.729198
88.5,84,30.944115,97.164819
89.0,84,31.823527,96.544097
89.5,84,32.646274,95.866259
90.0,84,33.423562,95.130531
90.5,84,34.163669,94.336139
91.0,84,34.872919,93.482309
91.5,84,35.556289,92.568269
92.0,84,36.217792,91.593243
92.5,84,36.860731,90.556459
93.0,84,37.48788,89.457143
93.5,84,38.101607,88.294521
94.0,84,38.703972,87.067819
94.5,84,39.296787,85.776264
95.0,84,39.881679,84.419082
95.5,84,40.460126,82.995499
96.0,84,41.03349,81.504741
96.5,84,41.603048,79.946035
97.0,84,42.170012,78.318608
97.5,84,42.735555,76.621684
98.0,84,43.300822,74.854492
98.5,84,43.866953,73.016256
99.0,84,44.4351,71.106203
99.5,84,45.006443,69.12356
100.0,84,45.582207,67.067553
100.5,84,46.163688,64.937408
101.0,84,46.752271,62.732351
101.5,84,47.349459,60.451609
102.0,84,47.956908,58.094408
102.5,84,48.576462,55.659974
103.0,84,49.21021,53.147534
103.5,84,49.860548,50.556313
104.0,84,50.530265,47.885539
30.0,85,80.902323,0.1
30.5,85,80.902323,0.1
31.0,85,80.902323,0.1
31.5,85,80.902323,0.1
32.0,85,80.902323,0.1
32.5,85,80.902323,0.1
33.0,85,80.902323,0.1
33.5,85,80.902323,0.1
34.0,85,80.902323,0.1
34.5,85,80.902323,0.1
35.0,85,80.902323,0.1
35.5,85,80.902323,0.1
36.0,85,80.595081,0.11085
36.5,85,72.275667,1.295471
37.0,85,69.596844,2.501634
37.5,85,67.83092,3.728566
38.0,85,66.472345,4.975493
38.5,85,65.348006,6.24164
39.0,85,64.376806,7.526236
39.5,85,63.513914,8.828504
40.0,85,62.73182,10.147673
40.5,85,62.012368,11.482969
41.0,85,61.342914,12.833616
41.5,85,60.714284,14.198843
42.0,85,60.119593,15.577875
42.5,85,59.553539,16.969939
43.0,85,59.01194,18.37426
43.5,85,58.491438,19.790065
44.0,85,57.989289,21.216581
44.5,85,57.503222,22.653033
45.0,85,57.031328,24.098648
45.5,85,56.571989,25.552653
46.0,85,56.123814,27.014272
46.5,85,55.685601,28.482734
47.0,85,55.2563,29.957264
47.5,85,54.834986,31.437088
48.0,85,54.420837,32.921433
48.5,85,54.013119,34.409525
49.0,85,53.611172,35.90059
49.5,85,53.214398,37.393855
50.0,85,52.822251,38.888545
50.5,85,52.43423,40.383888
51.0,85,52.049871,41.879109
51.5,85,51.668746,43.373435
52.0,85,51.290453,44.866091
52.5,85,50.914612,46.356305
53.0,85,50.540867,47.843303
53.5,85,50.168877,49.326311
54.0,85,49.798314,50.804554
54.5,85,49.428865,52.27726
55.0,85,49.060223,53.743655
55.5,85,48.692091,55.202965
56.0,85,48.324174,56.654416
56.5,85,47.956184,58.097235
57.0,85,47.587831,59.530648
57.5,85,47.218828,60.953881
58.0,85,46.848882,62.36616
58.5,85,46.4777,63.766712
59.0,85,46.104979,65.154763
59.5,85,45.73041,66.52954
60.0,85,45.353675,67.890268
60.5,85,44.974441,69.236174
61.0,85,44.592361,70.566485
61.5,85,44.20707,71.880426
62.0,85,43.818182,73.177223
62.5,85,43.425287,74.456104
63.0,85,43.027944,75.716294
63.5,85,42.625679,76.95702
64.0,85,42.217978,78.177508
64.5,85,41.804283,79.376984
65.0,85,41.383979,80.554675
65.5,85,40.956387,81.709806
66.0,85,40.520755,82.841605
66.5,85,40.076238,83.949297
67.0,85,39.621885,85.032109
67.5,85,39.156613,86.089267
68.0,85,38.679183,87.119997
68.5,85,38.188156,88.123525
69.0,85,37.681856,89.099079
69.5,85,37.158296,90.045883
70.0,85,36.615098,90.963166
70.5,85,36.049374,91.850151
71.0,85,35.457559,92.706067
71.5,85,34.835168,93.53014
72.0,85,34.176431,94.321595
72.5,85,33.473732,95.079658
73.0,85,32.716688,95.803557
73.5,85,31.890568,96.492518
74.0,85,30.973381,97.145766
74.5,85,29.929979,97.762528
75.0,85,28.698518,98.342031
75.5,85,27.152927,98.8835
76.0,85,24.959121,99.386162
76.5,85,20.33808,99.849244
77.0,85,19.097677,99.9
77.5,85,19.097677,99.9
78.0,85,19.097677,99.9
78.5,85,19.097677,99.9
79.0,85,19.097677,99.9
79.5,85,19.097677,99.9
80.0,85,19.097677,99.9
80.5,85,19.097677,99.9
81.0,85,19.097677,99.9
81.5,85,19.097677,99.9
82.0,85,19.097677,99.9
82.5,85,19.097677,99.9
83.0,85,19.097677,99.9
83.5,85,19.097677,99.9
84.0,85,19.097677,99.9
84.5,85,19.097677,99.9
85.0,85,19.097677,99.9
85.5,85,19.097677,99.9
86.0,85,19.097677,99.9
86.5,85,23.416323,99.607399
87.0,85,26.50306,99.060558
87.5,85,28.410974,98.457114
88.0,85,29.866149,97.796294
88.5,85,31.077188,97.077324
89.0,85,32.134571,96.29943
89.5,85,33.086145,95.46184
90.0,85,33.960471,94.563778
90.5,85,34.776067,93.604472
91.0,85,35.545697,92.583148
91.5,85,36.278585,91.499031
92.0,85,36.981657,90.351349
92.5,85,37.660283,89.139327
93.0,85,38.318745,87.862192
93.5,85,38.960541,86.51917
94.0,85,39.588593,85.109488
94.5,85,40.205397,83.632371
95.0,85,40.813126,82.087046
95.5,85,41.41371,80.472739
96.0,85,42.008897,78.788677
96.5,85,42.600301,77.034086
97.0,85,43.189442,75.208192
97.5,85,43.777775,73.310222
98.0,85,44.366726,71.339401
98.5,85,44.957716,69.294956
99.0,85,45.552186,67.176114
99.5,85,46.151628,64.9821
100.0,85,46.757611,62.712141
100.5,85,47.371819,60.365463
101.0,85,47.996082,57.941292
101.5,85,48.63243,55.438855
102.0,85,49.283148,52.857379
102.5,85,49.950848,50.196089
103.0,85,50.638568,47.454211
103.5,85,51.349904,44.630972
104.0,85,52.089184,41.725599
30.0,86,80.902323,0.1
30.5,86,80.902323,0.1
31.0,86,80.902323,0.1
31.5,86,80.902323,0.1
32.0,86,80.902323,0.1
32.5,86,80.902323,0.1
33.0,86,80.902323,0.1
33.5,86,80.902323,0.1
34.0,86,80.902323,0.1
34.5,86,80.902323,0.1
35.0,86,80.902323,0.1
35.5,86,73.514827,0.934938
36.0,86,70.124994,2.208366
36.5,86,68.117128,3.501529
37.0,86,66.631967,4.813654
37.5,86,65.428,6.143966
38.0,86,64.401186,7.491692
38.5,86,63.496722,8.856058
39.0,86,62.68202,10.236291
39.5,86,61.936055,11.631617
40.0,86,61.244428,13.041262
40.5,86,60.596826,14.464452
41.0,86,59.985592,15.900414
41.5,86,59.404877,17.348373
42.0,86,58.850102,18.807558
42.5,86,58.31761,20.277192
43.0,86,57.804432,21.756504
43.5,86,57.308114,23.244718
44.0,86,56.826607,24.741062
44.5,86,56.358177,26.244762
45.0,86,55.901339,27.755044
45.5,86,55.454811,29.271134
46.0,86,55.017475,30.792258
46.5,86,54.588347,32.317644
47.0,86,54.166556,33.846517
47.5,86,53.751323,35.378103
48.0,86,53.341948,36.911629
48.5,86,52.937795,38.44632
49.0,86,52.538284,39.981405
49.5,86,52.142884,41.516108
50.0,86,51.751101,43.049655
50.5,86,51.362477,44.581274
51.0,86,50.976581,46.110191
51.5,86,50.593007,47.635631
52.0,86,50.211369,49.156821
52.5,86,49.831299,50.672988
53.0,86,49.45244,52.183357
53.5,86,49.074447,53.687156
54.0,86,48.696984,55.183609
54.5,86,48.319718,56.671944
55.0,86,47.942322,58.151387
55.5,86,47.564466,59.621164
56.0,86,47.185822,61.080501
56.5,86,46.806056,62.528625
57.0,86,46.424829,63.964762
57.5,86,46.041792,65.388139
58.0,86,45.656584,66.79798
58.5,86,45.26883,68.193514
59.0,86,44.878138,69.573966
59.5,86,44.484092,70.938562
60.0,86,44.086253,72.286529
60.5,86,43.684151,73.617093
61.0,86,43.277278,74.92948
61.5,86,42.865085,76.222917
62.0,86,42.446973,77.49663
62.5,86,42.022285,78.749845
63.0,86,41.590291,79.981788
63.5,86,41.150179,81.191686
64.0,86,40.701035,82.378765
64.5,86,40.241826,83.542252
65.0,86,39.771369,84.681372
65.5,86,39.288299,85.795352
66.0,86,38.791028,86.883418
66.5,86,38.277683,87.944797
67.0,86,37.746031,88.978714
67.5,86,37.19337,89.984397
68.0,86,36.616384,90.961071
68.5,86,36.010926,91.907962
69.0,86,35.371705,92.824298
69.5,86,34.691802,93.709304
70.0,86,33.961897,94.562206
70.5,86,33.168981,95.382231
71.0,86,32.294039,96.168605
71.5,86,31.307562,96.920555
72.0,86,30.159824,97.637306
72.5,86,28.756189,98.318086
73.0,86,26.876357,98.962119
73.5,86,23.73521,99.568633
74.0,86,19.097677,99.9
74.5,86,19.097677,99.9
75.0,86,19.097677,99.9
75.5,86,19.097677,99.9
76.0,86,19.097677,99.9
76.5,86,19.097677,99.9
77.0,86,19.097677,99.9
77.5,86,19.097677,99.9
78.0,86,19.097677,99.9
78.5,86,19.097677,99.9
79.0,86,19.097677,99.9
79.5,86,19.097677,99.9
80.0,86,19.097677,99.9
80.5,86,19.097677,99.9
81.0,86,19.097677,99.9
81.5,86,19.097677,99.9
82.0,86,19.097677,99.9
82.5,86,19.097677,99.9
83.0,86,19.097677,99.9
83.5,86,19.097677,99.9
84.0,86,19.097677,99.9
84.5,86,19.097677,99.9
85.0,86,19.097677,99.9
85.5,86,19.097677,99.9
86.0,86,19.097677,99.9
86.5,86,23.180713,99.634005
87.0,86,26.973646,98.935032
87.5,86,29.082679,98.176876
88.0,86,30.636492,97.358762
88.5,86,31.906821,96.479918
89.0,86,33.004128,95.53957
89.5,86,33.98477,94.536943
90.0,86,34.881605,93.471265
90.5,86,35.715584,92.341761
91.0,86,36.500962,91.147657
91.5,86,37.247941,89.888181
92.0,86,37.964119,88.562558
92.5,86,38.655354,87.170015
93.0,86,39.326293,85.709777
93.5,86,39.980724,84.181072
94.0,86,40.621811,82.583125
94.5,86,41.252257,80.915163
95.0,86,41.874424,79.176412
95.5,86,42.490422,77.366098
96.0,86,43.102176,75.483448
96.5,86,43.711484,73.527688
97.0,86,44.320061,71.498044
97.5,86,44.929577,69.393743
98.0,86,45.541696,67.21401
98.5,86,46.158112,64.958073
99.0,86,46.780583,62.625156
99.5,86,47.410972,60.214488
100.0,86,48.051292,57.725293
100.5,86,48.703761,55.156799
101.0,86,49.370865,52.508231
101.5,86,50.055443,49.778816
102.0,86,50.760798,46.967781
102.5,86,51.490844,44.07435
103.0,86,52.250312,41.097751
103.5,86,53.045037,38.037211
104.0,86,53.882391,34.891954
30.0,87,80.902323,0.1
30.5,87,80.902323,0.1
31.0,87,80.902323,0.1
31.5,87,80.902323,0.1
32.0,87,80.902323,0.1
32.5,87,80.902323,0.1
33.0,87,80.902323,0.1
33.5,87,80.902323,0.1
34.0,87,80.902323,0.1
34.5,87,79.125965,0.179219
35.0,87,71.643547,1.521857
35.5,87,68.982441,2.883197
36.0,87,67.210085,4.262464
36.5,87,65.840703,5.658886
37.0,87,64.704727,7.071689
37.5,87,63.721975,8.500097
38.0,87,62.847868,9.943339
38.5,87,62.054936,11.400641
39.0,87,61.324994,12.871228
39.5,87,60.645347,14.354326
40.0,87,60.006764,15.849163
40.5,87,59.402306,17.354965
41.0,87,58.826616,18.870957
41.5,87,58.275466,20.396366
42.0,87,57.745453,21.930418
42.5,87,57.233794,23.472341
43.0,87,56.738178,25.021359
43.5,87,56.256661,26.576699
44.0,87,55.787591,28.137588
44.5,87,55.329546,29.703251
45.0,87,54.881292,31.272916
45.5,87,54.441749,32.845808
46.0,87,54.00996,34.421153
46.5,87,53.585075,35.998179
47.0,87,53.166328,37.576111
47.5,87,52.753029,39.154175
48.0,87,52.344547,40.731598
48.5,87,51.940303,42.307607
49.0,87,51.539762,43.881426
49.5,87,51.142424,45.452284
50.0,87,50.747821,47.019405
50.5,87,50.355511,48.582017
51.0,87,49.965071,50.139345
51.5,87,49.576098,51.690616
52.0,87,49.188201,53.235056
52.5,87,48.800997,54.771892
53.0,87,48.414114,56.300349
53.5,87,48.027181,57.819655
54.0,87,47.639828,59.329034
54.5,87,47.251685,60.827715
55.0,87,46.862377,62.314922
55.5,87,46.471519,63.789882
56.0,87,46.078719,65.251822
56.5,87,45.683567,66.699967
57.0,87,45.285636,68.133545
57.5,87,44.884477,69.551781
58.0,87,44.479615,70.953902
58.5,87,44.070541,72.339133
59.0,87,43.656707,73.706702
59.5,87,43.237522,75.055834
60.0,87,42.812336,76.385756
60.5,87,42.380438,77.695694
61.0,87,41.941035,78.984874
61.5,87,41.493243,80.252524
62.0,87,41.036065,81.497868
62.5,87,40.568366,82.720133
63.0,87,40.088843,83.918546
63.5,87,39.595984,85.092332
64.0,87,39.088017,86.240719
64.5,87,38.562838,87.362932
65.0,87,38.01792,88.458198
65.5,87,37.450176,89.525743
66.0,87,36.855777,90.564793
66.5,87,36.229879,91.574575
67.0,87,35.566209,92.554314
67.5,87,34.856427,93.503238
68.0,87,34.089066,94.420572
68.5,87,33.247701,95.305543
69.0,87,32.307518,96.157377
69.5,87,31.228241,96.9753
70.0,87,29.937466,97.758539
70.5,87,28.282378,98.50632
71.0,87,25.828513,99.217869
71.5,87,19.315552,99.892412
72.0,87,19.097677,99.9
72.5,87,19.097677,99.9
73.0,87,19.097677,99.9
73.5,87,19.097677,99.9
74.0,87,19.097677,99.9
74.5,87,19.097677,99.9
75.0,87,19.097677,99.9
75.5,87,19.097677,99.9
76.0,87,19.097677,99.9
76.5,87,19.097677,99.9
77.0,87,19.097677,99.9
77.5,87,19.097677,99.9
78.0,87,19.097677,99.9
78.5,87,19.097677,99.9
79.0,87,19.097677,99.9
79.5,87,19.097677,99.9
80.0,87,19.097677,99.9
80.5,87,19.097677,99.9
81.0,87,19.097677,99.9
81.5,87,19.097677,99.9
82.0,87,19.097677,99.9
82.5,87,19.097677,99.9
83.0,87,19.097677,99.9
83.5,87,19.097677,99.9
84.0,87,19.097677,99.9
84.5,87,19.097677,99.9
85.0,87,19.097677,99.9
85.5,87,19.097677,99.9
86.0,87,19.669831,99.878939
86.5,87,26.410995,99.083542
87.0,87,28.968989,98.227153
87.5,87,30.717173,97.309001
88.0,87,32.098748,96.328311
88.5,87,33.269315,95.284309
89.0,87,34.302598,94.176222
89.5,87,35.23965,93.003276
90.0,87,36.105833,91.764697
90.5,87,36.918009,90.459711
91.0,87,37.688027,89.087545
91.5,87,38.424592,87.647426
92.0,87,39.134335,86.138578
92.5,87,39.822471,84.56023
93.0,87,40.49322,82.911606
93.5,87,41.150087,81.191934
94.0,87,41.796055,79.400439
94.5,87,42.433725,77.536348
95.0,87,43.065421,75.598887
95.5,87,43.69327,73.587282
96.0,87,44.319261,71.50076
96.5,87,44.945304,69.338548
97.0,87,45.573274,67.09987
97.5,87,46.205058,64.783954
98.0,87,46.842595,62.390026
98.5,87,47.487926,59.917312
99.0,87,48.143245,57.365039
99.5,87,48.810959,54.732432
100.0,87,49.493766,52.018718
100.5,87,50.194746,49.223124
101.0,87,50.91749,46.344875
101.5,87,51.666265,43.383198
102.0,87,52.446255,40.337319
102.5,87,53.2639,37.206465
103.0,87,54.127398,33.989862
103.5,87,55.047496,30.686735
104.0,87,56.038758,27.296312
30.0,88,80.902323,0.1
30.5,88,80.902323,0.1
31.0,88,80.902323,0.1
31.5,88,80.902323,0.1
32.0,88,80.902323,0.1
32.5,88,80.902323,0.1
33.0,88,80.902323,0.1
33.5,88,80.902323,0.1
34.0,88,76.867689,0.360734
34.5,88,70.986936,1.792196
35.0,88,68.465593,3.240552
35.5,88,66.741528,4.705029
36.0,88,65.394395,6.184852
36.5,88,64.269824,7.679249
37.0,88,63.293003,9.187445
37.5,88,62.421714,10.708667
38.0,88,61.629672,12.242141
38.5,88,60.899348,13.787094
39.0,88,60.218434,15.342751
39.5,88,59.577937,16.908339
40.0,88,58.971072,18.483085
40.5,88,58.392585,20.066214
41.0,88,57.838314,21.656952
41.5,88,57.304903,23.254527
42.0,88,56.789599,24.858165
42.5,88,56.290111,26.46709
43.0,88,55.804508,28.080531
43.5,88,55.331146,29.697714
44.0,88,54.868604,31.317863
44.5,88,54.415648,32.940207
45.0,88,53.971194,34.563971
45.5,88,53.53428,36.188381
46.0,88,53.104046,37.812664
46.5,88,52.679719,39.436046
47.0,88,52.260596,41.057754
47.5,88,51.846032,42.677012
48.0,88,51.435435,44.293049
48.5,88,51.028251,45.90509
49.0,88,50.623963,47.512362
49.5,88,50.222083,49.11409
50.0,88,49.822145,50.709501
50.5,88,49.423703,52.297822
51.0,88,49.026324,53.878278
51.5,88,48.629586,55.450096
52.0,88,48.233075,57.012503
52.5,88,47.836379,58.564724
53.0,88,47.439086,60.105985
53.5,88,47.040781,61.635514
54.0,88,46.64104,63.152536
54.5,88,46.239429,64.656278
55.0,88,45.835499,66.145966
55.5,88,45.428782,67.620826
56.0,88,45.018784,69.080085
56.5,88,44.604982,70.522968
57.0,88,44.186817,71.948703
57.5,88,43.763686,73.356515
58.0,88,43.334935,74.74563
58.5,88,42.899844,76.115276
59.0,88,42.457622,77.464678
59.5,88,42.007384,78.793062
60.0,88,41.548138,80.099656
60.5,88,41.078757,81.383684
61.0,88,40.597952,82.644374
61.5,88,40.104231,83.880952
62.0,88,39.59585,85.092643
62.5,88,39.070745,86.278676
63.0,88,38.52644,87.438274
63.5,88,37.959925,88.570666
64.0,88,37.367476,89.675076
64.5,88,36.744396,90.750733
65.0,88,36.084635,91.796861
65.5,88,35.380185,92.812687
66.0,88,34.620108,93.797437
66.5,88,33.788862,94.750338
67.0,88,32.863209,95.670616
67.5,88,31.805976,96.557497
68.0,88,30.551734,97.410208
68.5,88,28.96711,98.227974
69.0,88,26.69875,99.010023
69.5,88,21.857032,99.75558
70.0,88,19.097677,99.9
70.5,88,19.097677,99.9
71.0,88,19.097677,99.9
71.5,88,19.097677,99.9
72.0,88,19.097677,99.9
72.5,88,19.097677,99.9
73.0,88,19.097677,99.9
73.5,88,19.097677,99.9
74.0,88,19.097677,99.9
74.5,88,19.097677,99.9
75.0,88,19.097677,99.9
75.5,88,19.097677,99.9
76.0,88,19.097677,99.9
76.5,88,19.097677,99.9
77.0,88,19.097677,99.9
77.5,88,19.097677,99.9
78.0,88,19.097677,99.9
78.5,88,19.097677,99.9
79.0,88,19.097677,99.9
79.5,88,19.097677,99.9
80.0,88,19.097677,99.9
80.5,88,19.097677,99.9
81.0,88,19.097677,99.9
81.5,88,19.097677,99.9
82.0,88,19.097677,99.9
82.5,88,19.097677,99.9
83.0,88,19.097677,99.9
83.5,88,19.097677,99.9
84.0,88,19.097677,99.9
84.5,88,19.097677,99.9
85.0,88,19.097677,99.9
85.5,88,22.343544,99.715949
86.0,88,27.353697,98.823231
86.5,88,29.728364,97.867716
87.0,88,31.410019,96.848629
87.5,88,32.759347,95.765197
88.0,88,33.912319,94.616647
88.5,88,34.935665,93.402203
89.0,88,35.86736,92.121094
89.5,88,36.731222,90.772544
90.0,88,37.543268,89.355781
90.5,88,38.314858,87.87003
91.0,88,39.054404,86.314518
91.5,88,39.768366,84.688471
92.0,88,40.461858,82.991116
92.5,88,41.139052,81.221678
93.0,88,41.803441,79.379385
93.5,88,42.458027,77.463461
94.0,88,43.105455,75.473135
94.5,88,43.748115,73.407631
95.0,88,44.388224,71.266177
95.5,88,45.027887,69.047998
96.0,88,45.669158,66.75232
96.5,88,46.31409,64.378371
97.0,88,46.964785,61.925376
97.5,88,47.623451,59.392562
98.0,88,48.292456,56.779155
98.5,88,48.974402,54.084381
99.0,88,49.672208,51.307467
99.5,88,50.389218,48.447638
100.0,88,51.129346,45.504121
100.5,88,51.897273,42.476143
101.0,88,52.698722,39.36293
101.5,88,53.540864,36.163707
102.0,88,54.432927,32.877702
102.5,88,55.38716,29.50414
103.0,88,56.420435,26.042248
103.5,88,57.557067,22.491252
104.0,88,58.834233,18.850379
30.0,89,80.902323,0.1
30.5,89,80.902323,0.1
31.0,89,80.902323,0.1
31.5,89,80.902323,0.1
32.0,89,80.902323,0.1
32.5,89,80.902323,0.1
33.0,89,80.902323,0.1
33.5,89,79.736218,0.147154
34.0,89,71.28075,1.666543
34.5,89,68.520378,3.20102
35.0,89,66.696118,4.74981
35.5,89,65.290873,6.31214
36.0,89,64.126974,7.887236
36.5,89,63.120998,9.474324
37.0,89,62.226746,11.07263
37.5,89,61.415824,12.681382
38.0,89,60.669463,14.299805
38.5,89,59.974575,15.927125
39.0,89,59.321648,17.562568
39.5,89,58.703535,19.205362
40.0,89,58.11472,20.854733
40.5,89,57.550848,22.509905
41.0,89,57.008412,24.170107
41.5,89,56.484541,25.834564
42.0,89,55.976851,27.502502
42.5,89,55.483334,29.173148
43.0,89,55.00228,30.845729
43.5,89,54.532213,32.519469
44.0,89,54.071853,34.193596
44.5,89,53.620071,35.867336
45.0,89,53.175869,37.539916
45.5,89,52.738353,39.210561
46.0,89,52.306716,40.878497
46.5,89,51.880225,42.542952
47.0,89,51.458206,44.203151
47.5,89,51.040037,45.858321
48.0,89,50.625137,47.507688
48.5,89,50.21296,49.150478
49.0,89,49.802987,50.785917
49.5,89,49.394723,52.413233
50.0,89,48.987689,54.03165
50.5,89,48.581419,55.640396
51.0,89,48.175455,57.238697
51.5,89,47.769344,58.825778
52.0,89,47.362631,60.400867
52.5,89,46.954858,61.96319
53.0,89,46.545559,63.511972
53.5,89,46.134254,65.046441
54.0,89,45.720446,66.565822
54.5,89,45.303613,68.069342
55.0,89,44.883207,69.556226
55.5,89,44.458643,71.025702
56.0,89,44.029291,72.476996
56.5,89,43.594473,73.909334
57.0,89,43.153442,75.321942
57.5,89,42.70538,76.714046
58.0,89,42.249372,78.084873
58.5,89,41.784394,79.433649
59.0,89,41.309284,80.7596
59.5,89,40.822713,82.061954
60.0,89,40.323142,83.339935
60.5,89,39.808771,84.59277
61.0,89,39.277467,85.819686
61.5,89,38.726673,87.019908
62.0,89,38.153269,88.192664
62.5,89,37.553391,89.337179
63.0,89,36.922155,90.45268
63.5,89,36.253248,91.538392
64.0,89,35.538286,92.593543
64.5,89,34.765766,93.617359
65.0,89,33.919247,94.609065
65.5,89,32.973961,95.567889
66.0,89,31.889873,96.493056
66.5,89,30.595428,97.383792
67.0,89,28.941053,98.239325
67.5,89,26.509702,99.05888
68.0,89,20.48889,99.841683
68.5,89,19.097677,99.9
69.0,89,19.097677,99.9
69.5,89,19.097677,99.9
70.0,89,19.097677,99.9
70.5,89,19.097677,99.9
71.0,89,19.097677,99.9
71.5,89,19.097677,99.9
72.0,89,19.097677,99.9
72.5,89,19.097677,99.9
73.0,89,19.097677,99.9
73.5,89,19.097677,99.9
74.0,89,19.097677,99.9
74.5,89,19.097677,99.9
75.0,89,19.097677,99.9
75.5,89,19.097677,99.9
76.0,89,19.097677,99.9
76.5,89,19.097677,99.9
77.0,89,19.097677,99.9
77.5,89,19.097677,99.9
78.0,89,19.097677,99.9
78.5,89,19.097677,99.9
79.0,89,19.097677,99.9
79.5,89,19.097677,99.9
80.0,89,19.097677,99.9
80.5,89,19.097677,99.9
81.0,89,19.097677,99.9
81.5,89,19.097677,99.9
82.0,89,19.097677,99.9
82.5,89,19.097677,99.9
83.0,89,19.097677,99.9
83.5,89,19.097677,99.9
84.0,89,19.097677,99.9
84.5,89,19.097677,99.9
85.0,89,26.482941,99.065623
85.5,89,29.305748,98.07469
86.0,89,31.163842,97.019152
86.5,89,32.610031,95.898235
87.0,89,33.825292,94.711166
87.5,89,34.892674,93.45717
88.0,89,35.857567,92.135475
88.5,89,36.747669,90.745307
89.0,89,37.581236,89.285891
89.5,89,38.371021,87.756454
90.0,89,39.12635,86.156223
90.5,89,39.854314,84.484423
91.0,89,40.560484,82.740282
91.5,89,41.249368,80.923024
92.0,89,41.924722,79.031877
92.5,89,42.589756,77.066067
93.0,89,43.24729,75.02482
93.5,89,43.899863,72.907362
94.0,89,44.549827,70.71292
94.5,89,45.199412,68.44072
95.0,89,45.850797,66.089988
95.5,89,46.506159,63.659951
96.0,89,47.167736,61.149835
96.5,89,47.837882,58.558866
97.0,89,48.519136,55.88627
97.5,89,49.214298,53.131274
98.0,89,49.926529,50.293104
98.5,89,50.659474,47.370986
99.0,89,51.417431,44.364147
99.5,89,52.205585,41.271813
100.0,89,53.030337,38.093209
100.5,89,53.899801,34.827564
101.0,89,54.82456,31.474102
101.5,89,55.818897,28.03205
102.0,89,56.902886,24.500634
102.5,89,58.10624,20.879082
103.0,89,59.476015,17.166618
103.5,89,61.094192,13.362469
104.0,89,63.126016,9.465862
30.0,90,80.902323,0.1
30.5,90,80.902323,0.1
31.0,90,80.902323,0.1
31.5,90,80.902323,0.1
32.0,90,80.902323,0.1
32.5,90,80.902323,0.1
33.0,90,80.902323,0.1
33.5,90,73.024509,1.065488
34.0,90,69.292181,2.68519
34.5,90,67.149851,4.317398
35.0,90,65.580274,5.961338
35.5,90,64.313681,7.616237
36.0,90,63.236286,9.281322
36.5,90,62.288812,10.955817
37.0,90,61.436254,12.638951
37.5,90,60.656123,14.329948
38.0,90,59.933063,16.028035
38.5,90,59.256098,17.732439
39.0,90,58.617089,19.442386
39.5,90,58.00982,21.157102
40.0,90,57.429429,22.875813
40.5,90,56.872028,24.597746
41.0,90,56.334458,26.322127
41.5,90,55.814108,28.048183
42.0,90,55.308788,29.775138
42.5,90,54.816643,31.502221
43.0,90,54.33608,33.228657
43.5,90,53.865715,34.953672
44.0,90,53.404338,36.676493
44.5,90,52.950877,38.396346
45.0,90,52.504374,40.112457
45.5,90,52.063967,41.824053
46.0,90,51.628873,43.530359
46.5,90,51.198373,45.230603
47.0,90,50.771802,46.92401
47.5,90,50.34854,48.609807
48.0,90,49.928004,50.28722
48.5,90,49.509639,51.955476
49.0,90,49.092912,53.6138
49.5,90,48.677311,55.261419
50.0,90,48.262333,56.897559
50.5,90,47.847483,58.521446
51.0,90,47.432268,60.132308
51.5,90,47.016193,61.729369
52.0,90,46.598756,63.311857
52.5,90,46.179443,64.878997
53.0,90,45.757722,66.430017
53.5,90,45.333037,67.964141
54.0,90,44.904804,69.480597
54.5,90,44.4724,70.978611
55.0,90,44.035158,72.457409
55.5,90,43.592354,73.916218
56.0,90,43.143197,75.354263
56.5,90,42.686814,76.770771
57.0,90,42.222232,78.164968
57.5,90,41.748358,79.536081
58.0,90,41.263948,80.883336
58.5,90,40.767575,82.205959
59.0,90,40.257582,83.503176
59.5,90,39.732023,84.774214
60.0,90,39.188581,86.018299
60.5,90,38.624462,87.234658
61.0,90,38.036235,88.422516
61.5,90,37.41962,89.581099
62.0,90,36.769155,90.709635
62.5,90,36.077708,91.80735
63.0,90,35.335679,92.873469
63.5,90,34.529683,93.907219
64.0,90,33.640185,94.907827
64.5,90,32.636934,95.874518
65.0,90,31.469111,96.806519
65.5,90,30.040454,97.703057
66.0,90,28.128678,98.563356
66.5,90,24.956339,99.386645
67.0,90,19.097677,99.9
67.5,90,19.097677,99.9
68.0,90,19.097677,99.9
68.5,90,19.097677,99.9
69.0,90,19.097677,99.9
69.5,90,19.097677,99.9
70.0,90,19.097677,99.9
70.5,90,19.097677,99.9
71.0,90,19.097677,99.9
71.5,90,19.097677,99.9
72.0,90,19.097677,99.9
72.5,90,19.097677,99.9
73.0,90,19.097677,99.9
73.5,90,19.097677,99.9
74.0,90,19.097677,99.9
74.5,90,19.097677,99.9
75.0,90,19.097677,99.9
75.5,90,19.097677,99.9
76.0,90,19.097677,99.9
76.5,90,19.097677,99.9
77.0,90,19.097677,99.9
77.5,90,19.097677,99.9
78.0,90,19.097677,99.9
78.5,90,19.097677,99.9
79.0,90,19.097677,99.9
79.5,90,19.097677,99.9
80.0,90,19.097677,99.9
80.5,90,19.097677,99.9
81.0,90,19.097677,99.9
81.5,90,19.097677,99.9
82.0,90,19.097677,99.9
82.5,90,19.097677,99.9
83.0,90,19.097677,99.9
83.5,90,20.663552,99.832496
84.0,90,27.188723,98.872955
84.5,90,29.765717,97.848549
85.0,90,31.535707,96.758505
85.5,90,32.937365,95.602049
86.0,90,34.126433,94.378406
86.5,90,35.177129,93.086805
87.0,90,36.130946,91.726469
87.5,90,37.013599,90.296627
88.0,90,37.842231,88.796504
88.5,90,38.628928,87.225327
89.0,90,39.382597,85.582321
89.5,90,40.110053,83.866714
90.0,90,40.816686,82.077731
90.5,90,41.506886,80.214598
91.0,90,42.184331,78.276543
91.5,90,42.852187,76.262791
92.0,90,43.513252,74.172569
92.5,90,44.170069,72.005102
93.0,90,44.825007,69.759618
93.5,90,45.480336,67.435342
94.0,90,46.138289,65.031501
94.5,90,46.801125,62.547321
95.0,90,47.47118,59.982028
95.5,90,48.150943,57.334849
96.0,90,48.84312,54.60501
96.5,90,49.550727,51.791737
97.0,90,50.277204,48.894257
97.5,90,51.026561,45.911795
98.0,90,51.803579,42.843579
98.5,90,52.614096,39.688834
99.0,90,53.465416,36.446786
99.5,90,54.36694,33.116662
100.0,90,55.331153,29.697689
100.5,90,56.375267,26.189092
101.0,90,57.524143,22.590098
101.5,90,58.815898,18.899934
102.0,90,60.313932,15.117824
102.5,90,62.137062,11.242996
103.0,90,64.556351,7.274677
103.5,90,68.504979,3.212091
104.0,90,80.902323,0.1
30.0,91,80.902323,0.1
30.5,91,80.902323,0.1
31.0,91,80.902323,0.1
31.5,91,80.902323,0.1
32.0,91,80.902323,0.1
32.5,91,80.902323,0.1
33.0,91,80.902323,0.1
33.5,91,71.410131,1.613649
34.0,91,68.345824,3.32838
34.5,91,66.39733,5.053035
35.0,91,64.918562,6.786842
35.5,91,63.703408,8.529027
36.0,91,62.658234,10.278817
36.5,91,61.732172,12.035436
37.0,91,60.894347,13.798113
37.5,91,60.124531,15.566072
38.0,91,59.408713,17.338541
38.5,91,58.736757,19.114745
39.0,91,58.101078,20.893911
39.5,91,57.49584,22.675265
40.0,91,56.916444,24.458034
40.5,91,56.359195,26.241443
41.0,91,55.821073,28.02472
41.5,91,55.299569,29.80709
42.0,91,54.792573,31.587779
42.5,91,54.298286,33.366015
43.0,91,53.815159,35.141022
43.5,91,53.341842,36.912028
44.0,91,52.877146,38.678259
44.5,91,52.420017,40.438941
45.0,91,51.969508,42.193301
45.5,91,51.524763,43.940564
46.0,91,51.084999,45.679957
46.5,91,50.649496,47.410706
47.0,91,50.217583,49.132037
47.5,91,49.788631,50.843178
48.0,91,49.362043,52.543354
48.5,91,48.93725,54.231791
49.0,91,48.513701,55.907715
49.5,91,48.090859,57.570354
50.0,91,47.668196,59.218933
50.5,91,47.245186,60.852679
51.0,91,46.821301,62.470817
51.5,91,46.396006,64.072574
52.0,91,45.968752,65.657177
52.5,91,45.538972,67.223852
53.0,91,45.10607,68.771825
53.5,91,44.669422,70.300322
54.0,91,44.228359,71.808569
54.5,91,43.782163,73.295794
55.0,91,43.330054,74.761222
55.5,91,42.871174,76.204079
56.0,91,42.404576,77.623592
56.5,91,41.929198,79.018986
57.0,91,41.44384,80.38949
57.5,91,40.947132,81.734328
58.0,91,40.437491,83.052726
58.5,91,39.913067,84.343912
59.0,91,39.371672,85.607112
59.5,91,38.810676,86.841551
60.0,91,38.226877,88.046457
60.5,91,37.6163,89.221054
61.0,91,36.973919,90.364571
61.5,91,36.29322,91.476232
62.0,91,35.565534,92.555265
62.5,91,34.778923,93.600895
63.0,91,33.916248,94.612349
63.5,91,32.951529,95.588853
64.0,91,31.842409,96.529633
64.5,91,30.512197,97.433917
65.0,91,28.79708,98.300929
65.5,91,26.218994,99.129896
66.0,91,19.097677,99.9
66.5,91,19.097677,99.9
67.0,91,19.097677,99.9
67.5,91,19.097677,99.9
68.0,91,19.097677,99.9
68.5,91,19.097677,99.9
69.0,91,19.097677,99.9
69.5,91,19.097677,99.9
70.0,91,19.097677,99.9
70.5,91,19.097677,99.9
71.0,91,19.097677,99.9
71.5,91,19.097677,99.9
72.0,91,19.097677,99.9
72.5,91,19.097677,99.9
73.0,91,19.097677,99.9
73.5,91,19.097677,99.9
74.0,91,19.097677,99.9
74.5,91,19.097677,99.9
75.0,91,19.097677,99.9
75.5,91,19.097677,99.9
76.0,91,19.097677,99.9
76.5,91,19.097677,99.9
77.0,91,19.097677,99.9
77.5,91,19.097677,99.9
78.0,91,19.097677,99.9
78.5,91,19.097677,99.9
79.0,91,19.097677,99.9
79.5,91,19.097677,99.9
80.0,91,19.097677,99.9
80.5,91,19.097677,99.9
81.0,91,19.097677,99.9
81.5,91,19.097677,99.9
82.0,91,19.097677,99.9
82.5,91,26.116059,99.153891
83.0,91,29.111684,98.163856
83.5,91,31.031031,97.107923
84.0,91,32.510152,95.985317
84.5,91,33.746813,94.795266
85.0,91,34.829738,93.536996
85.5,91,35.806786,92.209733
86.0,91,36.706907,90.812702
86.5,91,37.549065,89.345132
87.0,91,38.346444,87.806247
87.5,91,39.108654,86.195274
88.0,91,39.842978,84.511439
88.5,91,40.555126,82.753969
89.0,91,41.249711,80.92209
89.5,91,41.930572,79.015028
90.0,91,42.600986,77.03201
90.5,91,43.263829,74.972261
91.0,91,43.921694,72.835009
91.5,91,44.576979,70.619479
92.0,91,45.231965,68.324897
92.5,91,45.888877,65.950491
93.0,91,46.549946,63.495486
93.5,91,47.217466,60.959108
94.0,91,47.893858,58.340584
94.5,91,48.581737,55.639141
95.0,91,49.283996,52.854003
95.5,91,50.003911,49.984399
96.0,91,50.74527,47.029553
96.5,91,51.512559,43.988693
97.0,91,52.311209,40.861044
97.5,91,53.147958,37.645833
98.0,91,54.031393,34.342287
98.5,91,54.972786,30.94963
99.0,91,55.987467,27.467091
99.5,91,57.097198,23.893894
100.0,91,58.3346,20.229267
100.5,91,59.752249,16.472435
101.0,91,61.444127,12.622626
101.5,91,63.607861,8.679064
102.0,91,66.807085,4.640977
102.5,91,75.706148,0.507591
103.0,91,80.902323,0.1
103.5,91,80.902323,0.1
104.0,91,80.902323,0.1
30.0,92,80.902323,0.1
30.5,92,80.902323,0.1
31.0,92,80.902323,0.1
31.5,92,80.902323,0.1
32.0,92,80.902323,0.1
32.5,92,80.902323,0.1
33.0,92,80.902323,0.1
33.5,92,71.19279,1.703345
34.0,92,68.108996,3.50782
34.5,92,66.14621,5.319639
35.0,92,64.655879,7.13803
35.5,92,63.430854,8.962217
36.0,92,62.376967,10.791427
36.5,92,61.443036,12.624887
37.0,92,60.597981,14.461823
37.5,92,59.821434,16.30146
38.0,92,59.099279,18.143027
38.5,92,58.421304,19.985747
39.0,92,57.779865,21.828849
39.5,92,57.169075,23.671558
40.0,92,56.584298,25.5131
40.5,92,56.021804,27.352703
41.0,92,55.478545,29.189591
41.5,92,54.951987,31.022992
42.0,92,54.439999,32.852132
42.5,92,53.940763,34.676236
43.0,92,53.45271,36.494532
43.5,92,52.974475,38.306245
44.0,92,52.504853,40.110603
44.5,92,52.042776,41.90683
45.0,92,51.587281,43.694154
45.5,92,51.1375,45.4718
46.0,92,50.692635,47.238996
46.5,92,50.251951,48.994967
47.0,92,49.814765,50.738939
47.5,92,49.380432,52.47014
48.0,92,48.94834,54.187794
48.5,92,48.517905,55.891129
49.0,92,48.088558,57.579371
49.5,92,47.659744,59.251746
50.0,92,47.230915,60.90748
50.5,92,46.801526,62.5458
51.0,92,46.371024,64.165932
51.5,92,45.938848,65.767101
52.0,92,45.504421,67.348536
52.5,92,45.067144,68.909461
53.0,92,44.626385,70.449104
53.5,92,44.181478,71.966689
54.0,92,43.731707,73.461445
54.5,92,43.276299,74.932596
55.0,92,42.814409,76.37937
55.5,92,42.345106,77.800992
56.0,92,41.867352,79.196689
56.5,92,41.379977,80.565687
57.0,92,40.881653,81.907212
57.5,92,40.37085,83.220491
58.0,92,39.845786,84.50475
58.5,92,39.304362,85.759216
59.0,92,38.744067,86.983114
59.5,92,38.161857,88.175671
60.0,92,37.553971,89.336113
60.5,92,36.915676,90.463666
61.0,92,36.240879,91.557558
61.5,92,35.521526,92.617013
62.0,92,34.746621,93.641258
62.5,92,33.900537,94.62952
63.0,92,32.959914,95.581026
63.5,92,31.887361,96.495
64.0,92,30.616998,97.370669
64.5,92,29.014295,98.207261
65.0,92,26.721485,99.004
65.5,92,21.79689,99.760114
66.0,92,19.097677,99.9
66.5,92,19.097677,99.9
67.0,92,19.097677,99.9
67.5,92,19.097677,99.9
68.0,92,19.097677,99.9
68.5,92,19.097677,99.9
69.0,92,19.097677,99.9
69.5,92,19.097677,99.9
70.0,92,19.097677,99.9
70.5,92,19.097677,99.9
71.0,92,19.097677,99.9
71.5,92,19.097677,99.9
72.0,92,19.097677,99.9
72.5,92,19.097677,99.9
73.0,92,19.097677,99.9
73.5,92,19.097677,99.9
74.0,92,19.097677,99.9
74.5,92,19.097677,99.9
75.0,92,19.097677,99.9
75.5,92,19.097677,99.9
76.0,92,19.097677,99.9
76.5,92,19.097677,99.9
77.0,92,19.097677,99.9
77.5,92,19.097677,99.9
78.0,92,19.097677,99.9
78.5,92,19.097677,99.9
79.0,92,19.097677,99.9
79.5,92,19.097677,99.9
80.0,92,19.097677,99.9
80.5,92,22.354393,99.715002
81.0,92,27.338267,98.827961
81.5,92,29.713043,97.875535
82.0,92,31.398264,96.856952
82.5,92,32.75243,95.771436
83.0,92,33.910885,94.618215
83.5,92,34.940098,93.396515
84.0,92,35.877921,92.105562
84.5,92,36.748107,90.744582
85.0,92,37.566638,89.312802
85.5,92,38.344861,87.809448
86.0,92,39.091186,86.233746
86.5,92,39.812076,84.584923
87.0,92,40.51266,82.862204
87.5,92,41.197126,81.064817
88.0,92,41.868992,79.191987
88.5,92,42.531286,77.242941
89.0,92,43.186687,75.216905
89.5,92,43.837627,73.113105
90.0,92,44.486367,70.930768
90.5,92,45.135069,68.669119
91.0,92,45.785853,66.327386
91.5,92,46.440849,63.904794
92.0,92,47.102253,61.40057
92.5,92,47.772386,58.81394
93.0,92,48.453756,56.14413
93.5,92,49.149136,53.390367
94.0,92,49.861661,50.551877
94.5,92,50.594952,47.627885
95.0,92,51.353282,44.61762
95.5,92,52.141807,41.520306
96.0,92,52.966897,38.33517
96.5,92,53.836623,35.061439
97.0,92,54.761511,31.698338
97.5,92,55.755759,28.245094
98.0,92,56.839311,24.700934
98.5,92,58.041651,21.065083
99.0,92,59.409405,17.336767
99.5,92,61.023621,13.515214
100.0,92,63.04706,9.59965
100.5,92,65.902166,5.589299
101.0,92,71.744973,1.48339
101.5,92,80.902323,0.1
102.0,92,80.902323,0.1
102.5,92,80.902323,0.1
103.0,92,80.902323,0.1
103.5,92,80.902323,0.1
104.0,92,80.902323,0.1
30.0,93,80.902323,0.1
30.5,93,80.902323,0.1
31.0,93,80.902323,0.1
31.5,93,80.902323,0.1
32.0,93,80.902323,0.1
32.5,93,80.902323,0.1
33.0,93,80.902323,0.1
33.5,93,72.425537,1.246281
34.0,93,68.612822,3.135217
34.5,93,66.420563,5.028917
35.0,93,64.812794,6.926606
35.5,93,63.514534,8.827512
36.0,93,62.40969,10.73086
36.5,93,61.437736,12.635876
37.0,93,60.5629,14.541788
37.5,93,59.762181,16.44782
38.0,93,59.019866,18.3532
38.5,93,58.324711,20.257154
39.0,93,57.668375,22.158907
39.5,93,57.044481,24.057687
40.0,93,56.448037,25.95272
40.5,93,55.87505,27.843231
41.0,93,55.322267,29.728448
41.5,93,54.787002,31.607596
42.0,93,54.266997,33.479902
42.5,93,53.760337,35.344592
43.0,93,53.265373,37.200892
43.5,93,52.780674,39.048029
44.0,93,52.304983,40.885229
44.5,93,51.837184,42.711718
45.0,93,51.37628,44.526723
45.5,93,50.921368,46.329469
46.0,93,50.471625,48.119184
46.5,93,50.026296,49.895093
47.0,93,49.584677,51.656422
47.5,93,49.146109,53.402399
48.0,93,48.709967,55.132249
48.5,93,48.275656,56.845198
49.0,93,47.842602,58.540473
49.5,93,47.410243,60.2173
50.0,93,46.97803,61.874906
50.5,93,46.545415,63.512517
51.0,93,46.111848,65.129358
51.5,93,45.676773,66.724657
52.0,93,45.239619,68.297639
52.5,93,44.799796,69.847531
53.0,93,44.356689,71.373559
53.5,93,43.909646,72.87495
54.0,93,43.457976,74.35093
54.5,93,43.000932,75.800724
55.0,93,42.537705,77.22356
55.5,93,42.067406,78.618663
56.0,93,41.589051,79.985261
56.5,93,41.101537,81.322578
57.0,93,40.603618,82.629842
57.5,93,40.093867,83.906279
58.0,93,39.570635,85.151115
58.5,93,39.031992,86.363576
59.0,93,38.475646,87.542889
59.5,93,37.898841,88.68828
60.0,93,37.2982,89.798975
60.5,93,36.669518,90.8742
61.0,93,36.007444,91.913183
61.5,93,35.304993,92.915148
62.0,93,34.552781,93.879323
62.5,93,33.737728,94.804933
63.0,93,32.840756,95.691206
63.5,93,31.832322,96.537366
64.0,93,30.662768,97.342642
64.5,93,29.237934,98.106258
65.0,93,27.339967,98.827441
65.5,93,24.204058,99.505418
66.0,93,19.097677,99.9
66.5,93,19.097677,99.9
67.0,93,19.097677,99.9
67.5,93,19.097677,99.9
68.0,93,19.097677,99.9
68.5,93,19.097677,99.9
69.0,93,19.097677,99.9
69.5,93,19.097677,99.9
70.0,93,19.097677,99.9
70.5,93,19.097677,99.9
71.0,93,19.097677,99.9
71.5,93,19.097677,99.9
72.0,93,19.097677,99.9
72.5,93,19.097677,99.9
73.0,93,19.097677,99.9
73.5,93,19.097677,99.9
74.0,93,19.097677,99.9
74.5,93,19.097677,99.9
75.0,93,19.097677,99.9
75.5,93,19.097677,99.9
76.0,93,19.097677,99.9
76.5,93,19.097677,99.9
77.0,93,19.097677,99.9
77.5,93,19.097677,99.9
78.0,93,19.097677,99.9
78.5,93,24.681868,99.432628
79.0,93,27.880295,98.651565
79.5,93,29.848352,97.805631
80.0,93,31.345542,96.894053
80.5,93,32.58973,95.916057
81.0,93,33.675399,94.87087
81.5,93,34.652516,93.757718
82.0,93,35.550911,92.575826
82.5,93,36.389933,91.324422
83.0,93,37.182928,90.002731
83.5,93,37.939557,88.60998
84.0,93,38.667091,87.145395
84.5,93,39.37119,85.608203
85.0,93,40.056395,83.99763
85.5,93,40.726445,82.312901
86.0,93,41.384499,80.553244
86.5,93,42.033293,78.717885
87.0,93,42.675255,76.806049
87.5,93,43.31259,74.816964
88.0,93,43.94735,72.749855
88.5,93,44.581488,70.603949
89.0,93,45.216914,68.378472
89.5,93,45.855533,66.07265
90.0,93,46.499295,63.68571
90.5,93,47.150239,61.216878
91.0,93,47.810544,58.66538
91.5,93,48.482589,56.030443
92.0,93,49.169027,53.311292
92.5,93,49.872872,50.507155
93.0,93,50.597621,47.617257
93.5,93,51.347412,44.640824
94.0,93,52.127247,41.577084
94.5,93,52.943307,38.425262
95.0,93,53.803418,35.184584
95.5,93,54.717776,31.854278
96.0,93,55.700093,28.433568
96.5,93,56.769564,24.921682
97.0,93,57.954412,21.317846
97.5,93,59.298945,17.621285
98.0,93,60.879333,13.831227
98.5,93,62.845833,9.946898
99.0,93,65.575057,5.967523
99.5,93,70.765124,1.892329
100.0,93,80.902323,0.1
100.5,93,80.902323,0.1
101.0,93,80.902323,0.1
101.5,93,80.902323,0.1
102.0,93,80.902323,0.1
102.5,93,80.902323,0.1
103.0,93,80.902323,0.1
103.5,93,80.902323,0.1
104.0,93,80.902323,0.1
30.0,94,80.902323,0.1
30.5,94,80.902323,0.1
31.0,94,80.902323,0.1
31.5,94,80.902323,0.1
32.0,94,80.902323,0.1
32.5,94,80.902323,0.1
33.0,94,80.902323,0.1
33.5,94,79.593115,0.154164
34.0,94,70.291251,2.122278
34.5,94,67.400429,4.092574
35.0,94,65.494,6.064279
35.5,94,64.026126,8.03662
36.0,94,62.810491,10.008821
36.5,94,61.759816,11.980111
37.0,94,60.825814,13.949714
37.5,94,59.978808,15.916857
38.0,94,59.199185,17.880768
38.5,94,58.473261,19.84067
39.0,94,57.791084,21.795792
39.5,94,57.145176,23.74536
40.0,94,56.529757,25.688599
40.5,94,55.94026,27.624735
41.0,94,55.373007,29.552997
41.5,94,54.824981,31.472608
42.0,94,54.293673,33.382797
42.5,94,53.776969,35.282789
43.0,94,53.273063,37.17181
43.5,94,52.780399,39.049087
44.0,94,52.297617,40.913846
44.5,94,51.823523,42.765313
45.0,94,51.357053,44.602715
45.5,94,50.897253,46.425277
46.0,94,50.44326,48.232227
46.5,94,49.994287,50.02279
47.0,94,49.549609,51.796193
47.5,94,49.108551,53.551662
48.0,94,48.670482,55.288424
48.5,94,48.234806,57.005704
49.0,94,47.800954,58.702728
49.5,94,47.368377,60.378724
50.0,94,46.936546,62.032918
50.5,94,46.504938,63.664535
51.0,94,46.073039,65.272803
51.5,94,45.640335,66.856946
52.0,94,45.20631,68.416193
52.5,94,44.770437,69.949768
53.0,94,44.332176,71.456899
53.5,94,43.89097,72.936811
54.0,94,43.446235,74.388731
54.5,94,42.997358,75.811885
55.0,94,42.543684,77.205499
55.5,94,42.084515,78.5688
56.0,94,41.619092,79.901014
56.5,94,41.146588,81.201368
57.0,94,40.666093,82.469087
57.5,94,40.176593,83.703397
58.0,94,39.676955,84.903526
58.5,94,39.165889,86.068699
59.0,94,38.641925,87.198143
59.5,94,38.103356,88.291084
60.0,94,37.548185,89.346749
60.5,94,36.974041,90.364363
61.0,94,36.378069,91.343152
61.5,94,35.756774,92.282344
62.0,94,35.105796,93.181165
62.5,94,34.419576,94.03884
63.0,94,33.690842,94.854596
63.5,94,32.909776,95.62766
64.0,94,32.062612,96.357257
64.5,94,31.129063,97.042614
65.0,94,30.077247,97.682957
65.5,94,28.852322,98.277513
66.0,94,27.346279,98.825507
66.5,94,25.290818,99.326167
67.0,94,21.538868,99.778718
67.5,94,19.097677,99.9
68.0,94,19.097677,99.9
68.5,94,19.097677,99.9
69.0,94,19.097677,99.9
69.5,94,19.097677,99.9
70.0,94,19.097677,99.9
70.5,94,19.097677,99.9
71.0,94,19.097677,99.9
71.5,94,19.097677,99.9
72.0,94,19.097677,99.9
72.5,94,19.097677,99.9
73.0,94,19.097677,99.9
73.5,94,19.097677,99.9
74.0,94,19.097677,99.9
74.5,94,19.097677,99.9
75.0,94,20.415372,99.845411
75.5,94,25.097477,99.361738
76.0,94,27.377089,98.816029
76.5,94,29.013729,98.207511
77.0,94,30.33941,97.53541
77.5,94,31.47966,96.798953
78.0,94,32.496196,95.997365
78.5,94,33.424213,95.129874
79.0,94,34.285834,94.195704
79.5,94,35.095971,93.194084
80.0,94,35.86522,92.124238
80.5,94,36.601439,90.985394
81.0,94,37.310656,89.776777
81.5,94,37.997641,88.497614
82.0,94,38.666264,87.14713
82.5,94,39.319743,85.724554
83.0,94,39.960813,84.22911
83.5,94,40.591847,82.660024
84.0,94,41.214946,81.016525
84.5,94,41.83201,79.297836
85.0,94,42.444788,77.503186
85.5,94,43.054925,75.631799
86.0,94,43.664001,73.682903
86.5,94,44.273557,71.655724
87.0,94,44.885132,69.549487
87.5,94,45.500293,67.36342
88.0,94,46.120662,65.096749
88.5,94,46.747951,62.748699
89.0,94,47.384003,60.318497
89.5,94,48.030831,57.80537
90.0,94,48.69068,55.208544
90.5,94,49.366089,52.527245
91.0,94,50.059984,49.760698
91.5,94,50.775794,46.908132
92.0,94,51.51761,43.968771
92.5,94,52.290412,40.941843
93.0,94,53.100388,37.826573
93.5,94,53.955409,34.622188
94.0,94,54.865768,31.327914
94.5,94,55.845363,27.942977
95.0,94,56.913716,24.466604
95.5,94,58.099648,20.89802
96.0,94,59.448625,17.236453
96.5,94,61.039321,13.481129
97.0,94,63.028515,9.631273
97.5,94,65.816817,5.686112
98.0,94,71.333325,1.644873
98.5,94,80.902323,0.1
99.0,94,80.902323,0.1
99.5,94,80.902323,0.1
100.0,94,80.902323,0.1
100.5,94,80.902323,0.1
101.0,94,80.902323,0.1
101.5,94,80.902323,0.1
102.0,94,80.902323,0.1
102.5,94,80.902323,0.1
103.0,94,80.902323,0.1
103.5,94,80.902323,0.1
104.0,94,80.902323,0.1
30.0,95,80.902323,0.1
30.5,95,80.902323,0.1
31.0,95,80.902323,0.1
31.5,95,80.902323,0.1
32.0,95,80.902323,0.1
32.5,95,80.902323,0.1
33.0,95,80.902323,0.1
33.5,95,80.902323,0.1
34.0,95,76.687166,0.380708
34.5,95,69.734321,2.422318
35.0,95,66.993402,4.462755
35.5,95,65.140036,6.501246
36.0,95,63.698288,8.537018
36.5,95,62.497635,10.569297
37.0,95,61.456351,12.597308
37.5,95,60.528591,14.620279
38.0,95,59.685922,16.637436
38.5,95,58.909424,18.648004
39.0,95,58.185833,20.65121
39.5,95,57.505465,22.646281
40.0,95,56.861019,24.632443
40.5,95,56.246841,26.608922
41.0,95,55.658454,28.574944
41.5,95,55.092247,30.529736
42.0,95,54.545257,32.472523
42.5,95,54.015019,34.402533
43.0,95,53.499452,36.318991
43.5,95,52.996784,38.221124
44.0,95,52.505485,40.108159
44.5,95,52.024225,41.97932
45.0,95,51.551834,43.833835
45.5,95,51.087275,45.67093
46.0,95,50.629622,47.489832
46.5,95,50.178039,49.289766
47.0,95,49.731769,51.069958
47.5,95,49.29012,52.829636
48.0,95,48.852452,54.568026
48.5,95,48.418174,56.284352
49.0,95,47.986733,57.977843
49.5,95,47.557607,59.647724
50.0,95,47.130303,61.293222
50.5,95,46.704351,62.913563
51.0,95,46.279298,64.507972
51.5,95,45.854706,66.075678
52.0,95,45.430151,67.615904
52.5,95,45.005216,69.127879
53.0,95,44.579491,70.610829
53.5,95,44.152568,72.063978
54.0,95,43.724044,73.486555
54.5,95,43.293512,74.877785
55.0,95,42.860565,76.236894
55.5,95,42.42479,77.563109
56.0,95,41.985771,78.855656
56.5,95,41.543083,80.113762
57.0,95,41.096295,81.336652
57.5,95,40.644966,82.523553
58.0,95,40.18865,83.673691
58.5,95,39.726892,84.786293
59.0,95,39.259233,85.860584
59.5,95,38.785213,86.895792
60.0,95,38.304377,87.891141
60.5,95,37.816284,88.84586
61.0,95,37.32052,89.759174
61.5,95,36.816719,90.630308
62.0,95,36.304589,91.458491
62.5,95,35.783954,92.242947
63.0,95,35.254811,92.982903
63.5,95,34.717412,93.677586
64.0,95,34.172374,94.326221
64.5,95,33.620844,94.928035
65.0,95,33.064714,95.482255
65.5,95,32.506925,95.988106
66.0,95,31.951854,96.444815
66.5,95,31.405815,96.851608
67.0,95,30.877627,97.207712
67.5,95,30.379182,97.512352
68.0,95,29.925794,97.764755
68.5,95,29.536001,97.964148
69.0,95,29.23036,98.109756
69.5,95,29.028904,98.200806
70.0,95,28.947495,98.236525
70.5,95,28.994132,98.216137
71.0,95,29.166857,98.138871
71.5,95,29.454343,98.003951
72.0,95,29.838845,97.810605
72.5,95,30.30004,97.558059
73.0,95,30.818282,97.245538
73.5,95,31.376559,96.87227
74.0,95,31.961218,96.43748
74.5,95,32.561893,95.940395
75.0,95,33.171038,95.380241
75.5,95,33.783351,94.756244
76.0,95,34.395237,94.067632
76.5,95,35.004362,93.313629
77.0,95,35.609303,92.493462
77.5,95,36.209289,91.606358
78.0,95,36.804017,90.651542
78.5,95,37.393505,89.628242
79.0,95,37.978007,88.535683
79.5,95,38.557939,87.373092
80.0,95,39.13383,86.139695
80.5,95,39.706296,84.834718
81.0,95,40.276013,83.457388
81.5,95,40.843708,82.00693
82.0,95,41.410146,80.482572
82.5,95,41.976132,78.883539
83.0,95,42.542507,77.209058
83.5,95,43.110153,75.458355
84.0,95,43.68,73.630656
84.5,95,44.25303,71.725188
85.0,95,44.830291,69.741176
85.5,95,45.412908,67.677848
86.0,95,46.002103,65.534429
86.5,95,46.59921,63.310147
87.0,95,47.205708,61.004226
87.5,95,47.823247,58.615893
88.0,95,48.453693,56.144375
88.5,95,49.09918,53.588898
89.0,95,49.762177,50.948689
89.5,95,50.445582,48.222972
90.0,95,51.152846,45.410976
90.5,95,51.888141,42.511926
91.0,95,52.656602,39.525048
91.5,95,53.464676,36.449568
92.0,95,54.320649,33.284714
92.5,95,55.235462,30.029711
93.0,95,56.224048,26.683785
93.5,95,57.307641,23.246163
94.0,95,58.518066,19.716072
94.5,95,59.906536,16.092737
95.0,95,61.564242,12.375384
95.5,95,63.68151,8.563241
96.0,95,66.792124,4.655532
96.5,95,74.829561,0.651486
97.0,95,80.902323,0.1
97.5,95,80.902323,0.1
98.0,95,80.902323,0.1
98.5,95,80.902323,0.1
99.0,95,80.902323,0.1
99.5,95,80.902323,0.1
100.0,95,80.902323,0.1
100.5,95,80.902323,0.1
101.0,95,80.902323,0.1
101.5,95,80.902323,0.1
102.0,95,80.902323,0.1
102.5,95,80.902323,0.1
103.0,95,80.902323,0.1
103.5,95,80.902323,0.1
104.0,95,80.902323,0.1
30.0,96,80.902323,0.1
30.5,96,80.902323,0.1
31.0,96,80.902323,0.1
31.5,96,80.902323,0.1
32.0,96,80.902323,0.1
32.5,96,80.902323,0.1
33.0,96,80.902323,0.1
33.5,96,80.902323,0.1
34.0,96,80.902323,0.1
34.5,96,80.902323,0.1
35.0,96,70.468298,2.03374
35.5,96,67.354452,4.133099
36.0,96,65.359806,6.227157
36.5,96,63.841817,8.315141
37.0,96,62.592902,10.396277
37.5,96,61.518181,12.469792
38.0,96,60.565912,14.534911
38.5,96,59.704601,16.590861
39.0,96,58.913576,18.636868
39.5,96,58.178494,20.672159
40.0,96,57.488971,22.69596
40.5,96,56.837233,24.707497
41.0,96,56.217292,26.705996
41.5,96,55.624438,28.690684
42.0,96,55.054885,30.660787
42.5,96,54.505546,32.615531
43.0,96,53.97386,34.554143
43.5,96,53.457681,36.475849
44.0,96,52.955189,38.379875
44.5,96,52.464823,40.265447
45.0,96,51.985231,42.131792
45.5,96,51.515236,43.978136
46.0,96,51.053802,45.803705
46.5,96,50.600014,47.607726
47.0,96,50.153055,49.389425
47.5,96,49.712192,51.148028
48.0,96,49.276769,52.882761
48.5,96,48.846188,54.592851
49.0,96,48.419908,56.277524
49.5,96,47.997433,57.936007
50.0,96,47.578314,59.567525
50.5,96,47.162134,61.171305
51.0,96,46.748513,62.746574
51.5,96,46.337102,64.292557
52.0,96,45.927582,65.80848
52.5,96,45.519659,67.293571
53.0,96,45.113068,68.747055
53.5,96,44.707569,70.168159
54.0,96,44.30295,71.556109
54.5,96,43.899028,72.910131
55.0,96,43.495645,74.229451
55.5,96,43.092682,75.513296
56.0,96,42.690049,76.760893
56.5,96,42.287701,77.971467
57.0,96,41.885636,79.144244
57.5,96,41.483907,80.278452
58.0,96,41.082626,81.373316
58.5,96,40.681978,82.428062
59.0,96,40.282233,83.441917
59.5,96,39.88376,84.414108
60.0,96,39.487043,85.34386
60.5,96,39.092707,86.230399
61.0,96,38.701536,87.072953
61.5,96,38.314502,87.870747
62.0,96,37.932796,88.623007
62.5,96,37.557859,89.328961
63.0,96,37.191414,89.987833
63.5,96,36.835498,90.598851
64.0,96,36.492489,91.161241
64.5,96,36.165124,91.674229
65.0,96,35.8565,92.137041
65.5,96,35.570051,92.548904
66.0,96,35.309496,92.909044
66.5,96,35.078746,93.216687
67.0,96,34.881767,93.471059
67.5,96,34.722404,93.671388
68.0,96,34.60417,93.816898
68.5,96,34.530017,93.906817
69.0,96,34.502128,93.94037
69.5,96,34.521745,93.916785
70.0,96,34.589075,93.835286
70.5,96,34.703281,93.695102
71.0,96,34.862563,93.495457
71.5,96,35.064315,93.235578
72.0,96,35.30533,92.914691
72.5,96,35.582026,92.532024
73.0,96,35.890657,92.086801
73.5,96,36.227501,91.57825
74.0,96,36.589003,91.005596
74.5,96,36.971872,90.368066
75.0,96,37.373147,89.664886
75.5,96,37.79022,88.895282
76.0,96,38.220847,88.058482
76.5,96,38.663128,87.15371
77.0,96,39.115492,86.180194
77.5,96,39.576659,85.137159
78.0,96,40.045621,84.023832
78.5,96,40.521606,82.839439
79.0,96,41.004051,81.583207
79.5,96,41.492581,80.254362
80.0,96,41.98699,78.85213
80.5,96,42.487218,77.375737
81.0,96,42.993345,75.824409
81.5,96,43.505577,74.197374
82.0,96,44.02424,72.493857
82.5,96,44.549779,70.713084
83.0,96,45.082758,68.854282
83.5,96,45.623865,66.916677
84.0,96,46.173915,64.899496
84.5,96,46.733871,62.801964
85.0,96,47.304856,60.623308
85.5,96,47.888175,58.362755
86.0,96,48.485356,56.01953
86.5,96,49.098183,53.59286
87.0,96,49.728757,51.081971
87.5,96,50.379572,48.486089
88.0,96,51.053617,45.804441
88.5,96,51.754513,43.036253
89.0,96,52.486713,40.180752
89.5,96,53.255785,37.237163
90.0,96,54.068826,34.204712
90.5,96,54.935096,31.082627
91.0,96,55.867038,27.870134
91.5,96,56.881963,24.566458
92.0,96,58.00508,21.170826
92.5,96,59.275341,17.682465
93.0,96,60.758105,14.1006
93.5,96,62.577307,10.424458
94.0,96,65.021232,6.653265
94.5,96,69.131804,2.786248
95.0,96,80.902323,0.1
95.5,96,80.902323,0.1
96.0,96,80.902323,0.1
96.5,96,80.902323,0.1
97.0,96,80.902323,0.1
97.5,96,80.902323,0.1
98.0,96,80.902323,0.1
98.5,96,80.902323,0.1
99.0,96,80.902323,0.1
99.5,96,80.902323,0.1
100.0,96,80.902323,0.1
100.5,96,80.902323,0.1
101.0,96,80.902323,0.1
101.5,96,80.902323,0.1
102.0,96,80.902323,0.1
102.5,96,80.902323,0.1
103.0,96,80.902323,0.1
103.5,96,80.902323,0.1
104.0,96,80.902323,0.1
