raw,Aylik_Yas,norm,percentile
32.0,70,80.902323,0.1
32.5,70,80.902323,0.1
33.0,70,80.902323,0.1
33.5,70,80.902323,0.1
34.0,70,80.902323,0.1
34.5,70,80.902323,0.1
35.0,70,80.902323,0.1
35.5,70,80.902323,0.1
36.0,70,80.902323,0.1
36.5,70,80.902323,0.1
37.0,70,80.902323,0.1
37.5,70,80.902323,0.1
38.0,70,80.902323,0.1
38.5,70,80.902323,0.1
39.0,70,80.902323,0.1
39.5,70,80.902323,0.1
40.0,70,80.902323,0.1
40.5,70,80.902323,0.1
41.0,70,80.902323,0.1
41.5,70,80.902323,0.1
42.0,70,80.902323,0.1
42.5,70,80.902323,0.1
43.0,70,80.902323,0.1
43.5,70,80.902323,0.1
44.0,70,80.902323,0.1
44.5,70,80.902323,0.1
45.0,70,80.902323,0.1
45.5,70,80.902323,0.1
46.0,70,80.902323,0.1
46.5,70,80.902323,0.1
47.0,70,80.902323,0.1
47.5,70,80.902323,0.1
48.0,70,75.912315,0.478166
48.5,70,71.851708,1.443816
49.0,70,69.76618,2.404241
49.5,70,68.304065,3.359459
50.0,70,67.158488,4.309486
50.5,70,66.206775,5.254341
51.0,70,65.386866,6.194042
51.5,70,64.662797,7.128605
52.0,70,64.011775,8.05805
52.5,70,63.418401,8.982393
53.0,70,62.871758,9.901651
53.5,70,62.363812,10.815844
54.0,70,61.888473,11.724988
54.5,70,61.441003,12.629102
55.0,70,61.017646,13.528202
55.5,70,60.615365,14.422307
56.0,70,60.231674,15.311434
56.5,70,59.864506,16.195601
57.0,70,59.512125,17.074826
57.5,70,59.173056,17.949126
58.0,70,58.846037,18.818519
58.5,70,58.529979,19.683023
59.0,70,58.223933,20.542656
59.5,70,57.927068,21.397434
60.0,70,57.638653,22.247376
60.5,70,57.35804,23.0925
61.0,70,57.084651,23.932822
61.5,70,56.817971,24.768362
62.0,70,56.557535,25.599136
62.5,70,56.302925,26.425163
63.0,70,56.05376,27.246459
63.5,70,55.809697,28.063043
64.0,70,55.570421,28.874932
64.5,70,55.335645,29.682144
65.0,70,55.105104,30.484697
65.5,70,54.878556,31.282608
66.0,70,54.655776,32.075895
66.5,70,54.436557,32.864576
67.0,70,54.220708,33.648669
67.5,70,54.008049,34.42819
68.0,70,53.798414,35.203158
68.5,70,53.591648,35.973591
69.0,70,53.387605,36.739506
69.5,70,53.186151,37.500921
70.0,70,52.987156,38.257853
70.5,70,52.7905,39.010321
71.0,70,52.596071,39.758342
71.5,70,52.403762,40.501933
72.0,70,52.21347,41.241112
72.5,70,52.025101,41.975898
73.0,70,51.838564,42.706307
73.5,70,51.653771,43.432358
74.0,70,51.470642,44.154068
74.5,70,51.289097,44.871454
75.0,70,51.109062,45.584535
75.5,70,50.930466,46.293328
76.0,70,50.753239,46.997851
76.5,70,50.577316,47.698121
77.0,70,50.402634,48.394157
77.5,70,50.229132,49.085975
78.0,70,50.056752,49.773594
78.5,70,49.885437,50.457032
79.0,70,49.715132,51.136305
79.5,70,49.545785,51.811432
80.0,70,49.377345,52.48243
80.5,70,49.209762,53.149317
81.0,70,49.042987,53.812111
81.5,70,48.876973,54.47083
82.0,70,48.711675,55.12549
82.5,70,48.547048,55.776111
83.0,70,48.383047,56.422708
83.5,70,48.219631,57.065301
84.0,70,48.056756,57.703907
84.5,70,47.894381,58.338543
85.0,70,47.732465,58.969228
85.5,70,47.570969,59.595978
86.0,70,47.409851,60.218812
86.5,70,47.249073,60.837748
87.0,70,47.088596,61.452802
87.5,70,46.928381,62.063993
88.0,70,46.768389,62.671338
88.5,70,46.608582,63.274856
89.0,70,46.448921,63.874563
89.5,70,46.289368,64.470478
90.0,70,46.129884,65.062617
90.5,70,45.970432,65.651
91.0,70,45.810972,66.235643
91.5,70,45.651464,66.816564
92.0,70,45.491871,67.393781
92.5,70,45.332151,67.967312
93.0,70,45.172264,68.537174
93.5,70,45.012171,69.103384
94.0,70,44.851828,69.665962
94.5,70,44.691194,70.224924
95.0,70,44.530226,70.780287
95.5,70,44.368879,71.332071
96.0,70,44.20711,71.880292
96.5,70,44.04487,72.424968
97.0,70,43.882115,72.966116
97.5,70,43.718793,73.503756
98.0,70,43.554856,74.037903
98.5,70,43.390252,74.568576
99.0,70,43.224927,75.095793
99.5,70,43.058826,75.61957
100.0,70,42.891892,76.139927
100.5,70,42.724064,76.65688
101.0,70,42.555281,77.170448
101.5,70,42.385478,77.680648
102.0,70,42.214589,78.187497
102.5,70,42.042541,78.691013
103.0,70,41.869261,79.191215
103.5,70,41.694672,79.688119
104.0,70,41.518692,80.181744
104.5,70,41.341235,80.672107
105.0,70,41.162209,81.159225
105.5,70,40.981521,81.643117
106.0,70,40.799067,82.123801
106.5,70,40.61474,82.601293
107.0,70,40.428425,83.075611
107.5,70,40.240001,83.546774
108.0,70,40.049337,84.014799
108.5,70,39.856294,84.479703
109.0,70,39.660722,84.941505
109.5,70,39.46246,85.400222
110.0,70,39.261336,85.855871
110.5,70,39.057163,86.308471
111.0,70,38.849739,86.758038
111.5,70,38.638843,87.204592
112.0,70,38.424238,87.648149
112.5,70,38.205661,88.088727
113.0,70,37.982828,88.526344
113.5,70,37.755424,88.961017
114.0,70,37.523103,89.392765
114.5,70,37.285481,89.821604
115.0,70,37.042132,90.247553
115.5,70,36.79258,90.670629
116.0,70,36.536293,91.090851
116.5,70,36.272668,91.508234
117.0,70,36.001026,91.922798
117.5,70,35.720588,92.334561
118.0,70,35.430466,92.743538
118.5,70,35.129629,93.14975
119.0,70,34.81688,93.553212
119.5,70,34.490812,93.953943
120.0,70,34.149756,94.351961
120.5,70,33.791712,94.747282
121.0,70,33.414251,95.139926
121.5,70,33.014384,95.529909
122.0,70,32.588371,95.917249
122.5,70,32.131437,96.301964
123.0,70,31.637356,96.684072
123.5,70,31.097775,97.06359
124.0,70,30.501104,97.440536
124.5,70,29.830569,97.814927
125.0,70,29.060491,98.186782
125.5,70,28.14847,98.556118
126.0,70,27.016335,98.922953
126.5,70,25.492001,99.287304
127.0,70,23.039262,99.649189
127.5,70,19.097677,99.9
128.0,70,19.097677,99.9
128.5,70,19.097677,99.9
129.0,70,19.097677,99.9
129.5,70,19.097677,99.9
130.0,70,19.097677,99.9
130.5,70,19.097677,99.9
131.0,70,19.097677,99.9
131.5,70,19.097677,99.9
132.0,70,19.097677,99.9
132.5,70,19.097677,99.9
133.0,70,19.097677,99.9
133.5,70,19.097677,99.9
134.0,70,19.097677,99.9
134.5,70,19.097677,99.9
135.0,70,19.097677,99.9
135.5,70,19.097677,99.9
136.0,70,19.097677,99.9
136.5,70,19.097677,99.9
137.0,70,19.097677,99.9
137.5,70,19.097677,99.9
138.0,70,19.097677,99.9
138.5,70,19.097677,99.9
139.0,70,19.097677,99.9
139.5,70,19.097677,99.9
140.0,70,19.097677,99.9
140.5,70,19.097677,99.9
141.0,70,19.097677,99.9
141.5,70,19.097677,99.9
142.0,70,19.097677,99.9
142.5,70,19.097677,99.9
143.0,70,19.097677,99.9
143.5,70,19.097677,99.9
144.0,70,19.097677,99.9
144.5,70,19.097677,99.9
145.0,70,19.097677,99.9
145.5,70,19.097677,99.9
146.0,70,19.097677,99.9
146.5,70,19.097677,99.9
147.0,70,19.097677,99.9
147.5,70,19.097677,99.9
148.0,70,19.097677,99.9
148.5,70,19.097677,99.9
149.0,70,19.097677,99.9
149.5,70,19.097677,99.9
150.0,70,19.097677,99.9
150.5,70,19.097677,99.9
151.0,70,19.097677,99.9
151.5,70,19.097677,99.9
152.0,70,19.097677,99.9
152.5,70,19.097677,99.9
153.0,70,19.097677,99.9
153.5,70,19.097677,99.9
154.0,70,19.097677,99.9
154.5,70,19.097677,99.9
155.0,70,19.097677,99.9
155.5,70,19.097677,99.9
156.0,70,19.097677,99.9
156.5,70,19.097677,99.9
157.0,70,19.097677,99.9
157.5,70,19.097677,99.9
158.0,70,19.097677,99.9
158.5,70,19.097677,99.9
159.0,70,19.097677,99.9
159.5,70,19.097677,99.9
160.0,70,19.097677,99.9
160.5,70,19.097677,99.9
161.0,70,19.097677,99.9
161.5,70,19.097677,99.9
162.0,70,19.097677,99.9
162.5,70,19.097677,99.9
163.0,70,19.097677,99.9
163.5,70,19.097677,99.9
164.0,70,19.097677,99.9
164.5,70,19.097677,99.9
165.0,70,19.097677,99.9
165.5,70,19.097677,99.9
166.0,70,19.097677,99.9
166.5,70,19.097677,99.9
167.0,70,19.097677,99.9
167.5,70,19.097677,99.9
168.0,70,19.097677,99.9
168.5,70,19.097677,99.9
169.0,70,19.097677,99.9
169.5,70,19.097677,99.9
170.0,70,19.097677,99.9
170.5,70,19.097677,99.9
171.0,70,19.097677,99.9
171.5,70,19.097677,99.9
172.0,70,19.097677,99.9
172.5,70,19.097677,99.9
173.0,70,19.097677,99.9
173.5,70,19.097677,99.9
174.0,70,19.097677,99.9
174.5,70,19.097677,99.9
175.0,70,19.097677,99.9
175.5,70,19.097677,99.9
176.0,70,19.097677,99.9
176.5,70,19.097677,99.9
177.0,70,19.097677,99.9
177.5,70,19.097677,99.9
178.0,70,19.097677,99.9
178.5,70,19.097677,99.9
179.0,70,19.097677,99.9
179.5,70,19.097677,99.9
180.0,70,19.097677,99.9
180.5,70,19.097677,99.9
181.0,70,19.097677,99.9
181.5,70,19.097677,99.9
182.0,70,19.097677,99.9
182.5,70,19.097677,99.9
183.0,70,19.097677,99.9
32.0,71,80.902323,0.1
32.5,71,80.902323,0.1
33.0,71,80.902323,0.1
33.5,71,80.902323,0.1
34.0,71,80.902323,0.1
34.5,71,80.902323,0.1
35.0,71,80.902323,0.1
35.5,71,80.902323,0.1
36.0,71,80.902323,0.1
36.5,71,80.902323,0.1
37.0,71,80.902323,0.1
37.5,71,80.902323,0.1
38.0,71,80.902323,0.1
38.5,71,80.902323,0.1
39.0,71,80.902323,0.1
39.5,71,80.902323,0.1
40.0,71,80.902323,0.1
40.5,71,80.902323,0.1
41.0,71,80.902323,0.1
41.5,71,80.902323,0.1
42.0,71,80.902323,0.1
42.5,71,80.902323,0.1
43.0,71,80.902323,0.1
43.5,71,80.902323,0.1
44.0,71,80.902323,0.1
44.5,71,80.902323,0.1
45.0,71,80.902323,0.1
45.5,71,80.902323,0.1
46.0,71,80.902323,0.1
46.5,71,80.902323,0.1
47.0,71,80.902323,0.1
47.5,71,80.902323,0.1
48.0,71,80.902323,0.1
48.5,71,80.902323,0.1
49.0,71,80.902323,0.1
49.5,71,77.084739,0.337967
50.0,71,72.175522,1.329269
50.5,71,69.926524,2.314976
51.0,71,68.390888,3.295107
51.5,71,67.20214,4.269678
52.0,71,66.221364,5.238707
52.5,71,65.380178,6.202213
53.0,71,64.639623,7.160213
53.5,71,63.975292,8.112724
54.0,71,63.370838,9.059765
54.5,71,62.814745,10.001352
55.0,71,62.298585,10.937504
55.5,71,61.815992,11.868239
56.0,71,61.362034,12.793573
56.5,71,60.932809,13.713525
57.0,71,60.525174,14.628113
57.5,71,60.136557,15.537353
58.0,71,59.764828,16.441265
58.5,71,59.408197,17.339864
59.0,71,59.065149,18.23317
59.5,71,58.734387,19.1212
60.0,71,58.414794,20.003971
60.5,71,58.105397,20.881502
61.0,71,57.805347,21.753809
61.5,71,57.513896,22.620911
62.0,71,57.23038,23.482826
62.5,71,56.954212,24.33957
63.0,71,56.684863,25.191162
63.5,71,56.421861,26.037619
64.0,71,56.164779,26.878959
64.5,71,55.91323,27.7152
65.0,71,55.666865,28.54636
65.5,71,55.425363,29.372455
66.0,71,55.188432,30.193504
66.5,71,54.955804,31.009525
67.0,71,54.727232,31.820535
67.5,71,54.502488,32.626552
68.0,71,54.281363,33.427593
68.5,71,54.063662,34.223677
69.0,71,53.849204,35.01482
69.5,71,53.63782,35.801041
70.0,71,53.429353,36.582358
70.5,71,53.223656,37.358787
71.0,71,53.020592,38.130347
71.5,71,52.820031,38.897056
72.0,71,52.621853,39.65893
72.5,71,52.425942,40.415989
73.0,71,52.232191,41.168248
73.5,71,52.040499,41.915727
74.0,71,51.850767,42.658443
74.5,71,51.662906,43.396413
75.0,71,51.476828,44.129655
75.5,71,51.292451,44.858187
76.0,71,51.109695,45.582027
76.5,71,50.928486,46.301192
77.0,71,50.748752,47.0157
77.5,71,50.570425,47.725569
78.0,71,50.393438,48.430815
78.5,71,50.217728,49.131458
79.0,71,50.043236,49.827515
79.5,71,49.869902,50.519003
80.0,71,49.69767,51.20594
80.5,71,49.526485,51.888344
81.0,71,49.356297,52.566232
81.5,71,49.187052,53.239623
82.0,71,49.018703,53.908533
82.5,71,48.851202,54.572981
83.0,71,48.684501,55.232984
83.5,71,48.518556,55.88856
84.0,71,48.353322,56.539726
84.5,71,48.188757,57.186501
85.0,71,48.024817,57.828902
85.5,71,47.861462,58.466946
86.0,71,47.698651,59.100652
86.5,71,47.536344,59.730037
87.0,71,47.374502,60.355119
87.5,71,47.213087,60.975914
88.0,71,47.052059,61.592443
88.5,71,46.891381,62.20472
89.0,71,46.731015,62.812766
89.5,71,46.570925,63.416596
90.0,71,46.411074,64.01623
90.5,71,46.251423,64.611684
91.0,71,46.091938,65.202976
91.5,71,45.93258,65.790124
92.0,71,45.773314,66.373145
92.5,71,45.614103,66.952058
93.0,71,45.454908,67.52688
93.5,71,45.295694,68.097629
94.0,71,45.136423,68.664322
94.5,71,44.977056,69.226977
95.0,71,44.817556,69.785612
95.5,71,44.657884,70.340244
96.0,71,44.497999,70.890892
96.5,71,44.337864,71.437572
97.0,71,44.177435,71.980303
97.5,71,44.016673,72.519102
98.0,71,43.855534,73.053986
98.5,71,43.693976,73.584975
99.0,71,43.531952,74.112084
99.5,71,43.369419,74.635333
100.0,71,43.206328,75.154738
100.5,71,43.042632,75.670318
101.0,71,42.878279,76.182089
101.5,71,42.713219,76.69007
102.0,71,42.547398,77.194279
102.5,71,42.38076,77.694733
103.0,71,42.213247,78.191449
103.5,71,42.0448,78.684446
104.0,71,41.875355,79.173741
104.5,71,41.704848,79.659352
105.0,71,41.53321,80.141297
105.5,71,41.360369,80.619593
106.0,71,41.186249,81.094257
106.5,71,41.010773,81.565308
107.0,71,40.833856,82.032764
107.5,71,40.65541,82.496641
108.0,71,40.475343,82.956958
108.5,71,40.293555,83.413733
109.0,71,40.109943,83.866982
109.5,71,39.924395,84.316725
110.0,71,39.736793,84.762977
110.5,71,39.547011,85.205758
111.0,71,39.354913,85.645085
111.5,71,39.160354,86.080975
112.0,71,38.963179,86.513446
112.5,71,38.763221,86.942516
113.0,71,38.560297,87.368202
113.5,71,38.354212,87.790523
114.0,71,38.144754,88.209496
114.5,71,37.93169,88.625138
115.0,71,37.714768,89.037468
115.5,71,37.493712,89.446503
116.0,71,37.268217,89.85226
116.5,71,37.037949,90.254758
117.0,71,36.802537,90.654014
117.5,71,36.561568,91.050045
118.0,71,36.314583,91.44287
118.5,71,36.061068,91.832507
119.0,71,35.800443,92.218972
119.5,71,35.53205,92.602283
120.0,71,35.255142,92.982459
120.5,71,34.968861,93.359516
121.0,71,34.672219,93.733473
121.5,71,34.364064,94.104348
122.0,71,34.043048,94.472157
122.5,71,33.707572,94.836919
123.0,71,33.355722,95.198651
123.5,71,32.985183,95.557372
124.0,71,32.593107,95.913098
124.5,71,32.175941,96.265847
125.0,71,31.729167,96.615638
125.5,71,31.246913,96.962487
126.0,71,30.721336,97.306413
126.5,71,30.141623,97.647432
127.0,71,29.492235,97.985564
127.5,71,28.749626,98.320826
128.0,71,27.875461,98.653234
128.5,71,26.80055,98.982807
129.0,71,25.377992,99.309563
129.5,71,23.185144,99.63352
130.0,71,19.097677,99.9
130.5,71,19.097677,99.9
131.0,71,19.097677,99.9
131.5,71,19.097677,99.9
132.0,71,19.097677,99.9
132.5,71,19.097677,99.9
133.0,71,19.097677,99.9
133.5,71,19.097677,99.9
134.0,71,19.097677,99.9
134.5,71,19.097677,99.9
135.0,71,19.097677,99.9
135.5,71,19.097677,99.9
136.0,71,19.097677,99.9
136.5,71,19.097677,99.9
137.0,71,19.097677,99.9
137.5,71,19.097677,99.9
138.0,71,19.097677,99.9
138.5,71,19.097677,99.9
139.0,71,19.097677,99.9
139.5,71,19.097677,99.9
140.0,71,19.097677,99.9
140.5,71,19.097677,99.9
141.0,71,19.097677,99.9
141.5,71,19.097677,99.9
142.0,71,19.097677,99.9
142.5,71,19.097677,99.9
143.0,71,19.097677,99.9
143.5,71,19.097677,99.9
144.0,71,19.097677,99.9
144.5,71,19.097677,99.9
145.0,71,19.097677,99.9
145.5,71,19.097677,99.9
146.0,71,19.097677,99.9
146.5,71,19.097677,99.9
147.0,71,19.097677,99.9
147.5,71,19.097677,99.9
148.0,71,19.097677,99.9
148.5,71,19.097677,99.9
149.0,71,19.097677,99.9
149.5,71,19.097677,99.9
150.0,71,19.097677,99.9
150.5,71,19.097677,99.9
151.0,71,19.097677,99.9
151.5,71,19.097677,99.9
152.0,71,19.097677,99.9
152.5,71,19.097677,99.9
153.0,71,19.097677,99.9
153.5,71,19.097677,99.9
154.0,71,19.097677,99.9
154.5,71,19.097677,99.9
155.0,71,19.097677,99.9
155.5,71,19.097677,99.9
156.0,71,19.097677,99.9
156.5,71,19.097677,99.9
157.0,71,19.097677,99.9
157.5,71,19.097677,99.9
158.0,71,19.097677,99.9
158.5,71,19.097677,99.9
159.0,71,19.097677,99.9
159.5,71,19.097677,99.9
160.0,71,19.097677,99.9
160.5,71,19.097677,99.9
161.0,71,19.097677,99.9
161.5,71,19.097677,99.9
162.0,71,19.097677,99.9
162.5,71,19.097677,99.9
163.0,71,19.097677,99.9
163.5,71,19.097677,99.9
164.0,71,19.097677,99.9
164.5,71,19.097677,99.9
165.0,71,19.097677,99.9
165.5,71,19.097677,99.9
166.0,71,19.097677,99.9
166.5,71,19.097677,99.9
167.0,71,19.097677,99.9
167.5,71,19.097677,99.9
168.0,71,19.097677,99.9
168.5,71,19.097677,99.9
169.0,71,19.097677,99.9
169.5,71,19.097677,99.9
170.0,71,19.097677,99.9
170.5,71,19.097677,99.9
171.0,71,19.097677,99.9
171.5,71,19.097677,99.9
172.0,71,19.097677,99.9
172.5,71,19.097677,99.9
173.0,71,19.097677,99.9
173.5,71,19.097677,99.9
174.0,71,19.097677,99.9
174.5,71,19.097677,99.9
175.0,71,19.097677,99.9
175.5,71,19.097677,99.9
176.0,71,19.097677,99.9
176.5,71,19.097677,99.9
177.0,71,19.097677,99.9
177.5,71,19.097677,99.9
178.0,71,19.097677,99.9
178.5,71,19.097677,99.9
179.0,71,19.097677,99.9
179.5,71,19.097677,99.9
180.0,71,19.097677,99.9
180.5,71,19.097677,99.9
181.0,71,19.097677,99.9
181.5,71,19.097677,99.9
182.0,71,19.097677,99.9
182.5,71,19.097677,99.9
183.0,71,19.097677,99.9
32.0,72,80.902323,0.1
32.5,72,80.902323,0.1
33.0,72,80.902323,0.1
33.5,72,80.902323,0.1
34.0,72,80.902323,0.1
34.5,72,80.902323,0.1
35.0,72,80.902323,0.1
35.5,72,80.902323,0.1
36.0,72,80.902323,0.1
36.5,72,80.902323,0.1
37.0,72,80.902323,0.1
37.5,72,80.902323,0.1
38.0,72,80.902323,0.1
38.5,72,80.902323,0.1
39.0,72,80.902323,0.1
39.5,72,80.902323,0.1
40.0,72,80.902323,0.1
40.5,72,80.902323,0.1
41.0,72,80.902323,0.1
41.5,72,80.902323,0.1
42.0,72,80.902323,0.1
42.5,72,80.902323,0.1
43.0,72,80.902323,0.1
43.5,72,80.902323,0.1
44.0,72,80.902323,0.1
44.5,72,80.902323,0.1
45.0,72,80.902323,0.1
45.5,72,80.902323,0.1
46.0,72,80.902323,0.1
46.5,72,80.902323,0.1
47.0,72,80.902323,0.1
47.5,72,80.902323,0.1
48.0,72,80.902323,0.1
48.5,72,80.902323,0.1
49.0,72,80.902323,0.1
49.5,72,80.902323,0.1
50.0,72,80.902323,0.1
50.5,72,77.325539,0.314227
51.0,72,72.165655,1.33264
51.5,72,69.871892,2.345072
52.0,72,68.314676,3.351539
52.5,72,67.112161,4.352061
53.0,72,66.121326,5.346654
53.5,72,65.272183,6.335337
54.0,72,64.525003,7.318127
54.5,72,63.854961,8.295041
55.0,72,63.245455,9.266098
55.5,72,62.684808,10.231315
56.0,72,62.164483,11.190709
56.5,72,61.678036,12.144299
57.0,72,61.22048,13.092102
57.5,72,60.787869,14.034136
58.0,72,60.37703,14.970418
58.5,72,59.985364,15.900967
59.0,72,59.61072,16.8258
59.5,72,59.251293,17.744934
60.0,72,58.905554,18.658387
60.5,72,58.572196,19.566177
61.0,72,58.250091,20.468322
61.5,72,57.938259,21.364839
62.0,72,57.635844,22.255747
62.5,72,57.342092,23.141062
63.0,72,57.056336,24.020802
63.5,72,56.777981,24.894986
64.0,72,56.506498,25.76363
64.5,72,56.241409,26.626753
65.0,72,55.982286,27.484371
65.5,72,55.728739,28.336504
66.0,72,55.480416,29.183168
66.5,72,55.236994,30.024382
67.0,72,54.99818,30.860162
67.5,72,54.763704,31.690527
68.0,72,54.533317,32.515494
68.5,72,54.306792,33.335082
69.0,72,54.083917,34.149306
69.5,72,53.864496,34.958187
70.0,72,53.648347,35.76174
70.5,72,53.435301,36.559984
71.0,72,53.225201,37.352936
71.5,72,53.017898,38.140615
72.0,72,52.813255,38.923037
72.5,72,52.611142,39.700221
73.0,72,52.411438,40.472184
73.5,72,52.214027,41.238944
74.0,72,52.018802,42.000518
74.5,72,51.825661,42.756925
75.0,72,51.634506,43.508181
75.5,72,51.445248,44.254306
76.0,72,51.257797,44.995315
76.5,72,51.072073,45.731228
77.0,72,50.887995,46.462061
77.5,72,50.705491,47.187832
78.0,72,50.524487,47.90856
78.5,72,50.344915,48.624261
79.0,72,50.16671,49.334954
79.5,72,49.989809,50.040656
80.0,72,49.814152,50.741385
80.5,72,49.63968,51.437158
81.0,72,49.466338,52.127994
81.5,72,49.294072,52.813909
82.0,72,49.122829,53.494922
82.5,72,48.952561,54.17105
83.0,72,48.783217,54.842312
83.5,72,48.61475,55.508723
84.0,72,48.447116,56.170304
84.5,72,48.280268,56.82707
85.0,72,48.114164,57.47904
85.5,72,47.948762,58.126231
86.0,72,47.784019,58.768661
86.5,72,47.619896,59.406348
87.0,72,47.456353,60.03931
87.5,72,47.29335,60.667564
88.0,72,47.130851,61.291127
88.5,72,46.968816,61.910019
89.0,72,46.807209,62.524255
89.5,72,46.645994,63.133854
90.0,72,46.485134,63.738834
90.5,72,46.324593,64.339212
91.0,72,46.164336,64.935006
91.5,72,46.004328,65.526234
92.0,72,45.844533,66.112913
92.5,72,45.684916,66.695062
93.0,72,45.525443,67.272697
93.5,72,45.366078,67.845836
94.0,72,45.206787,68.414497
94.5,72,45.047534,68.978699
95.0,72,44.888283,69.538457
95.5,72,44.729,70.093791
96.0,72,44.569649,70.644718
96.5,72,44.410193,71.191256
97.0,72,44.250596,71.733421
97.5,72,44.09082,72.271233
98.0,72,43.930828,72.804708
98.5,72,43.770581,73.333864
99.0,72,43.610041,73.85872
99.5,72,43.449168,74.379292
100.0,72,43.28792,74.895599
100.5,72,43.126256,75.407657
101.0,72,42.964134,75.915486
101.5,72,42.80151,76.419101
102.0,72,42.638338,76.918522
102.5,72,42.474572,77.413766
103.0,72,42.310163,77.90485
103.5,72,42.145063,78.391793
104.0,72,41.979219,78.874611
104.5,72,41.812578,79.353323
105.0,72,41.645086,79.827947
105.5,72,41.476683,80.298499
106.0,72,41.307311,80.764998
106.5,72,41.136905,81.227461
107.0,72,40.965401,81.685906
107.5,72,40.79273,82.140351
108.0,72,40.618819,82.590813
108.5,72,40.443593,83.037311
109.0,72,40.266971,83.479861
109.5,72,40.088869,83.918482
110.0,72,39.909198,84.35319
110.5,72,39.727864,84.784005
111.0,72,39.544766,85.210943
111.5,72,39.359798,85.634023
112.0,72,39.172846,86.053261
112.5,72,38.98379,86.468676
113.0,72,38.7925,86.880285
113.5,72,38.598838,87.288106
114.0,72,38.402653,87.692157
114.5,72,38.203788,88.092455
115.0,72,38.002067,88.489019
115.5,72,37.797304,88.881865
116.0,72,37.589297,89.271011
116.5,72,37.377824,89.656476
117.0,72,37.162644,90.038276
117.5,72,36.943494,90.41643
118.0,72,36.720084,90.790955
118.5,72,36.492097,91.161869
119.0,72,36.259179,91.529189
119.5,72,36.020941,91.892934
120.0,72,35.776945,92.253121
120.5,72,35.526705,92.609767
121.0,72,35.269672,92.962891
121.5,72,35.005225,93.312509
122.0,72,34.732661,93.658641
122.5,72,34.451171,94.001302
123.0,72,34.159826,94.340512
123.5,72,33.857548,94.676288
124.0,72,33.543074,95.008647
124.5,72,33.214915,95.337607
125.0,72,32.871291,95.663186
125.5,72,32.510056,95.985401
126.0,72,32.128583,96.304271
126.5,72,31.723611,96.619812
127.0,72,31.291014,96.932043
127.5,72,30.825467,97.240982
128.0,72,30.319918,97.546645
128.5,72,29.764743,97.849051
129.0,72,29.146292,98.148217
129.5,72,28.444237,98.444162
130.0,72,27.626269,98.736902
130.5,72,26.636094,99.026455
131.0,72,25.360937,99.31284
131.5,72,23.512302,99.596073
132.0,72,19.738065,99.876173
132.5,72,19.097677,99.9
133.0,72,19.097677,99.9
133.5,72,19.097677,99.9
134.0,72,19.097677,99.9
134.5,72,19.097677,99.9
135.0,72,19.097677,99.9
135.5,72,19.097677,99.9
136.0,72,19.097677,99.9
136.5,72,19.097677,99.9
137.0,72,19.097677,99.9
137.5,72,19.097677,99.9
138.0,72,19.097677,99.9
138.5,72,19.097677,99.9
139.0,72,19.097677,99.9
139.5,72,19.097677,99.9
140.0,72,19.097677,99.9
140.5,72,19.097677,99.9
141.0,72,19.097677,99.9
141.5,72,19.097677,99.9
142.0,72,19.097677,99.9
142.5,72,19.097677,99.9
143.0,72,19.097677,99.9
143.5,72,19.097677,99.9
144.0,72,19.097677,99.9
144.5,72,19.097677,99.9
145.0,72,19.097677,99.9
145.5,72,19.097677,99.9
146.0,72,19.097677,99.9
146.5,72,19.097677,99.9
147.0,72,19.097677,99.9
147.5,72,19.097677,99.9
148.0,72,19.097677,99.9
148.5,72,19.097677,99.9
149.0,72,19.097677,99.9
149.5,72,19.097677,99.9
150.0,72,19.097677,99.9
150.5,72,19.097677,99.9
151.0,72,19.097677,99.9
151.5,72,19.097677,99.9
152.0,72,19.097677,99.9
152.5,72,19.097677,99.9
153.0,72,19.097677,99.9
153.5,72,19.097677,99.9
154.0,72,19.097677,99.9
154.5,72,19.097677,99.9
155.0,72,19.097677,99.9
155.5,72,19.097677,99.9
156.0,72,19.097677,99.9
156.5,72,19.097677,99.9
157.0,72,19.097677,99.9
157.5,72,19.097677,99.9
158.0,72,19.097677,99.9
158.5,72,19.097677,99.9
159.0,72,19.097677,99.9
159.5,72,19.097677,99.9
160.0,72,19.097677,99.9
160.5,72,19.097677,99.9
161.0,72,19.097677,99.9
161.5,72,19.097677,99.9
162.0,72,19.097677,99.9
162.5,72,19.097677,99.9
163.0,72,19.097677,99.9
163.5,72,19.097677,99.9
164.0,72,19.097677,99.9
164.5,72,19.097677,99.9
165.0,72,19.097677,99.9
165.5,72,19.097677,99.9
166.0,72,19.097677,99.9
166.5,72,19.097677,99.9
167.0,72,19.097677,99.9
167.5,72,19.097677,99.9
168.0,72,19.097677,99.9
168.5,72,19.097677,99.9
169.0,72,19.097677,99.9
169.5,72,19.097677,99.9
170.0,72,19.097677,99.9
170.5,72,19.097677,99.9
171.0,72,19.097677,99.9
171.5,72,19.097677,99.9
172.0,72,19.097677,99.9
172.5,72,19.097677,99.9
173.0,72,19.097677,99.9
173.5,72,19.097677,99.9
174.0,72,19.097677,99.9
174.5,72,19.097677,99.9
175.0,72,19.097677,99.9
175.5,72,19.097677,99.9
176.0,72,19.097677,99.9
176.5,72,19.097677,99.9
177.0,72,19.097677,99.9
177.5,72,19.097677,99.9
178.0,72,19.097677,99.9
178.5,72,19.097677,99.9
179.0,72,19.097677,99.9
179.5,72,19.097677,99.9
180.0,72,19.097677,99.9
180.5,72,19.097677,99.9
181.0,72,19.097677,99.9
181.5,72,19.097677,99.9
182.0,72,19.097677,99.9
182.5,72,19.097677,99.9
183.0,72,19.097677,99.9
32.0,73,80.902323,0.1
32.5,73,80.902323,0.1
33.0,73,80.902323,0.1
33.5,73,80.902323,0.1
34.0,73,80.902323,0.1
34.5,73,80.902323,0.1
35.0,73,80.902323,0.1
35.5,73,80.902323,0.1
36.0,73,80.902323,0.1
36.5,73,80.902323,0.1
37.0,73,80.902323,0.1
37.5,73,80.902323,0.1
38.0,73,80.902323,0.1
38.5,73,80.902323,0.1
39.0,73,80.902323,0.1
39.5,73,80.902323,0.1
40.0,73,80.902323,0.1
40.5,73,80.902323,0.1
41.0,73,80.902323,0.1
41.5,73,80.902323,0.1
42.0,73,80.902323,0.1
42.5,73,80.902323,0.1
43.0,73,80.902323,0.1
43.5,73,80.902323,0.1
44.0,73,80.902323,0.1
44.5,73,80.902323,0.1
45.0,73,80.902323,0.1
45.5,73,80.902323,0.1
46.0,73,80.902323,0.1
46.5,73,80.902323,0.1
47.0,73,80.902323,0.1
47.5,73,80.902323,0.1
48.0,73,80.902323,0.1
48.5,73,80.902323,0.1
49.0,73,80.902323,0.1
49.5,73,80.902323,0.1
50.0,73,80.902323,0.1
50.5,73,80.902323,0.1
51.0,73,78.255333,0.23601
51.5,73,72.309703,1.284155
52.0,73,69.906601,2.325914
52.5,73,68.301596,3.361304
53.0,73,67.070816,4.390344
53.5,73,66.060587,5.413051
54.0,73,65.196902,6.429443
54.5,73,64.43816,7.439537
55.0,73,63.758534,8.443351
55.5,73,63.140836,9.440903
56.0,73,62.573023,10.43221
56.5,73,62.046309,11.417291
57.0,73,61.554083,12.396163
57.5,73,61.091236,13.368843
58.0,73,60.653734,14.335349
58.5,73,60.238334,15.295699
59.0,73,59.842386,16.249911
59.5,73,59.463697,17.198003
60.0,73,59.10043,18.139991
60.5,73,58.75103,19.075894
61.0,73,58.414166,20.005729
61.5,73,58.088694,20.929514
62.0,73,57.773618,21.847268
62.5,73,57.468069,22.759006
63.0,73,57.171283,23.664748
63.5,73,56.882582,24.56451
64.0,73,56.601365,25.458311
64.5,73,56.327095,26.346169
65.0,73,56.059289,27.2281
65.5,73,55.797511,28.104123
66.0,73,55.54137,28.974255
66.5,73,55.290507,29.838514
67.0,73,55.044597,30.696917
67.5,73,54.803344,31.549483
68.0,73,54.566473,32.396229
68.5,73,54.333735,33.237173
69.0,73,54.104899,34.072332
69.5,73,53.879751,34.901724
70.0,73,53.658093,35.725367
70.5,73,53.439743,36.543279
71.0,73,53.22453,37.355476
71.5,73,53.012294,38.161978
72.0,73,52.802887,38.962801
72.5,73,52.596169,39.757963
73.0,73,52.392011,40.547482
73.5,73,52.190289,41.331376
74.0,73,51.990888,42.109662
74.5,73,51.7937,42.882358
75.0,73,51.598622,43.649482
75.5,73,51.405556,44.411051
76.0,73,51.214411,45.167083
76.5,73,51.025099,45.917596
77.0,73,50.837538,46.662607
77.5,73,50.651649,47.402135
78.0,73,50.467356,48.136196
78.5,73,50.284589,48.864809
79.0,73,50.103277,49.587991
79.5,73,49.923357,50.305759
80.0,73,49.744764,51.018133
80.5,73,49.56744,51.725128
81.0,73,49.391325,52.426764
81.5,73,49.216364,53.123057
82.0,73,49.042505,53.814025
82.5,73,48.869694,54.499687
83.0,73,48.697881,55.180059
83.5,73,48.52702,55.85516
84.0,73,48.357062,56.525006
84.5,73,48.187963,57.189617
85.0,73,48.019677,57.849009
85.5,73,47.852164,58.5032
86.0,73,47.685379,59.152207
86.5,73,47.519284,59.79605
87.0,73,47.353838,60.434744
87.5,73,47.189002,61.068309
88.0,73,47.024738,61.696761
88.5,73,46.861009,62.320118
89.0,73,46.697777,62.938398
89.5,73,46.535008,63.551619
90.0,73,46.372666,64.159799
90.5,73,46.210715,64.762954
91.0,73,46.04912,65.361103
91.5,73,45.887848,65.954263
92.0,73,45.726864,66.542453
92.5,73,45.566135,67.125689
93.0,73,45.405627,67.70399
93.5,73,45.245307,68.277373
94.0,73,45.085142,68.845856
94.5,73,44.925098,69.409456
95.0,73,44.765141,69.968192
95.5,73,44.605239,70.52208
96.0,73,44.445358,71.071139
96.5,73,44.285465,71.615386
97.0,73,44.125525,72.15484
97.5,73,43.965504,72.689517
98.0,73,43.805369,73.219435
98.5,73,43.645082,73.744613
99.0,73,43.484611,74.265067
99.5,73,43.323917,74.780816
100.0,73,43.162966,75.291876
100.5,73,43.001719,75.798267
101.0,73,42.840138,76.300005
101.5,73,42.678186,76.797108
102.0,73,42.515821,77.289595
102.5,73,42.353003,77.777481
103.0,73,42.18969,78.260786
103.5,73,42.02584,78.739527
104.0,73,41.861407,79.213722
104.5,73,41.696347,79.683387
105.0,73,41.530611,80.148542
105.5,73,41.36415,80.609204
106.0,73,41.196915,81.06539
106.5,73,41.028852,81.517118
107.0,73,40.859906,81.964406
107.5,73,40.69002,82.407271
108.0,73,40.519134,82.845731
108.5,73,40.347186,83.279805
109.0,73,40.174112,83.709508
109.5,73,39.999841,84.13486
110.0,73,39.824302,84.555878
110.5,73,39.647419,84.97258
111.0,73,39.469113,85.384982
111.5,73,39.289299,85.793104
112.0,73,39.107888,86.196962
112.5,73,38.924785,86.596575
113.0,73,38.739889,86.99196
113.5,73,38.553093,87.383134
114.0,73,38.364284,87.770116
114.5,73,38.17334,88.152923
115.0,73,37.98013,88.531573
115.5,73,37.784513,88.906083
116.0,73,37.58634,89.276471
116.5,73,37.385448,89.642755
117.0,73,37.181661,90.004953
117.5,73,36.97479,90.363082
118.0,73,36.764628,90.71716
118.5,73,36.55095,91.067205
119.0,73,36.333509,91.413234
119.5,73,36.112037,91.755265
120.0,73,35.886237,92.093315
120.5,73,35.655782,92.427403
121.0,73,35.42031,92.757546
121.5,73,35.179416,93.083762
122.0,73,34.932652,93.406068
122.5,73,34.679511,93.724482
123.0,73,34.419423,94.039022
123.5,73,34.151741,94.349706
124.0,73,33.875727,94.65655
124.5,73,33.590535,94.959574
125.0,73,33.295184,95.258794
125.5,73,32.988532,95.554229
126.0,73,32.669237,95.845895
126.5,73,32.335703,96.133811
127.0,73,31.986016,96.417994
127.5,73,31.617851,96.698463
128.0,73,31.228338,96.975234
128.5,73,30.813883,97.248325
129.0,73,30.369891,97.517755
129.5,73,29.890354,97.78354
130.0,73,29.367199,98.045699
130.5,73,28.789194,98.304249
131.0,73,28.140033,98.559208
131.5,73,27.394662,98.810593
132.0,73,26.511512,99.058422
132.5,73,25.413416,99.302714
133.0,73,23.928638,99.543485
133.5,73,21.509456,99.780753
134.0,73,19.097677,99.9
134.5,73,19.097677,99.9
135.0,73,19.097677,99.9
135.5,73,19.097677,99.9
136.0,73,19.097677,99.9
136.5,73,19.097677,99.9
137.0,73,19.097677,99.9
137.5,73,19.097677,99.9
138.0,73,19.097677,99.9
138.5,73,19.097677,99.9
139.0,73,19.097677,99.9
139.5,73,19.097677,99.9
140.0,73,19.097677,99.9
140.5,73,19.097677,99.9
141.0,73,19.097677,99.9
141.5,73,19.097677,99.9
142.0,73,19.097677,99.9
142.5,73,19.097677,99.9
143.0,73,19.097677,99.9
143.5,73,19.097677,99.9
144.0,73,19.097677,99.9
144.5,73,19.097677,99.9
145.0,73,19.097677,99.9
145.5,73,19.097677,99.9
146.0,73,19.097677,99.9
146.5,73,19.097677,99.9
147.0,73,19.097677,99.9
147.5,73,19.097677,99.9
148.0,73,19.097677,99.9
148.5,73,19.097677,99.9
149.0,73,19.097677,99.9
149.5,73,19.097677,99.9
150.0,73,19.097677,99.9
150.5,73,19.097677,99.9
151.0,73,19.097677,99.9
151.5,73,19.097677,99.9
152.0,73,19.097677,99.9
152.5,73,19.097677,99.9
153.0,73,19.097677,99.9
153.5,73,19.097677,99.9
154.0,73,19.097677,99.9
154.5,73,19.097677,99.9
155.0,73,19.097677,99.9
155.5,73,19.097677,99.9
156.0,73,19.097677,99.9
156.5,73,19.097677,99.9
157.0,73,19.097677,99.9
157.5,73,19.097677,99.9
158.0,73,19.097677,99.9
158.5,73,19.097677,99.9
159.0,73,19.097677,99.9
159.5,73,19.097677,99.9
160.0,73,19.097677,99.9
160.5,73,19.097677,99.9
161.0,73,19.097677,99.9
161.5,73,19.097677,99.9
162.0,73,19.097677,99.9
162.5,73,19.097677,99.9
163.0,73,19.097677,99.9
163.5,73,19.097677,99.9
164.0,73,19.097677,99.9
164.5,73,19.097677,99.9
165.0,73,19.097677,99.9
165.5,73,19.097677,99.9
166.0,73,19.097677,99.9
166.5,73,19.097677,99.9
167.0,73,19.097677,99.9
167.5,73,19.097677,99.9
168.0,73,19.097677,99.9
168.5,73,19.097677,99.9
169.0,73,19.097677,99.9
169.5,73,19.097677,99.9
170.0,73,19.097677,99.9
170.5,73,19.097677,99.9
171.0,73,19.097677,99.9
171.5,73,19.097677,99.9
172.0,73,19.097677,99.9
172.5,73,19.097677,99.9
173.0,73,19.097677,99.9
173.5,73,19.097677,99.9
174.0,73,19.097677,99.9
174.5,73,19.097677,99.9
175.0,73,19.097677,99.9
175.5,73,19.097677,99.9
176.0,73,19.097677,99.9
176.5,73,19.097677,99.9
177.0,73,19.097677,99.9
177.5,73,19.097677,99.9
178.0,73,19.097677,99.9
178.5,73,19.097677,99.9
179.0,73,19.097677,99.9
179.5,73,19.097677,99.9
180.0,73,19.097677,99.9
180.5,73,19.097677,99.9
181.0,73,19.097677,99.9
181.5,73,19.097677,99.9
182.0,73,19.097677,99.9
182.5,73,19.097677,99.9
183.0,73,19.097677,99.9
32.0,74,80.902323,0.1
32.5,74,80.902323,0.1
33.0,74,80.902323,0.1
33.5,74,80.902323,0.1
34.0,74,80.902323,0.1
34.5,74,80.902323,0.1
35.0,74,80.902323,0.1
35.5,74,80.902323,0.1
36.0,74,80.902323,0.1
36.5,74,80.902323,0.1
37.0,74,80.902323,0.1
37.5,74,80.902323,0.1
38.0,74,80.902323,0.1
38.5,74,80.902323,0.1
39.0,74,80.902323,0.1
39.5,74,80.902323,0.1
40.0,74,80.902323,0.1
40.5,74,80.902323,0.1
41.0,74,80.902323,0.1
41.5,74,80.902323,0.1
42.0,74,80.902323,0.1
42.5,74,80.902323,0.1
43.0,74,80.902323,0.1
43.5,74,80.902323,0.1
44.0,74,80.902323,0.1
44.5,74,80.902323,0.1
45.0,74,80.902323,0.1
45.5,74,80.902323,0.1
46.0,74,80.902323,0.1
46.5,74,80.902323,0.1
47.0,74,80.902323,0.1
47.5,74,80.902323,0.1
48.0,74,80.902323,0.1
48.5,74,80.902323,0.1
49.0,74,80.902323,0.1
49.5,74,80.902323,0.1
50.0,74,80.902323,0.1
50.5,74,80.902323,0.1
51.0,74,80.902323,0.1
51.5,74,73.202769,1.016295
52.0,74,70.352676,2.091198
52.5,74,68.57879,3.15931
53.0,74,67.256356,4.220649
53.5,74,66.187333,5.275233
54.0,74,65.282052,6.32308
54.5,74,64.491914,7.364207
55.0,74,63.787475,8.398631
55.5,74,63.149479,9.426371
56.0,74,62.56461,10.447445
56.5,74,62.023257,11.461869
57.0,74,61.518244,12.469662
57.5,74,61.044066,13.470841
58.0,74,60.596398,14.465424
58.5,74,60.171784,15.453429
59.0,74,59.767409,16.434873
59.5,74,59.380952,17.409774
60.0,74,59.010476,18.37815
60.5,74,58.654345,19.340019
61.0,74,58.311163,20.295397
61.5,74,57.979731,21.244304
62.0,74,57.659012,22.186756
62.5,74,57.348097,23.122771
63.0,74,57.046191,24.052367
63.5,74,56.75259,24.975561
64.0,74,56.466671,25.892372
64.5,74,56.187875,26.802817
65.0,74,55.915705,27.706913
65.5,74,55.649709,28.604679
66.0,74,55.389482,29.496131
66.5,74,55.134654,30.381289
67.0,74,54.884892,31.260169
67.5,74,54.639888,32.132788
68.0,74,54.399362,32.999166
68.5,74,54.163056,33.859319
69.0,74,53.930734,34.713265
69.5,74,53.702175,35.561022
70.0,74,53.477178,36.402608
70.5,74,53.255554,37.23804
71.0,74,53.037128,38.067336
71.5,74,52.821738,38.890513
72.0,74,52.609231,39.707589
72.5,74,52.399466,40.518583
73.0,74,52.192309,41.323511
73.5,74,51.987634,42.122392
74.0,74,51.785324,42.915242
74.5,74,51.585269,43.702081
75.0,74,51.387364,44.482924
75.5,74,51.191509,45.257791
76.0,74,50.997611,46.026699
76.5,74,50.805582,46.789665
77.0,74,50.615337,47.546707
77.5,74,50.426797,48.297843
78.0,74,50.239885,49.043091
78.5,74,50.054527,49.782468
79.0,74,49.870656,50.515992
79.5,74,49.688205,51.24368
80.0,74,49.50711,51.965551
80.5,74,49.32731,52.681622
81.0,74,49.148747,53.39191
81.5,74,48.971365,54.096434
82.0,74,48.79511,54.795211
82.5,74,48.619929,55.488258
83.0,74,48.445773,56.175594
83.5,74,48.272593,56.857237
84.0,74,48.100342,57.533203
84.5,74,47.928975,58.20351
85.0,74,47.758447,58.868177
85.5,74,47.588716,59.52722
86.0,74,47.41974,60.180658
86.5,74,47.251478,60.828509
87.0,74,47.083892,61.470789
87.5,74,46.916942,62.107517
88.0,74,46.750591,62.738711
88.5,74,46.584801,63.364387
89.0,74,46.419538,63.984564
89.5,74,46.254764,64.599259
90.0,74,46.090446,65.208491
90.5,74,45.926548,65.812276
91.0,74,45.763037,66.410633
91.5,74,45.59988,67.003579
92.0,74,45.437043,67.591131
92.5,74,45.274494,68.173309
93.0,74,45.1122,68.750128
93.5,74,44.950128,69.321608
94.0,74,44.788248,69.887765
94.5,74,44.626526,70.448617
95.0,74,44.464931,71.004182
95.5,74,44.303431,71.554478
96.0,74,44.141995,72.099522
96.5,74,43.980589,72.639332
97.0,74,43.819183,73.173926
97.5,74,43.657743,73.703322
98.0,74,43.496238,74.227536
98.5,74,43.334635,74.746588
99.0,74,43.1729,75.260494
99.5,74,43.011001,75.769272
100.0,74,42.848902,76.272939
100.5,74,42.686571,76.771515
101.0,74,42.523971,77.265015
101.5,74,42.361067,77.753459
102.0,74,42.197823,78.236863
102.5,74,42.034202,78.715246
103.0,74,41.870165,79.188624
103.5,74,41.705674,79.657016
104.0,74,41.540689,80.12044
104.5,74,41.375169,80.578912
105.0,74,41.209072,81.032452
105.5,74,41.042354,81.481076
106.0,74,40.87497,81.924802
106.5,74,40.706873,82.363647
107.0,74,40.538016,82.79763
107.5,74,40.368348,83.226769
108.0,74,40.197817,83.65108
108.5,74,40.02637,84.070582
109.0,74,39.85395,84.485292
109.5,74,39.680498,84.895228
110.0,74,39.505952,85.300408
110.5,74,39.330248,85.700849
111.0,74,39.153317,86.096569
111.5,74,38.97509,86.487586
112.0,74,38.795491,86.873917
112.5,74,38.61444,87.255581
113.0,74,38.431854,87.632594
113.5,74,38.247645,88.004974
114.0,74,38.061719,88.37274
114.5,74,37.873975,88.735909
115.0,74,37.684308,89.094498
115.5,74,37.492604,89.448525
116.0,74,37.298742,89.798008
116.5,74,37.102593,90.142965
117.0,74,36.904016,90.483413
117.5,74,36.702862,90.81937
118.0,74,36.498969,91.150854
118.5,74,36.292162,91.477882
119.0,74,36.082251,91.800472
119.5,74,35.869029,92.118642
120.0,74,35.652271,92.432409
120.5,74,35.431731,92.741791
121.0,74,35.207139,93.046806
121.5,74,34.978197,93.347472
122.0,74,34.744577,93.643806
122.5,74,34.505912,93.935826
123.0,74,34.261798,94.223549
123.5,74,34.011779,94.506993
124.0,74,33.755343,94.786177
124.5,74,33.491914,95.061117
125.0,74,33.220834,95.331831
125.5,74,32.941352,95.598337
126.0,74,32.652603,95.860654
126.5,74,32.353587,96.118797
127.0,74,32.043129,96.372785
127.5,74,31.719848,96.622637
128.0,74,31.382096,96.868368
128.5,74,31.027886,97.109998
129.0,74,30.654792,97.347544
129.5,74,30.259807,97.581023
130.0,74,29.839135,97.810453
130.5,74,29.387894,98.035852
131.0,74,28.899638,98.257238
131.5,74,28.365611,98.474628
132.0,74,27.773468,98.68804
132.5,74,27.104973,98.897492
133.0,74,26.331454,99.103001
133.5,74,25.403769,99.304585
134.0,74,24.226034,99.502262
134.5,74,22.565118,99.696049
135.0,74,19.489886,99.885964
135.5,74,19.097677,99.9
136.0,74,19.097677,99.9
136.5,74,19.097677,99.9
137.0,74,19.097677,99.9
137.5,74,19.097677,99.9
138.0,74,19.097677,99.9
138.5,74,19.097677,99.9
139.0,74,19.097677,99.9
139.5,74,19.097677,99.9
140.0,74,19.097677,99.9
140.5,74,19.097677,99.9
141.0,74,19.097677,99.9
141.5,74,19.097677,99.9
142.0,74,19.097677,99.9
142.5,74,19.097677,99.9
143.0,74,19.097677,99.9
143.5,74,19.097677,99.9
144.0,74,19.097677,99.9
144.5,74,19.097677,99.9
145.0,74,19.097677,99.9
145.5,74,19.097677,99.9
146.0,74,19.097677,99.9
146.5,74,19.097677,99.9
147.0,74,19.097677,99.9
147.5,74,19.097677,99.9
148.0,74,19.097677,99.9
148.5,74,19.097677,99.9
149.0,74,19.097677,99.9
149.5,74,19.097677,99.9
150.0,74,19.097677,99.9
150.5,74,19.097677,99.9
151.0,74,19.097677,99.9
151.5,74,19.097677,99.9
152.0,74,19.097677,99.9
152.5,74,19.097677,99.9
153.0,74,19.097677,99.9
153.5,74,19.097677,99.9
154.0,74,19.097677,99.9
154.5,74,19.097677,99.9
155.0,74,19.097677,99.9
155.5,74,19.097677,99.9
156.0,74,19.097677,99.9
156.5,74,19.097677,99.9
157.0,74,19.097677,99.9
157.5,74,19.097677,99.9
158.0,74,19.097677,99.9
158.5,74,19.097677,99.9
159.0,74,19.097677,99.9
159.5,74,19.097677,99.9
160.0,74,19.097677,99.9
160.5,74,19.097677,99.9
161.0,74,19.097677,99.9
161.5,74,19.097677,99.9
162.0,74,19.097677,99.9
162.5,74,19.097677,99.9
163.0,74,19.097677,99.9
163.5,74,19.097677,99.9
164.0,74,19.097677,99.9
164.5,74,19.097677,99.9
165.0,74,19.097677,99.9
165.5,74,19.097677,99.9
166.0,74,19.097677,99.9
166.5,74,19.097677,99.9
167.0,74,19.097677,99.9
167.5,74,19.097677,99.9
168.0,74,19.097677,99.9
168.5,74,19.097677,99.9
169.0,74,19.097677,99.9
169.5,74,19.097677,99.9
170.0,74,19.097677,99.9
170.5,74,19.097677,99.9
171.0,74,19.097677,99.9
171.5,74,19.097677,99.9
172.0,74,19.097677,99.9
172.5,74,19.097677,99.9
173.0,74,19.097677,99.9
173.5,74,19.097677,99.9
174.0,74,19.097677,99.9
174.5,74,19.097677,99.9
175.0,74,19.097677,99.9
175.5,74,19.097677,99.9
176.0,74,19.097677,99.9
176.5,74,19.097677,99.9
177.0,74,19.097677,99.9
177.5,74,19.097677,99.9
178.0,74,19.097677,99.9
178.5,74,19.097677,99.9
179.0,74,19.097677,99.9
179.5,74,19.097677,99.9
180.0,74,19.097677,99.9
180.5,74,19.097677,99.9
181.0,74,19.097677,99.9
181.5,74,19.097677,99.9
182.0,74,19.097677,99.9
182.5,74,19.097677,99.9
183.0,74,19.097677,99.9
32.0,75,80.902323,0.1
32.5,75,80.902323,0.1
33.0,75,80.902323,0.1
33.5,75,80.902323,0.1
34.0,75,80.902323,0.1
34.5,75,80.902323,0.1
35.0,75,80.902323,0.1
35.5,75,80.902323,0.1
36.0,75,80.902323,0.1
36.5,75,80.902323,0.1
37.0,75,80.902323,0.1
37.5,75,80.902323,0.1
38.0,75,80.902323,0.1
38.5,75,80.902323,0.1
39.0,75,80.902323,0.1
39.5,75,80.902323,0.1
40.0,75,80.902323,0.1
40.5,75,80.902323,0.1
41.0,75,80.902323,0.1
41.5,75,80.902323,0.1
42.0,75,80.902323,0.1
42.5,75,80.902323,0.1
43.0,75,80.902323,0.1
43.5,75,80.902323,0.1
44.0,75,80.902323,0.1
44.5,75,80.902323,0.1
45.0,75,80.902323,0.1
45.5,75,80.902323,0.1
46.0,75,80.902323,0.1
46.5,75,80.902323,0.1
47.0,75,80.902323,0.1
47.5,75,80.902323,0.1
48.0,75,80.902323,0.1
48.5,75,80.902323,0.1
49.0,75,80.902323,0.1
49.5,75,80.902323,0.1
50.0,75,80.902323,0.1
50.5,75,80.902323,0.1
51.0,75,76.895608,0.357731
51.5,75,71.778499,1.470861
52.0,75,69.469961,2.57676
52.5,75,67.896578,3.675447
53.0,75,66.678839,4.766938
53.5,75,65.673836,5.851252
54.0,75,64.811443,6.928407
54.5,75,64.051779,7.998419
55.0,75,63.369893,9.061307
55.5,75,62.749082,10.117088
56.0,75,62.177589,11.16578
56.5,75,61.646813,12.2074
57.0,75,61.150258,13.241967
57.5,75,60.682894,14.269499
58.0,75,60.240742,15.290011
58.5,75,59.820596,16.303524
59.0,75,59.419836,17.310053
59.5,75,59.036287,18.309617
60.0,75,58.668126,19.302234
60.5,75,58.31381,20.287921
61.0,75,57.972017,21.266695
61.5,75,57.641607,22.238575
62.0,75,57.321589,23.203579
62.5,75,57.011098,24.161723
63.0,75,56.709372,25.113026
63.5,75,56.415735,26.057506
64.0,75,56.129588,26.995179
64.5,75,55.850393,27.926064
65.0,75,55.577669,28.850178
65.5,75,55.310981,29.76754
66.0,75,55.049936,30.678166
66.5,75,54.794177,31.582075
67.0,75,54.543379,32.479284
67.5,75,54.297243,33.36981
68.0,75,54.055498,34.253672
68.5,75,53.817892,35.130888
69.0,75,53.584194,36.001474
69.5,75,53.354191,36.865449
70.0,75,53.127684,37.72283
70.5,75,52.904491,38.573635
71.0,75,52.684439,39.417881
71.5,75,52.46737,40.255587
72.0,75,52.253135,41.08677
72.5,75,52.041594,41.911448
73.0,75,51.832616,42.729638
73.5,75,51.626079,43.541358
74.0,75,51.421867,44.346626
74.5,75,51.219872,45.14546
75.0,75,51.019989,45.937876
75.5,75,50.822123,46.723894
76.0,75,50.626181,47.50353
76.5,75,50.432076,48.276802
77.0,75,50.239725,49.043728
77.5,75,50.049048,49.804326
78.0,75,49.859972,50.558613
78.5,75,49.672424,51.306607
79.0,75,49.486335,52.048325
79.5,75,49.301641,52.783786
80.0,75,49.118278,53.513007
80.5,75,48.936188,54.236006
81.0,75,48.755311,54.9528
81.5,75,48.575592,55.663408
82.0,75,48.396979,56.367846
82.5,75,48.219419,57.066132
83.0,75,48.042863,57.758285
83.5,75,47.867264,58.444322
84.0,75,47.692574,59.12426
84.5,75,47.518749,59.798118
85.0,75,47.345746,60.465912
85.5,75,47.173521,61.127661
86.0,75,47.002035,61.783382
86.5,75,46.831246,62.433094
87.0,75,46.661116,63.076813
87.5,75,46.491606,63.714557
88.0,75,46.32268,64.346344
88.5,75,46.154302,64.972193
89.0,75,45.986434,65.592119
89.5,75,45.819043,66.206142
90.0,75,45.652094,66.814279
90.5,75,45.485553,67.416547
91.0,75,45.319386,68.012964
91.5,75,45.153562,68.603548
92.0,75,44.988047,69.188317
92.5,75,44.822808,69.767288
93.0,75,44.657816,70.340479
93.5,75,44.493036,70.907908
94.0,75,44.328439,71.469592
94.5,75,44.163993,72.025549
95.0,75,43.999667,72.575797
95.5,75,43.83543,73.120353
96.0,75,43.67125,73.659235
96.5,75,43.507097,74.192461
97.0,75,43.34294,74.720049
97.5,75,43.178746,75.242015
98.0,75,43.014486,75.758379
98.5,75,42.850126,76.269157
99.0,75,42.685636,76.774367
99.5,75,42.520983,77.274027
100.0,75,42.356134,77.768155
100.5,75,42.191056,78.256768
101.0,75,42.025717,78.739884
101.5,75,41.860081,79.217521
102.0,75,41.694114,79.689696
102.5,75,41.527781,80.156427
103.0,75,41.361046,80.617732
103.5,75,41.193872,81.073628
104.0,75,41.026221,81.524134
104.5,75,40.858055,81.969266
105.0,75,40.689335,82.409043
105.5,75,40.520018,82.843482
106.0,75,40.350063,83.2726
106.5,75,40.179428,83.696417
107.0,75,40.008066,84.114948
107.5,75,39.835933,84.528213
108.0,75,39.662979,84.936228
108.5,75,39.489155,85.339011
109.0,75,39.314409,85.736581
109.5,75,39.138687,86.128954
110.0,75,38.961934,86.516149
110.5,75,38.784089,86.898182
111.0,75,38.605093,87.275073
111.5,75,38.42488,87.646837
112.0,75,38.243384,88.013494
112.5,75,38.060532,88.375061
113.0,75,37.876251,88.731555
113.5,75,37.690461,89.082995
114.0,75,37.503079,89.429397
114.5,75,37.314018,89.77078
115.0,75,37.123183,90.107161
115.5,75,36.930475,90.438559
116.0,75,36.735788,90.764989
116.5,75,36.539009,91.086472
117.0,75,36.340018,91.403023
117.5,75,36.138686,91.714661
118.0,75,35.934873,92.021403
118.5,75,35.72843,92.323268
119.0,75,35.519196,92.620272
119.5,75,35.306996,92.912433
120.0,75,35.091641,93.19977
120.5,75,34.872926,93.4823
121.0,75,34.650626,93.76004
121.5,75,34.424494,94.033009
122.0,75,34.194263,94.301223
122.5,75,33.959634,94.564701
123.0,75,33.720279,94.82346
123.5,75,33.475833,95.077519
124.0,75,33.225889,95.326894
124.5,75,32.969993,95.571603
125.0,75,32.707632,95.811664
125.5,75,32.438224,96.047095
126.0,75,32.161111,96.277914
126.5,75,31.875536,96.504138
127.0,75,31.580627,96.725784
127.5,75,31.27537,96.942871
128.0,75,30.958579,97.155416
128.5,75,30.628848,97.363437
129.0,75,30.284497,97.566952
129.5,75,29.923496,97.765977
130.0,75,29.543352,97.960532
130.5,75,29.140961,98.150634
131.0,75,28.712387,98.336299
131.5,75,28.252527,98.517547
132.0,75,27.754597,98.694394
132.5,75,27.209285,98.866859
133.0,75,26.603307,99.034959
133.5,75,25.916718,99.198712
134.0,75,25.117489,99.358135
134.5,75,24.149002,99.513246
135.0,75,22.895274,99.664063
135.5,75,21.046971,99.810604
136.0,75,19.097677,99.9
136.5,75,19.097677,99.9
137.0,75,19.097677,99.9
137.5,75,19.097677,99.9
138.0,75,19.097677,99.9
138.5,75,19.097677,99.9
139.0,75,19.097677,99.9
139.5,75,19.097677,99.9
140.0,75,19.097677,99.9
140.5,75,19.097677,99.9
141.0,75,19.097677,99.9
141.5,75,19.097677,99.9
142.0,75,19.097677,99.9
142.5,75,19.097677,99.9
143.0,75,19.097677,99.9
143.5,75,19.097677,99.9
144.0,75,19.097677,99.9
144.5,75,19.097677,99.9
145.0,75,19.097677,99.9
145.5,75,19.097677,99.9
146.0,75,19.097677,99.9
146.5,75,19.097677,99.9
147.0,75,19.097677,99.9
147.5,75,19.097677,99.9
148.0,75,19.097677,99.9
148.5,75,19.097677,99.9
149.0,75,19.097677,99.9
149.5,75,19.097677,99.9
150.0,75,19.097677,99.9
150.5,75,19.097677,99.9
151.0,75,19.097677,99.9
151.5,75,19.097677,99.9
152.0,75,19.097677,99.9
152.5,75,19.097677,99.9
153.0,75,19.097677,99.9
153.5,75,19.097677,99.9
154.0,75,19.097677,99.9
154.5,75,19.097677,99.9
155.0,75,19.097677,99.9
155.5,75,19.097677,99.9
156.0,75,19.097677,99.9
156.5,75,19.097677,99.9
157.0,75,19.097677,99.9
157.5,75,19.097677,99.9
158.0,75,19.097677,99.9
158.5,75,19.097677,99.9
159.0,75,19.097677,99.9
159.5,75,19.097677,99.9
160.0,75,19.097677,99.9
160.5,75,19.097677,99.9
161.0,75,19.097677,99.9
161.5,75,19.097677,99.9
162.0,75,19.097677,99.9
162.5,75,19.097677,99.9
163.0,75,19.097677,99.9
163.5,75,19.097677,99.9
164.0,75,19.097677,99.9
164.5,75,19.097677,99.9
165.0,75,19.097677,99.9
165.5,75,19.097677,99.9
166.0,75,19.097677,99.9
166.5,75,19.097677,99.9
167.0,75,19.097677,99.9
167.5,75,19.097677,99.9
168.0,75,19.097677,99.9
168.5,75,19.097677,99.9
169.0,75,19.097677,99.9
169.5,75,19.097677,99.9
170.0,75,19.097677,99.9
170.5,75,19.097677,99.9
171.0,75,19.097677,99.9
171.5,75,19.097677,99.9
172.0,75,19.097677,99.9
172.5,75,19.097677,99.9
173.0,75,19.097677,99.9
173.5,75,21.514458,99.780408
174.0,75,23.024132,99.65078
174.5,75,24.113363,99.518254
175.0,75,24.978167,99.38285
175.5,75,25.702278,99.244584
176.0,75,26.329498,99.103475
176.5,75,26.885717,98.95954
177.0,75,27.387549,98.812796
177.5,75,27.846313,98.663262
178.0,75,28.270079,98.510954
178.5,75,28.664808,98.355892
179.0,75,29.035034,98.198092
179.5,75,29.384286,98.037572
180.0,75,29.715368,97.87435
180.5,75,30.030547,97.708444
181.0,75,30.331681,97.539871
181.5,75,30.620313,97.368648
182.0,75,30.897739,97.194794
182.5,75,31.165061,97.018327
183.0,75,31.423218,96.839263
32.0,76,80.902323,0.1
32.5,76,80.902323,0.1
33.0,76,80.902323,0.1
33.5,76,80.902323,0.1
34.0,76,80.902323,0.1
34.5,76,80.902323,0.1
35.0,76,80.902323,0.1
35.5,76,80.902323,0.1
36.0,76,80.902323,0.1
36.5,76,80.902323,0.1
37.0,76,80.902323,0.1
37.5,76,80.902323,0.1
38.0,76,80.902323,0.1
38.5,76,80.902323,0.1
39.0,76,80.902323,0.1
39.5,76,80.902323,0.1
40.0,76,80.902323,0.1
40.5,76,80.902323,0.1
41.0,76,80.902323,0.1
41.5,76,80.902323,0.1
42.0,76,80.902323,0.1
42.5,76,80.902323,0.1
43.0,76,80.902323,0.1
43.5,76,80.902323,0.1
44.0,76,80.902323,0.1
44.5,76,80.902323,0.1
45.0,76,80.902323,0.1
45.5,76,80.902323,0.1
46.0,76,80.902323,0.1
46.5,76,80.902323,0.1
47.0,76,80.902323,0.1
47.5,76,80.902323,0.1
48.0,76,80.902323,0.1
48.5,76,80.902323,0.1
49.0,76,80.902323,0.1
49.5,76,80.902323,0.1
50.0,76,80.902323,0.1
50.5,76,77.648505,0.284744
51.0,76,71.876331,1.434817
51.5,76,69.469196,2.577219
52.0,76,67.851354,3.711968
52.5,76,66.606606,4.839082
53.0,76,65.582602,5.958579
53.5,76,64.705624,7.070476
54.0,76,63.934101,8.17479
54.5,76,63.242175,9.271541
55.0,76,62.612608,10.360745
55.5,76,62.033306,11.44242
56.0,76,61.495442,12.516583
56.5,76,60.992362,13.583253
57.0,76,60.518923,14.642447
57.5,76,60.071064,15.694183
58.0,76,59.645514,16.738479
58.5,76,59.239602,17.775351
59.0,76,58.851117,18.804818
59.5,76,58.478205,19.826898
60.0,76,58.119294,20.841609
60.5,76,57.773042,21.848967
61.0,76,57.438292,22.84899
61.5,76,57.11404,23.841697
62.0,76,56.799406,24.827105
62.5,76,56.493617,25.805232
63.0,76,56.195989,26.776095
63.5,76,55.905914,27.739712
64.0,76,55.622848,28.6961
64.5,76,55.346302,29.645279
65.0,76,55.075838,30.587264
65.5,76,54.811056,31.522074
66.0,76,54.551594,32.449727
66.5,76,54.297125,33.370239
67.0,76,54.047346,34.28363
67.5,76,53.801982,35.189916
68.0,76,53.560778,36.089116
68.5,76,53.323501,36.981246
69.0,76,53.089935,37.866325
69.5,76,52.859879,38.744371
70.0,76,52.633147,39.6154
70.5,76,52.409568,40.479431
71.0,76,52.188978,41.336482
71.5,76,51.971229,42.186569
72.0,76,51.756178,43.029711
72.5,76,51.543693,43.865926
73.0,76,51.333651,44.695231
73.5,76,51.125935,45.517644
74.0,76,50.920433,46.333182
74.5,76,50.717043,47.141863
75.0,76,50.515665,47.943706
75.5,76,50.316207,48.738727
76.0,76,50.11858,49.526944
76.5,76,49.922701,50.308375
77.0,76,49.728489,51.083038
77.5,76,49.535869,51.85095
78.0,76,49.344768,52.612129
78.5,76,49.155116,53.366593
79.0,76,48.966848,54.114359
79.5,76,48.7799,54.855446
80.0,76,48.594211,55.58987
80.5,76,48.409722,56.31765
81.0,76,48.226379,57.038802
81.5,76,48.044125,57.753346
82.0,76,47.862911,58.461298
82.5,76,47.682684,59.162677
83.0,76,47.503396,59.857499
83.5,76,47.325002,60.545783
84.0,76,47.147454,61.227547
84.5,76,46.970709,61.902807
85.0,76,46.794723,62.571582
85.5,76,46.619456,63.233889
86.0,76,46.444867,63.889746
86.5,76,46.270915,64.539172
87.0,76,46.097563,65.182182
87.5,76,45.924772,65.818796
88.0,76,45.752506,66.44903
88.5,76,45.580729,67.072903
89.0,76,45.409404,67.690432
89.5,76,45.238497,68.301635
90.0,76,45.067973,68.90653
90.5,76,44.8978,69.505134
91.0,76,44.727942,70.097465
91.5,76,44.558368,70.68354
92.0,76,44.389045,71.263378
92.5,76,44.21994,71.836996
93.0,76,44.051022,72.404411
93.5,76,43.882258,72.965642
94.0,76,43.713617,73.520706
94.5,76,43.545067,74.069621
95.0,76,43.376578,74.612404
95.5,76,43.208117,75.149073
96.0,76,43.039653,75.679646
96.5,76,42.871154,76.204141
97.0,76,42.70259,76.722575
97.5,76,42.533928,77.234965
98.0,76,42.365136,77.741331
98.5,76,42.196183,78.241688
99.0,76,42.027035,78.736056
99.5,76,41.857661,79.224451
100.0,76,41.688027,79.706892
100.5,76,41.518099,80.183395
101.0,76,41.347843,80.65398
101.5,76,41.177225,81.118662
102.0,76,41.006209,81.577461
102.5,76,40.83476,82.030394
103.0,76,40.662841,82.477478
103.5,76,40.490414,82.918731
104.0,76,40.317441,83.354172
104.5,76,40.143883,83.783816
105.0,76,39.969699,84.207683
105.5,76,39.794848,84.62579
106.0,76,39.619288,85.038154
106.5,76,39.442974,85.444794
107.0,76,39.265861,85.845727
107.5,76,39.087902,86.24097
108.0,76,38.909049,86.630542
108.5,76,38.729251,87.01446
109.0,76,38.548455,87.392742
109.5,76,38.366608,87.765405
110.0,76,38.183653,88.132467
110.5,76,37.99953,88.493946
111.0,76,37.814178,88.849859
111.5,76,37.627533,89.200225
112.0,76,37.439526,89.545061
112.5,76,37.250087,89.884384
113.0,76,37.059141,90.218212
113.5,76,36.86661,90.546563
114.0,76,36.67241,90.869455
114.5,76,36.476453,91.186906
115.0,76,36.278648,91.498932
115.5,76,36.078896,91.805552
116.0,76,35.877091,92.106783
116.5,76,35.673124,92.402644
117.0,76,35.466874,92.693151
117.5,76,35.258215,92.978323
118.0,76,35.047012,93.258176
118.5,76,34.833117,93.53273
119.0,76,34.616374,93.802001
119.5,76,34.396612,94.066008
120.0,76,34.173649,94.324767
120.5,76,33.947285,94.578297
121.0,76,33.717302,94.826615
121.5,76,33.483465,95.069739
122.0,76,33.245515,95.307687
122.5,76,33.003165,95.540476
123.0,76,32.756103,95.768124
123.5,76,32.50398,95.990649
124.0,76,32.24641,96.208069
124.5,76,31.982961,96.4204
125.0,76,31.713148,96.627661
125.5,76,31.436424,96.82987
126.0,76,31.152169,97.027044
126.5,76,30.859674,97.219201
127.0,76,30.558125,97.406358
127.5,76,30.246578,97.588533
128.0,76,29.923933,97.765745
128.5,76,29.588891,97.93801
129.0,76,29.239905,98.105346
129.5,76,28.875114,98.267772
130.0,76,28.492245,98.425304
130.5,76,28.08848,98.57796
131.0,76,27.660267,98.725759
131.5,76,27.20303,98.868717
132.0,76,26.710733,99.006853
132.5,76,26.175172,99.140183
133.0,76,25.584771,99.268727
133.5,76,24.922418,99.392501
134.0,76,24.161184,99.511523
134.5,76,23.254862,99.625812
135.0,76,22.113201,99.735383
135.5,76,20.516619,99.840256
136.0,76,19.097677,99.9
136.5,76,19.097677,99.9
137.0,76,19.097677,99.9
137.5,76,19.097677,99.9
138.0,76,19.097677,99.9
138.5,76,19.097677,99.9
139.0,76,19.097677,99.9
139.5,76,19.097677,99.9
140.0,76,19.097677,99.9
140.5,76,19.097677,99.9
141.0,76,19.097677,99.9
141.5,76,19.097677,99.9
142.0,76,19.097677,99.9
142.5,76,19.097677,99.9
143.0,76,19.097677,99.9
143.5,76,19.097677,99.9
144.0,76,19.097677,99.9
144.5,76,19.097677,99.9
145.0,76,19.097677,99.9
145.5,76,19.097677,99.9
146.0,76,19.097677,99.9
146.5,76,19.097677,99.9
147.0,76,19.097677,99.9
147.5,76,19.097677,99.9
148.0,76,19.097677,99.9
148.5,76,19.097677,99.9
149.0,76,19.097677,99.9
149.5,76,19.097677,99.9
150.0,76,19.097677,99.9
150.5,76,19.097677,99.9
151.0,76,19.097677,99.9
151.5,76,19.097677,99.9
152.0,76,19.097677,99.9
152.5,76,19.097677,99.9
153.0,76,19.097677,99.9
153.5,76,19.097677,99.9
154.0,76,19.097677,99.9
154.5,76,19.097677,99.9
155.0,76,19.097677,99.9
155.5,76,19.097677,99.9
156.0,76,19.097677,99.9
156.5,76,19.097677,99.9
157.0,76,19.097677,99.9
157.5,76,19.097677,99.9
158.0,76,19.097677,99.9
158.5,76,19.353833,99.891025
159.0,76,21.296197,99.795011
159.5,76,22.574851,99.695147
160.0,76,23.550788,99.59145
160.5,76,24.351219,99.48394
161.0,76,25.036352,99.372633
161.5,76,25.639607,99.257546
162.0,76,26.181522,99.138699
162.5,76,26.675653,99.016108
163.0,76,27.131429,98.889792
163.5,76,27.555687,98.759767
164.0,76,27.953543,98.626052
164.5,76,28.328935,98.488663
165.0,76,28.684954,98.34762
165.5,76,29.02408,98.20294
166.0,76,29.348331,98.054639
166.5,76,29.659371,97.902737
167.0,76,29.958593,97.74725
167.5,76,30.247171,97.588197
168.0,76,30.526109,97.425595
168.5,76,30.796268,97.259461
169.0,76,31.058396,97.089814
169.5,76,31.313145,96.916671
170.0,76,31.561088,96.74005
170.5,76,31.802733,96.559968
171.0,76,32.038529,96.376444
171.5,76,32.268878,96.189494
172.0,76,32.494141,95.999137
172.5,76,32.714641,95.80539
173.0,76,32.930674,95.608271
173.5,76,33.142504,95.407798
174.0,76,33.350375,95.203988
174.5,76,33.554509,94.996859
175.0,76,33.755107,94.786428
175.5,76,33.952358,94.572714
176.0,76,34.146433,94.355735
176.5,76,34.33749,94.135506
177.0,76,34.525677,93.912048
177.5,76,34.711131,93.685376
178.0,76,34.893977,93.455509
178.5,76,35.074335,93.222465
179.0,76,35.252314,92.986261
179.5,76,35.428019,92.746915
180.0,76,35.601545,92.504445
180.5,76,35.772983,92.258867
181.0,76,35.942419,92.010201
181.5,76,36.109934,91.758463
182.0,76,36.275602,91.503672
182.5,76,36.439495,91.245845
183.0,76,36.601682,90.984999
32.0,77,80.902323,0.1
32.5,77,80.902323,0.1
33.0,77,80.902323,0.1
33.5,77,80.902323,0.1
34.0,77,80.902323,0.1
34.5,77,80.902323,0.1
35.0,77,80.902323,0.1
35.5,77,80.902323,0.1
36.0,77,80.902323,0.1
36.5,77,80.902323,0.1
37.0,77,80.902323,0.1
37.5,77,80.902323,0.1
38.0,77,80.902323,0.1
38.5,77,80.902323,0.1
39.0,77,80.902323,0.1
39.5,77,80.902323,0.1
40.0,77,80.902323,0.1
40.5,77,80.902323,0.1
41.0,77,80.902323,0.1
41.5,77,80.902323,0.1
42.0,77,80.902323,0.1
42.5,77,80.902323,0.1
43.0,77,80.902323,0.1
43.5,77,80.902323,0.1
44.0,77,80.902323,0.1
44.5,77,80.902323,0.1
45.0,77,80.902323,0.1
45.5,77,80.902323,0.1
46.0,77,80.902323,0.1
46.5,77,80.902323,0.1
47.0,77,80.902323,0.1
47.5,77,80.902323,0.1
48.0,77,80.902323,0.1
48.5,77,80.902323,0.1
49.0,77,80.902323,0.1
49.5,77,80.902323,0.1
50.0,77,74.412325,0.731861
50.5,77,70.710746,1.917591
51.0,77,68.669812,3.095211
51.5,77,67.20758,4.264738
52.0,77,66.048638,5.426189
52.5,77,65.078549,6.579583
53.0,77,64.238194,7.724938
53.5,77,63.492851,8.862271
54.0,77,62.820304,9.991599
54.5,77,62.205438,11.112941
55.0,77,61.637477,12.226314
55.5,77,61.108459,13.331735
56.0,77,60.61232,14.429223
56.5,77,60.144336,15.518795
57.0,77,59.700744,16.600469
57.5,77,59.278502,17.674263
58.0,77,58.87511,18.740194
58.5,77,58.488485,19.798279
59.0,77,58.116879,20.848538
59.5,77,57.758802,21.890986
60.0,77,57.412979,22.925643
60.5,77,57.078305,23.952525
61.0,77,56.753821,24.97165
61.5,77,56.438685,25.983037
62.0,77,56.132152,26.986702
62.5,77,55.833566,27.982664
63.0,77,55.542339,28.970939
63.5,77,55.257946,29.951547
64.0,77,54.979914,30.924504
64.5,77,54.707818,31.889828
65.0,77,54.44127,32.847537
65.5,77,54.17992,33.797649
66.0,77,53.923446,34.740181
66.5,77,53.671555,35.675151
67.0,77,53.423978,36.602576
67.5,77,53.180467,37.522475
68.0,77,52.940793,38.434864
68.5,77,52.704745,39.339763
69.0,77,52.472125,40.237188
69.5,77,52.242753,41.127156
70.0,77,52.016457,42.009687
70.5,77,51.793079,42.884797
71.0,77,51.572471,43.752504
71.5,77,51.354495,44.612826
72.0,77,51.139018,45.46578
72.5,77,50.92592,46.311385
73.0,77,50.715084,47.149658
73.5,77,50.506401,47.980616
74.0,77,50.299768,48.804277
74.5,77,50.095088,49.620659
75.0,77,49.892268,50.42978
75.5,77,49.69122,51.231658
76.0,77,49.491861,52.026309
76.5,77,49.294111,52.813752
77.0,77,49.097895,53.594004
77.5,77,48.903139,54.367084
78.0,77,48.709775,55.133008
78.5,77,48.517736,55.891795
79.0,77,48.326959,56.643461
79.5,77,48.137382,57.388026
80.0,77,47.948947,58.125506
80.5,77,47.761597,58.85592
81.0,77,47.575278,59.579284
81.5,77,47.389937,60.295617
82.0,77,47.205523,61.004936
82.5,77,47.021987,61.707259
83.0,77,46.839281,62.402604
83.5,77,46.657358,63.090989
84.0,77,46.476175,63.77243
84.5,77,46.295686,64.446946
85.0,77,46.11585,65.114554
85.5,77,45.936624,65.775273
86.0,77,45.757968,66.429119
86.5,77,45.579842,67.076111
87.0,77,45.402208,67.716266
87.5,77,45.225026,68.349601
88.0,77,45.04826,68.976136
88.5,77,44.871872,69.595886
89.0,77,44.695826,70.208871
89.5,77,44.520087,70.815107
90.0,77,44.344618,71.414612
90.5,77,44.169385,72.007405
91.0,77,43.994353,72.593502
91.5,77,43.819488,73.172921
92.0,77,43.644755,73.745681
92.5,77,43.47012,74.311798
93.0,77,43.29555,74.871291
93.5,77,43.121011,75.424177
94.0,77,42.946469,75.970474
94.5,77,42.77189,76.510199
95.0,77,42.597241,77.04337
95.5,77,42.422487,77.570006
96.0,77,42.247595,78.090122
96.5,77,42.07253,78.603739
97.0,77,41.897257,79.110872
97.5,77,41.721743,79.611539
98.0,77,41.545951,80.105759
98.5,77,41.369846,80.59355
99.0,77,41.193392,81.074927
99.5,77,41.016553,81.54991
100.0,77,40.83929,82.018517
100.5,77,40.661567,82.480764
101.0,77,40.483344,82.936669
101.5,77,40.304583,83.386251
102.0,77,40.125243,83.829526
102.5,77,39.945282,84.266513
103.0,77,39.764659,84.69723
103.5,77,39.583331,85.121693
104.0,77,39.401253,85.539921
104.5,77,39.218378,85.951931
105.0,77,39.034661,86.357741
105.5,77,38.850052,86.757368
106.0,77,38.6645,87.150831
106.5,77,38.477955,87.538147
107.0,77,38.290362,87.919334
107.5,77,38.101664,88.294409
108.0,77,37.911805,88.663391
108.5,77,37.720722,89.026296
109.0,77,37.528354,89.383143
109.5,77,37.334634,89.733948
110.0,77,37.139493,90.078731
110.5,77,36.94286,90.417508
111.0,77,36.744658,90.750298
111.5,77,36.544809,91.077117
112.0,77,36.343228,91.397984
112.5,77,36.139829,91.712916
113.0,77,35.934517,92.021932
113.5,77,35.727195,92.325048
114.0,77,35.517758,92.622282
114.5,77,35.306097,92.913652
115.0,77,35.092093,93.199177
115.5,77,34.875623,93.478872
116.0,77,34.656552,93.752757
116.5,77,34.434738,94.020849
117.0,77,34.210028,94.283165
117.5,77,33.982257,94.539723
118.0,77,33.751249,94.790541
118.5,77,33.516811,95.035637
119.0,77,33.278738,95.275028
119.5,77,33.036803,95.508732
120.0,77,32.790763,95.736767
120.5,77,32.540348,95.95915
121.0,77,32.285267,96.175899
121.5,77,32.025195,96.387031
122.0,77,31.759776,96.592566
122.5,77,31.488615,96.792519
123.0,77,31.211269,96.986909
123.5,77,30.927246,97.175753
124.0,77,30.63599,97.35907
124.5,77,30.336871,97.536876
125.0,77,30.029173,97.70919
125.5,77,29.712073,97.876029
126.0,77,29.384623,98.037411
126.5,77,29.045715,98.193354
127.0,77,28.694047,98.343875
127.5,77,28.328072,98.488992
128.0,77,27.94593,98.628723
128.5,77,27.545351,98.763085
129.0,77,27.12353,98.892096
129.5,77,26.676927,99.015774
130.0,77,26.200989,99.134136
130.5,77,25.689708,99.2472
131.0,77,25.134906,99.354984
131.5,77,24.525032,99.457506
132.0,77,23.842952,99.554783
132.5,77,23.061577,99.646832
133.0,77,22.134082,99.733672
133.5,77,20.967896,99.815321
134.0,77,19.332636,99.891795
134.5,77,19.097677,99.9
135.0,77,19.097677,99.9
135.5,77,19.097677,99.9
136.0,77,19.097677,99.9
136.5,77,19.097677,99.9
137.0,77,19.097677,99.9
137.5,77,19.097677,99.9
138.0,77,19.097677,99.9
138.5,77,19.097677,99.9
139.0,77,19.097677,99.9
139.5,77,19.097677,99.9
140.0,77,19.097677,99.9
140.5,77,19.097677,99.9
141.0,77,19.097677,99.9
141.5,77,19.097677,99.9
142.0,77,19.097677,99.9
142.5,77,19.097677,99.9
143.0,77,19.097677,99.9
143.5,77,19.097677,99.9
144.0,77,19.097677,99.9
144.5,77,19.097677,99.9
145.0,77,19.097677,99.9
145.5,77,19.097677,99.9
146.0,77,19.097677,99.9
146.5,77,19.097677,99.9
147.0,77,19.097677,99.9
147.5,77,19.097677,99.9
148.0,77,19.097677,99.9
148.5,77,19.097677,99.9
149.0,77,19.935905,99.867824
149.5,77,21.332028,99.792676
150.0,77,22.378156,99.71292
150.5,77,23.23003,99.628574
151.0,77,23.957258,99.539655
151.5,77,24.597203,99.446181
152.0,77,25.172323,99.34817
152.5,77,25.697214,99.245639
153.0,77,26.181919,99.138606
153.5,77,26.633657,99.02709
154.0,77,27.057802,98.911106
154.5,77,27.458465,98.790674
155.0,77,27.838872,98.665811
155.5,77,28.201599,98.536534
156.0,77,28.548739,98.402862
156.5,77,28.882019,98.264811
157.0,77,29.202884,98.122401
157.5,77,29.51255,97.975647
158.0,77,29.81206,97.824568
158.5,77,30.102306,97.669183
159.0,77,30.384067,97.509507
159.5,77,30.658021,97.34556
160.0,77,30.924765,97.177358
160.5,77,31.184828,97.00492
161.0,77,31.43868,96.828263
161.5,77,31.68674,96.647405
162.0,77,31.929388,96.462363
162.5,77,32.166964,96.273156
163.0,77,32.399776,96.0798
163.5,77,32.628105,95.882314
164.0,77,32.852207,95.680715
164.5,77,33.072317,95.475021
165.0,77,33.288649,95.26525
165.5,77,33.501402,95.051419
166.0,77,33.710758,94.833547
166.5,77,33.916887,94.61165
167.0,77,34.119944,94.385746
167.5,77,34.320077,94.155853
168.0,77,34.517421,93.92199
168.5,77,34.712102,93.684172
169.0,77,34.904239,93.442419
169.5,77,35.093943,93.196748
170.0,77,35.281318,92.947176
170.5,77,35.466463,92.693722
171.0,77,35.649469,92.436402
171.5,77,35.830423,92.175235
172.0,77,36.009408,91.910238
172.5,77,36.186501,91.64143
173.0,77,36.361776,91.368827
173.5,77,36.535302,91.092447
174.0,77,36.707146,90.812308
174.5,77,36.877371,90.528429
175.0,77,37.046035,90.240825
175.5,77,37.213198,89.949516
176.0,77,37.378912,89.654518
176.5,77,37.54323,89.35585
177.0,77,37.706201,89.053529
177.5,77,37.867874,88.747573
178.0,77,38.028292,88.438
178.5,77,38.187501,88.124827
179.0,77,38.345542,87.808072
179.5,77,38.502454,87.487752
180.0,77,38.658277,87.163886
180.5,77,38.813048,86.836491
181.0,77,38.966802,86.505584
181.5,77,39.119575,86.171184
182.0,77,39.271398,85.833308
182.5,77,39.422305,85.491973
183.0,77,39.572326,85.147198
32.0,78,80.902323,0.1
32.5,78,80.902323,0.1
33.0,78,80.902323,0.1
33.5,78,80.902323,0.1
34.0,78,80.902323,0.1
34.5,78,80.902323,0.1
35.0,78,80.902323,0.1
35.5,78,80.902323,0.1
36.0,78,80.902323,0.1
36.5,78,80.902323,0.1
37.0,78,80.902323,0.1
37.5,78,80.902323,0.1
38.0,78,80.902323,0.1
38.5,78,80.902323,0.1
39.0,78,80.902323,0.1
39.5,78,80.902323,0.1
40.0,78,80.902323,0.1
40.5,78,80.902323,0.1
41.0,78,80.902323,0.1
41.5,78,80.902323,0.1
42.0,78,80.902323,0.1
42.5,78,80.902323,0.1
43.0,78,80.902323,0.1
43.5,78,80.902323,0.1
44.0,78,80.902323,0.1
44.5,78,80.902323,0.1
45.0,78,80.902323,0.1
45.5,78,80.902323,0.1
46.0,78,80.902323,0.1
46.5,78,80.902323,0.1
47.0,78,80.902323,0.1
47.5,78,80.902323,0.1
48.0,78,80.902323,0.1
48.5,78,80.902323,0.1
49.0,78,76.479263,0.404936
49.5,78,71.360894,1.633606
50.0,78,69.027423,2.853709
50.5,78,67.431626,4.065261
51.0,78,66.193796,5.26828
51.5,78,65.170435,6.462785
52.0,78,64.290988,7.648792
52.5,78,63.515279,8.826319
53.0,78,62.818146,9.995384
53.5,78,62.182734,11.156006
54.0,78,61.597171,12.3082
54.5,78,61.052767,13.451986
55.0,78,60.542956,14.587381
55.5,78,60.062652,15.714402
56.0,78,59.607829,16.833067
56.5,78,59.175244,17.943394
57.0,78,58.762245,19.045401
57.5,78,58.366629,20.139105
58.0,78,57.98655,21.224524
58.5,78,57.620444,22.301676
59.0,78,57.266971,23.370578
59.5,78,56.924975,24.431248
60.0,78,56.593453,25.483704
60.5,78,56.271525,26.527963
61.0,78,55.958419,27.564043
61.5,78,55.653448,28.591962
62.0,78,55.356004,29.611737
62.5,78,55.065541,30.623387
63.0,78,54.781569,31.626928
63.5,78,54.503646,32.622379
64.0,78,54.231372,33.609758
64.5,78,53.964384,34.589081
65.0,78,53.702351,35.560366
65.5,78,53.444969,36.523632
66.0,78,53.191959,37.478896
66.5,78,52.943067,38.426176
67.0,78,52.698056,39.365489
67.5,78,52.456708,40.296853
68.0,78,52.21882,41.220286
68.5,78,51.984205,42.135805
69.0,78,51.752686,43.043428
69.5,78,51.524101,43.943174
70.0,78,51.298297,44.835058
70.5,78,51.07513,45.7191
71.0,78,50.854466,46.595317
71.5,78,50.636179,47.463726
72.0,78,50.420148,48.324345
72.5,78,50.206262,49.177193
73.0,78,49.994414,50.022286
73.5,78,49.784503,50.859642
74.0,78,49.576434,51.689279
74.5,78,49.370115,52.511216
75.0,78,49.165461,53.325468
75.5,78,48.962389,54.132054
76.0,78,48.760819,54.930993
76.5,78,48.560678,55.7223
77.0,78,48.361892,56.505995
77.5,78,48.164393,57.282095
78.0,78,47.968114,58.050617
78.5,78,47.772992,58.811579
79.0,78,47.578966,59.565
79.5,78,47.385975,60.310895
80.0,78,47.193962,61.049284
80.5,78,47.002873,61.780184
81.0,78,46.812653,62.503613
81.5,78,46.623252,63.219588
82.0,78,46.434617,63.928127
82.5,78,46.2467,64.629248
83.0,78,46.059453,65.322968
83.5,78,45.872829,66.009305
84.0,78,45.686783,66.688278
84.5,78,45.501269,67.359902
85.0,78,45.316245,68.024197
85.5,78,45.131666,68.681179
86.0,78,44.947491,69.330867
86.5,78,44.763679,69.973279
87.0,78,44.580187,70.608431
87.5,78,44.396976,71.236342
88.0,78,44.214005,71.857029
88.5,78,44.031234,72.47051
89.0,78,43.848625,73.076803
89.5,78,43.666139,73.675925
90.0,78,43.483735,74.267894
90.5,78,43.301375,74.852728
91.0,78,43.119021,75.430444
91.5,78,42.936633,76.00106
92.0,78,42.754174,76.564595
92.5,78,42.571603,77.121064
93.0,78,42.388881,77.670487
93.5,78,42.20597,78.212881
94.0,78,42.02283,78.748263
94.5,78,41.83942,79.276652
95.0,78,41.6557,79.798065
95.5,78,41.471629,80.312519
96.0,78,41.287165,80.820032
96.5,78,41.102266,81.320623
97.0,78,40.916888,81.814308
97.5,78,40.730989,82.301105
98.0,78,40.544523,82.781033
98.5,78,40.357445,83.254108
99.0,78,40.169707,83.720349
99.5,78,39.981262,84.179773
100.0,78,39.79206,84.632398
100.5,78,39.60205,85.078241
101.0,78,39.411181,85.517321
101.5,78,39.219399,85.949654
102.0,78,39.026646,86.375259
102.5,78,38.832867,86.794153
103.0,78,38.638001,87.206355
103.5,78,38.441986,87.611881
104.0,78,38.244757,88.010749
104.5,78,38.046248,88.402977
105.0,78,37.846387,88.788583
105.5,78,37.645103,89.167584
106.0,78,37.442318,89.539999
106.5,78,37.237952,89.905844
107.0,78,37.03192,90.265138
107.5,78,36.824133,90.617898
108.0,78,36.614499,90.964141
108.5,78,36.402917,91.303887
109.0,78,36.189285,91.637151
109.5,78,35.97349,91.963953
110.0,78,35.755416,92.284309
110.5,78,35.534938,92.598237
111.0,78,35.311921,92.905755
111.5,78,35.086224,93.206881
112.0,78,34.857693,93.501633
112.5,78,34.626167,93.790027
113.0,78,34.391467,94.072082
113.5,78,34.153404,94.347816
114.0,78,33.911772,94.617245
114.5,78,33.666349,94.880389
115.0,78,33.416891,95.137264
115.5,78,33.163133,95.387888
116.0,78,32.904787,95.632279
116.5,78,32.641531,95.870455
117.0,78,32.373015,96.102432
117.5,78,32.098848,96.32823
118.0,78,31.818597,96.547866
118.5,78,31.531775,96.761356
119.0,78,31.237838,96.96872
119.5,78,30.936168,97.169975
120.0,78,30.626064,97.365137
120.5,78,30.306723,97.554226
121.0,78,29.977218,97.737259
121.5,78,29.636472,97.914253
122.0,78,29.283219,98.085226
122.5,78,28.915962,98.250196
123.0,78,28.5329,98.409181
123.5,78,28.131852,98.562198
124.0,78,27.710121,98.709265
124.5,78,27.264328,98.850399
125.0,78,26.790146,98.985618
125.5,78,26.281898,99.114941
126.0,78,25.731921,99.238384
126.5,78,25.129488,99.355966
127.0,78,24.458891,99.467703
127.5,78,23.695707,99.573615
128.0,78,22.798715,99.673717
128.5,78,21.689413,99.768029
129.0,78,20.185265,99.856568
129.5,78,19.097677,99.9
130.0,78,19.097677,99.9
130.5,78,19.097677,99.9
131.0,78,19.097677,99.9
131.5,78,19.097677,99.9
132.0,78,19.097677,99.9
132.5,78,19.097677,99.9
133.0,78,19.097677,99.9
133.5,78,19.097677,99.9
134.0,78,19.097677,99.9
134.5,78,19.097677,99.9
135.0,78,19.097677,99.9
135.5,78,19.097677,99.9
136.0,78,19.097677,99.9
136.5,78,19.097677,99.9
137.0,78,19.097677,99.9
137.5,78,19.097677,99.9
138.0,78,19.097677,99.9
138.5,78,19.097677,99.9
139.0,78,19.097677,99.9
139.5,78,19.097677,99.9
140.0,78,19.097677,99.9
140.5,78,19.097677,99.9
141.0,78,19.097677,99.9
141.5,78,19.097677,99.9
142.0,78,19.097677,99.9
142.5,78,19.097677,99.9
143.0,78,19.097677,99.9
143.5,78,19.097677,99.9
144.0,78,19.097677,99.9
144.5,78,20.630701,99.834261
145.0,78,21.963058,99.747396
145.5,78,22.980377,99.655342
146.0,78,23.817296,99.558116
146.5,78,24.536395,99.455736
147.0,78,25.172047,99.34822
147.5,78,25.745233,99.235585
148.0,78,26.269739,99.117849
148.5,78,26.755129,98.99503
149.0,78,27.208324,98.867145
149.5,78,27.6345,98.734212
150.0,78,28.037636,98.596249
150.5,78,28.420863,98.453273
151.0,78,28.78669,98.305302
151.5,78,29.137162,98.152354
152.0,78,29.473967,97.994447
152.5,78,29.798522,97.831597
153.0,78,30.112022,97.663824
153.5,78,30.415491,97.491144
154.0,78,30.709809,97.313575
154.5,78,30.995744,97.131135
155.0,78,31.273965,96.943842
155.5,78,31.545061,96.751713
156.0,78,31.809557,96.554767
156.5,78,32.067916,96.353019
157.0,78,32.320557,96.14649
157.5,78,32.567852,95.935195
158.0,78,32.810141,95.719153
158.5,78,33.04773,95.498381
159.0,78,33.280899,95.272898
159.5,78,33.5099,95.04272
160.0,78,33.734969,94.807866
160.5,78,33.956319,94.568353
161.0,78,34.174147,94.324199
161.5,78,34.388636,94.075422
162.0,78,34.599954,93.822038
162.5,78,34.808258,93.564067
163.0,78,35.013694,93.301525
163.5,78,35.216397,93.034431
164.0,78,35.416495,92.762802
164.5,78,35.614106,92.486655
165.0,78,35.809342,92.206009
165.5,78,36.002306,91.920881
166.0,78,36.193098,91.631288
166.5,78,36.38181,91.33725
167.0,78,36.56853,91.038782
167.5,78,36.75334,90.735903
168.0,78,36.936318,90.42863
168.5,78,37.11754,90.116982
169.0,78,37.297076,89.800976
169.5,78,37.474991,89.480629
170.0,78,37.651351,89.15596
170.5,78,37.826216,88.826985
171.0,78,37.999644,88.493724
171.5,78,38.171691,88.156192
172.0,78,38.342408,87.814409
172.5,78,38.511848,87.468391
173.0,78,38.680058,87.118157
173.5,78,38.847085,86.763724
174.0,78,39.012974,86.405109
174.5,78,39.177768,86.042332
175.0,78,39.341509,85.675408
175.5,78,39.504235,85.304356
176.0,78,39.665987,84.929194
176.5,78,39.8268,84.549939
177.0,78,39.986711,84.166608
177.5,78,40.145755,83.779221
178.0,78,40.303964,83.387794
178.5,78,40.461372,82.992344
179.0,78,40.618011,82.592891
179.5,78,40.77391,82.189451
180.0,78,40.929099,81.782042
180.5,78,41.083608,81.370681
181.0,78,41.237465,80.955387
181.5,78,41.390697,80.536178
182.0,78,41.543331,80.11307
182.5,78,41.695393,79.686081
183.0,78,41.846909,79.25523
32.0,79,80.902323,0.1
32.5,79,80.902323,0.1
33.0,79,80.902323,0.1
33.5,79,80.902323,0.1
34.0,79,80.902323,0.1
34.5,79,80.902323,0.1
35.0,79,80.902323,0.1
35.5,79,80.902323,0.1
36.0,79,80.902323,0.1
36.5,79,80.902323,0.1
37.0,79,80.902323,0.1
37.5,79,80.902323,0.1
38.0,79,80.902323,0.1
38.5,79,80.902323,0.1
39.0,79,80.902323,0.1
39.5,79,80.902323,0.1
40.0,79,80.902323,0.1
40.5,79,80.902323,0.1
41.0,79,80.902323,0.1
41.5,79,80.902323,0.1
42.0,79,80.902323,0.1
42.5,79,80.902323,0.1
43.0,79,80.902323,0.1
43.5,79,80.902323,0.1
44.0,79,80.902323,0.1
44.5,79,80.902323,0.1
45.0,79,80.902323,0.1
45.5,79,80.902323,0.1
46.0,79,80.902323,0.1
46.5,79,80.902323,0.1
47.0,79,80.902323,0.1
47.5,79,80.902323,0.1
48.0,79,76.596734,0.391082
48.5,79,71.290984,1.662306
49.0,79,68.920068,2.924504
49.5,79,67.304277,4.177694
50.0,79,66.052542,5.421894
50.5,79,65.018246,6.657121
51.0,79,64.129587,7.883393
51.5,79,63.345778,9.100728
52.0,79,62.641314,10.309143
52.5,79,61.99913,11.508656
53.0,79,61.407218,12.699285
53.5,79,60.856792,13.881048
54.0,79,60.341218,15.053962
54.5,79,59.855359,16.218045
55.0,79,59.395152,17.373314
55.5,79,58.957323,18.519788
56.0,79,58.539194,19.657483
56.5,79,58.138544,20.786418
57.0,79,57.753511,21.906611
57.5,79,57.382516,23.018078
58.0,79,57.024208,24.120838
58.5,79,56.677422,25.214909
59.0,79,56.341144,26.300307
59.5,79,56.014489,27.377052
60.0,79,55.696676,28.445159
60.5,79,55.387013,29.504648
61.0,79,55.084886,30.555536
61.5,79,54.789744,31.59784
62.0,79,54.501094,32.631579
62.5,79,54.218488,33.656769
63.0,79,53.941523,34.673429
63.5,79,53.669832,35.681577
64.0,79,53.40308,36.681229
64.5,79,53.140961,37.672404
65.0,79,52.883192,38.655119
65.5,79,52.629517,39.629392
66.0,79,52.379694,40.595241
66.5,79,52.133504,41.552684
67.0,79,51.890741,42.501737
67.5,79,51.651215,43.442419
68.0,79,51.414747,44.374748
68.5,79,51.181172,45.298741
69.0,79,50.950334,46.214416
69.5,79,50.722087,47.12179
70.0,79,50.496295,48.020882
70.5,79,50.272828,48.911708
71.0,79,50.051565,49.794287
71.5,79,49.83239,50.668637
72.0,79,49.615194,51.534774
72.5,79,49.399875,52.392717
73.0,79,49.186333,53.242483
73.5,79,48.974476,54.084091
74.0,79,48.764213,54.917557
74.5,79,48.55546,55.7429
75.0,79,48.348136,56.560136
75.5,79,48.142162,57.369285
76.0,79,47.937463,58.170363
76.5,79,47.733967,58.963388
77.0,79,47.531605,59.748378
77.5,79,47.330309,60.525351
78.0,79,47.130016,61.294324
78.5,79,46.930661,62.055315
79.0,79,46.732185,62.808341
79.5,79,46.534529,63.553421
80.0,79,46.337634,64.290572
80.5,79,46.141446,65.019811
81.0,79,45.945909,65.741157
81.5,79,45.750971,66.454627
82.0,79,45.556578,67.160239
82.5,79,45.36268,67.85801
83.0,79,45.169227,68.547959
83.5,79,44.976168,69.230102
84.0,79,44.783454,69.904458
84.5,79,44.591038,70.571044
85.0,79,44.398871,71.229877
85.5,79,44.206907,71.880977
86.0,79,44.015097,72.52436
86.5,79,43.823395,73.160043
87.0,79,43.631754,73.788046
87.5,79,43.440127,74.408384
88.0,79,43.248468,75.021077
88.5,79,43.05673,75.626141
89.0,79,42.864866,76.223595
89.5,79,42.672827,76.813456
90.0,79,42.480567,77.395742
90.5,79,42.288037,77.97047
91.0,79,42.095189,78.537658
91.5,79,41.901972,79.097325
92.0,79,41.708336,79.649486
92.5,79,41.514231,80.194161
93.0,79,41.319604,80.731367
93.5,79,41.124402,81.261122
94.0,79,40.928569,81.783443
94.5,79,40.732051,82.298348
95.0,79,40.53479,82.805854
95.5,79,40.336726,83.30598
96.0,79,40.137799,83.798743
96.5,79,39.937946,84.284161
97.0,79,39.737102,84.762251
97.5,79,39.535198,85.233031
98.0,79,39.332165,85.696519
98.5,79,39.12793,86.152733
99.0,79,38.922417,86.601689
99.5,79,38.715546,87.043407
100.0,79,38.507234,87.477903
100.5,79,38.297393,87.905196
101.0,79,38.085933,88.325302
101.5,79,37.872756,88.73824
102.0,79,37.65776,89.144027
102.5,79,37.440838,89.542682
103.0,79,37.221876,89.934221
103.5,79,37.000752,90.318662
104.0,79,36.777338,90.696024
104.5,79,36.551495,91.066323
105.0,79,36.323078,91.429578
105.5,79,36.091927,91.785806
106.0,79,35.857875,92.135025
106.5,79,35.620737,92.477252
107.0,79,35.380317,92.812506
107.5,79,35.136401,93.140803
108.0,79,34.888756,93.462162
108.5,79,34.63713,93.7766
109.0,79,34.381244,94.084135
109.5,79,34.120794,94.384785
110.0,79,33.855444,94.678568
110.5,79,33.584823,94.9655
111.0,79,33.308517,95.2456
111.5,79,33.026065,95.518885
112.0,79,32.736948,95.785374
112.5,79,32.440581,96.045083
113.0,79,32.136301,96.298031
113.5,79,31.823347,96.544235
114.0,79,31.500846,96.783713
114.5,79,31.167785,97.016482
115.0,79,30.822978,97.242561
115.5,79,30.465025,97.461966
116.0,79,30.092254,97.674717
116.5,79,29.702644,97.880829
117.0,79,29.29372,98.080321
117.5,79,28.8624,98.273212
118.0,79,28.404776,98.459517
118.5,79,27.915783,98.639256
119.0,79,27.388683,98.812445
119.5,79,26.814223,98.979103
120.0,79,26.179181,99.139247
120.5,79,25.463668,99.292894
121.0,79,24.635643,99.440064
121.5,79,23.638215,99.580772
122.0,79,22.353996,99.715037
122.5,79,20.465524,99.842877
123.0,79,19.097677,99.9
123.5,79,19.097677,99.9
124.0,79,19.097677,99.9
124.5,79,19.097677,99.9
125.0,79,19.097677,99.9
125.5,79,19.097677,99.9
126.0,79,19.097677,99.9
126.5,79,19.097677,99.9
127.0,79,19.097677,99.9
127.5,79,19.097677,99.9
128.0,79,19.097677,99.9
128.5,79,19.097677,99.9
129.0,79,19.097677,99.9
129.5,79,19.097677,99.9
130.0,79,19.097677,99.9
130.5,79,19.097677,99.9
131.0,79,19.097677,99.9
131.5,79,19.097677,99.9
132.0,79,19.097677,99.9
132.5,79,19.097677,99.9
133.0,79,19.097677,99.9
133.5,79,19.097677,99.9
134.0,79,19.097677,99.9
134.5,79,19.097677,99.9
135.0,79,19.097677,99.9
135.5,79,19.097677,99.9
136.0,79,19.097677,99.9
136.5,79,19.097677,99.9
137.0,79,19.097677,99.9
137.5,79,19.097677,99.9
138.0,79,19.097677,99.9
138.5,79,19.097677,99.9
139.0,79,19.097677,99.9
139.5,79,19.097677,99.9
140.0,79,19.097677,99.9
140.5,79,19.097677,99.9
141.0,79,19.097677,99.9
141.5,79,19.097677,99.9
142.0,79,19.097677,99.9
142.5,79,19.363055,99.890689
143.0,79,21.657731,99.770316
143.5,79,23.08576,99.644261
144.0,79,24.153987,99.512542
144.5,79,25.021954,99.375175
145.0,79,25.761378,99.232178
145.5,79,26.410879,99.08357
146.0,79,26.993715,98.929368
146.5,79,27.525018,98.76959
147.0,79,28.015205,98.604252
147.5,79,28.47176,98.433374
148.0,79,28.900254,98.256973
148.5,79,29.304946,98.075066
149.0,79,29.689171,97.887671
149.5,79,30.055591,97.694806
150.0,79,30.406366,97.496488
150.5,79,30.743276,97.292735
151.0,79,31.067805,97.083566
151.5,79,31.381205,96.868996
152.0,79,31.68454,96.649045
152.5,79,31.978728,96.42373
153.0,79,32.264561,96.193069
153.5,79,32.542731,95.957079
154.0,79,32.813847,95.715777
154.5,79,33.078446,95.469183
155.0,79,33.337003,95.217313
155.5,79,33.589947,94.960185
156.0,79,33.837657,94.697816
156.5,79,34.08048,94.430225
157.0,79,34.318726,94.157429
157.5,79,34.552679,93.879446
158.0,79,34.782595,93.596294
158.5,79,35.008712,93.307989
159.0,79,35.231244,93.014551
159.5,79,35.450391,92.715996
160.0,79,35.666336,92.412342
160.5,79,35.879249,92.103607
161.0,79,36.089288,91.789809
161.5,79,36.296597,91.470965
162.0,79,36.501314,91.147093
162.5,79,36.703566,90.818211
163.0,79,36.903471,90.484336
163.5,79,37.101141,90.145486
164.0,79,37.296681,89.801679
164.5,79,37.490188,89.452933
165.0,79,37.681757,89.099264
165.5,79,37.871474,88.740692
166.0,79,38.059422,88.377232
166.5,79,38.24568,88.008905
167.0,79,38.430321,87.635726
167.5,79,38.613418,87.257713
168.0,79,38.795036,86.874885
168.5,79,38.975241,86.487259
169.0,79,39.154093,86.094852
169.5,79,39.33165,85.697683
170.0,79,39.507968,85.295769
170.5,79,39.683102,84.889127
171.0,79,39.857102,84.477776
171.5,79,40.030017,84.061733
172.0,79,40.201895,83.641016
172.5,79,40.372782,83.215642
173.0,79,40.542721,82.785629
173.5,79,40.711756,82.350996
174.0,79,40.879926,81.911758
174.5,79,41.047272,81.467935
175.0,79,41.213833,81.019544
175.5,79,41.379644,80.566603
176.0,79,41.544744,80.109129
176.5,79,41.709166,79.647139
177.0,79,41.872945,79.180653
177.5,79,42.036115,78.709687
178.0,79,42.198708,78.234258
178.5,79,42.360756,77.754386
179.0,79,42.522289,77.270087
179.5,79,42.683339,76.781379
180.0,79,42.843936,76.28828
180.5,79,43.004107,75.790807
181.0,79,43.163883,75.288979
181.5,79,43.323292,74.782812
182.0,79,43.482361,74.272325
182.5,79,43.641118,73.757536
183.0,79,43.79959,73.238461
32.0,80,80.902323,0.1
32.5,80,80.902323,0.1
33.0,80,80.902323,0.1
33.5,80,80.902323,0.1
34.0,80,80.902323,0.1
34.5,80,80.902323,0.1
35.0,80,80.902323,0.1
35.5,80,80.902323,0.1
36.0,80,80.902323,0.1
36.5,80,80.902323,0.1
37.0,80,80.902323,0.1
37.5,80,80.902323,0.1
38.0,80,80.902323,0.1
38.5,80,80.902323,0.1
39.0,80,80.902323,0.1
39.5,80,80.902323,0.1
40.0,80,80.902323,0.1
40.5,80,80.902323,0.1
41.0,80,80.902323,0.1
41.5,80,80.902323,0.1
42.0,80,80.902323,0.1
42.5,80,80.902323,0.1
43.0,80,80.902323,0.1
43.5,80,80.902323,0.1
44.0,80,80.902323,0.1
44.5,80,80.902323,0.1
45.0,80,80.902323,0.1
45.5,80,80.902323,0.1
46.0,80,80.902323,0.1
46.5,80,80.902323,0.1
47.0,80,74.963789,0.627343
47.5,80,70.661466,1.940732
48.0,80,68.459961,3.244638
48.5,80,66.912892,4.539079
49.0,80,65.69715,5.824072
49.5,80,64.684108,7.099634
50.0,80,63.808806,8.365784
50.5,80,63.033633,9.622539
51.0,80,62.334757,10.869916
51.5,80,61.696082,12.107935
52.0,80,61.106194,13.336611
52.5,80,60.556694,14.555963
53.0,80,60.041212,15.766009
53.5,80,59.554794,16.966766
54.0,80,59.093507,18.158252
54.5,80,58.654175,19.340484
55.0,80,58.234192,20.513481
55.5,80,57.831395,21.67726
56.0,80,57.443963,22.831839
56.5,80,57.070351,23.977234
57.0,80,56.709234,25.113465
57.5,80,56.35947,26.240549
58.0,80,56.020061,27.358503
58.5,80,55.690136,28.467345
59.0,80,55.368925,29.567094
59.5,80,55.055746,30.657765
60.0,80,54.749992,31.739378
60.5,80,54.451118,32.81195
61.0,80,54.158634,33.875498
61.5,80,53.872099,34.93004
62.0,80,53.591112,35.975595
62.5,80,53.315308,37.012179
63.0,80,53.044354,38.03981
63.5,80,52.777945,39.058507
64.0,80,52.5158,40.068286
64.5,80,52.257662,41.069165
65.0,80,52.00329,42.061163
65.5,80,51.752465,43.044296
66.0,80,51.504981,44.018583
66.5,80,51.260646,44.984041
67.0,80,51.019281,45.940688
67.5,80,50.780719,46.888541
68.0,80,50.544805,47.827619
68.5,80,50.311389,48.757938
69.0,80,50.080334,49.679517
69.5,80,49.851509,50.592374
70.0,80,49.624789,51.496525
70.5,80,49.400058,52.391989
71.0,80,49.177203,53.278783
71.5,80,48.956121,54.156926
72.0,80,48.736708,55.026434
72.5,80,48.518869,55.887325
73.0,80,48.302511,56.739618
73.5,80,48.087547,57.583329
74.0,80,47.873891,58.418477
74.5,80,47.661461,59.245079
75.0,80,47.450179,60.063153
75.5,80,47.239969,60.872717
76.0,80,47.030756,61.673787
76.5,80,46.82247,62.466383
77.0,80,46.615042,63.250521
77.5,80,46.408403,64.02622
78.0,80,46.202487,64.793496
78.5,80,45.997232,65.552369
79.0,80,45.792572,66.302854
79.5,80,45.588447,67.044971
80.0,80,45.384796,67.778737
80.5,80,45.181558,68.504168
81.0,80,44.978675,69.221284
81.5,80,44.776088,69.930102
82.0,80,44.573738,70.63064
82.5,80,44.371569,71.322914
83.0,80,44.169522,72.006944
83.5,80,43.967541,72.682746
84.0,80,43.765567,73.350338
84.5,80,43.563543,74.009738
85.0,80,43.361413,74.660964
85.5,80,43.159116,75.304033
86.0,80,42.956595,75.938963
86.5,80,42.75379,76.565772
87.0,80,42.550641,77.184478
87.5,80,42.347086,77.795097
88.0,80,42.143064,78.397648
88.5,80,41.938511,78.992149
89.0,80,41.733362,79.578617
89.5,80,41.527551,80.157069
90.0,80,41.321008,80.727524
90.5,80,41.113664,81.29
91.0,80,40.905445,81.844513
91.5,80,40.696277,82.391082
92.0,80,40.486082,82.929724
92.5,80,40.274779,83.460457
93.0,80,40.062283,83.983299
93.5,80,39.848507,84.498267
94.0,80,39.633359,85.00538
94.5,80,39.416742,85.504654
95.0,80,39.198556,85.996107
95.5,80,38.978693,86.479757
96.0,80,38.757042,86.955623
96.5,80,38.533483,87.42372
97.0,80,38.30789,87.884068
97.5,80,38.080129,88.336684
98.0,80,37.850058,88.781586
98.5,80,37.617522,89.21879
99.0,80,37.382359,89.648316
99.5,80,37.144393,90.07018
100.0,80,36.903433,90.4844
100.5,80,36.659275,90.890995
101.0,80,36.411697,91.289981
101.5,80,36.160458,91.681376
102.0,80,35.905293,92.065199
102.5,80,35.645913,92.441466
103.0,80,35.382002,92.810196
103.5,80,35.113208,93.171406
104.0,80,34.839145,93.525114
104.5,80,34.559378,93.871337
105.0,80,34.273424,94.210094
105.5,80,33.98074,94.541401
106.0,80,33.680711,94.865277
106.5,80,33.372636,95.181739
107.0,80,33.055715,95.490805
107.5,80,32.729024,95.792493
108.0,80,32.391488,96.08682
108.5,80,32.041848,96.373804
109.0,80,31.678612,96.653463
109.5,80,31.299992,96.925814
110.0,80,30.903825,97.190876
110.5,80,30.487449,97.448665
111.0,80,30.047536,97.699199
111.5,80,29.579851,97.942497
112.0,80,29.078879,98.178576
112.5,80,28.537237,98.407453
113.0,80,27.944722,98.629146
113.5,80,27.286621,98.843673
114.0,80,26.540559,99.051052
114.5,80,25.669925,99.2513
115.0,80,24.608208,99.444436
115.5,80,23.212834,99.630475
116.0,80,21.066241,99.809438
116.5,80,19.097677,99.9
117.0,80,19.097677,99.9
117.5,80,19.097677,99.9
118.0,80,19.097677,99.9
118.5,80,19.097677,99.9
119.0,80,19.097677,99.9
119.5,80,19.097677,99.9
120.0,80,19.097677,99.9
120.5,80,19.097677,99.9
121.0,80,19.097677,99.9
121.5,80,19.097677,99.9
122.0,80,19.097677,99.9
122.5,80,19.097677,99.9
123.0,80,19.097677,99.9
123.5,80,19.097677,99.9
124.0,80,19.097677,99.9
124.5,80,19.097677,99.9
125.0,80,19.097677,99.9
125.5,80,19.097677,99.9
126.0,80,19.097677,99.9
126.5,80,19.097677,99.9
127.0,80,19.097677,99.9
127.5,80,19.097677,99.9
128.0,80,19.097677,99.9
128.5,80,19.097677,99.9
129.0,80,19.097677,99.9
129.5,80,19.097677,99.9
130.0,80,19.097677,99.9
130.5,80,19.097677,99.9
131.0,80,19.097677,99.9
131.5,80,19.097677,99.9
132.0,80,19.097677,99.9
132.5,80,19.097677,99.9
133.0,80,19.097677,99.9
133.5,80,19.097677,99.9
134.0,80,19.097677,99.9
134.5,80,19.097677,99.9
135.0,80,19.097677,99.9
135.5,80,19.097677,99.9
136.0,80,19.097677,99.9
136.5,80,19.097677,99.9
137.0,80,19.097677,99.9
137.5,80,19.097677,99.9
138.0,80,19.097677,99.9
138.5,80,19.097677,99.9
139.0,80,19.097677,99.9
139.5,80,19.097677,99.9
140.0,80,19.097677,99.9
140.5,80,19.097677,99.9
141.0,80,19.097677,99.9
141.5,80,19.097677,99.9
142.0,80,21.198873,99.801234
142.5,80,23.213577,99.630393
143.0,80,24.551152,99.453431
143.5,80,25.576682,99.270364
144.0,80,26.420428,99.081209
144.5,80,27.144447,98.885986
145.0,80,27.783326,98.68471
145.5,80,28.358388,98.477401
146.0,80,28.883735,98.264075
146.5,80,29.369195,98.044751
147.0,80,29.821903,97.819446
147.5,80,30.247206,97.588177
148.0,80,30.649221,97.350963
148.5,80,31.031184,97.107821
149.0,80,31.395693,96.858769
149.5,80,31.74486,96.603825
150.0,80,32.080432,96.343006
150.5,80,32.403868,96.076329
151.0,80,32.716402,95.803813
151.5,80,33.019085,95.525476
152.0,80,33.312822,95.241334
152.5,80,33.598399,94.951406
153.0,80,33.8765,94.65571
153.5,80,34.14773,94.354262
154.0,80,34.412619,94.047081
154.5,80,34.671642,93.734185
155.0,80,34.925221,93.41559
155.5,80,35.173736,93.091316
156.0,80,35.417528,92.761379
156.5,80,35.656909,92.425797
157.0,80,35.892158,92.084587
157.5,80,36.123532,91.737769
158.0,80,36.351265,91.385359
158.5,80,36.575574,91.027374
159.0,80,36.796654,90.663833
159.5,80,37.01469,90.294754
160.0,80,37.229849,89.920153
160.5,80,37.44229,89.540049
161.0,80,37.652157,89.15446
161.5,80,37.859587,88.763403
162.0,80,38.064706,88.366895
162.5,80,38.267633,87.964955
163.0,80,38.46848,87.557599
163.5,80,38.667352,87.144847
164.0,80,38.864346,86.726715
164.5,80,39.059557,86.303222
165.0,80,39.253073,85.874384
165.5,80,39.444976,85.44022
166.0,80,39.635346,85.000747
166.5,80,39.824258,84.555982
167.0,80,40.011784,84.105945
167.5,80,40.197991,83.650652
168.0,80,40.382945,83.190121
168.5,80,40.566709,82.72437
169.0,80,40.749342,82.253416
169.5,80,40.930901,81.777277
170.0,80,41.111442,81.29597
170.5,80,41.291017,80.809515
171.0,80,41.469678,80.317927
171.5,80,41.647474,79.821225
172.0,80,41.824452,79.319427
172.5,80,42.000659,78.81255
173.0,80,42.17614,78.300612
173.5,80,42.350938,77.783631
174.0,80,42.525095,77.261623
174.5,80,42.698653,76.734608
175.0,80,42.871651,76.202602
175.5,80,43.04413,75.665624
176.0,80,43.216127,75.123691
176.5,80,43.387681,74.57682
177.0,80,43.558827,74.02503
177.5,80,43.729603,73.468338
178.0,80,43.900045,72.906762
178.5,80,44.070186,72.340319
179.0,80,44.240063,71.769028
179.5,80,44.40971,71.192905
180.0,80,44.57916,70.611969
180.5,80,44.748447,70.026237
181.0,80,44.917606,69.435727
181.5,80,45.086669,68.840456
182.0,80,45.25567,68.240443
182.5,80,45.424641,67.635705
183.0,80,45.593616,67.026259
32.0,81,80.902323,0.1
32.5,81,80.902323,0.1
33.0,81,80.902323,0.1
33.5,81,80.902323,0.1
34.0,81,80.902323,0.1
34.5,81,80.902323,0.1
35.0,81,80.902323,0.1
35.5,81,80.902323,0.1
36.0,81,80.902323,0.1
36.5,81,80.902323,0.1
37.0,81,80.902323,0.1
37.5,81,80.902323,0.1
38.0,81,80.902323,0.1
38.5,81,80.902323,0.1
39.0,81,80.902323,0.1
39.5,81,80.902323,0.1
40.0,81,80.902323,0.1
40.5,81,80.902323,0.1
41.0,81,80.902323,0.1
41.5,81,80.902323,0.1
42.0,81,80.902323,0.1
42.5,81,80.902323,0.1
43.0,81,80.902323,0.1
43.5,81,80.902323,0.1
44.0,81,80.902323,0.1
44.5,81,80.902323,0.1
45.0,81,80.902323,0.1
45.5,81,80.902323,0.1
46.0,81,73.077118,1.050759
46.5,81,69.763201,2.405927
47.0,81,67.803232,3.751154
47.5,81,66.365279,5.086458
48.0,81,65.210905,6.411856
48.5,81,64.236517,7.727367
49.0,81,63.387252,9.033007
49.5,81,62.63037,10.328794
50.0,81,61.94468,11.614747
50.5,81,61.315643,12.890883
51.0,81,60.732825,14.157219
51.5,81,60.188473,15.413773
52.0,81,59.676659,16.660564
52.5,81,59.192742,17.897608
53.0,81,58.733021,19.124923
53.5,81,58.294487,20.342527
54.0,81,57.874666,21.550438
54.5,81,57.471493,22.748673
55.0,81,57.083225,23.93725
55.5,81,56.70838,25.116187
56.0,81,56.345683,26.285502
56.5,81,55.994029,27.445211
57.0,81,55.652457,28.595333
57.5,81,55.320119,29.735886
58.0,81,54.99627,30.866887
58.5,81,54.680245,31.988354
59.0,81,54.371451,33.100304
59.5,81,54.069358,34.202756
60.0,81,53.773486,35.295727
60.5,81,53.483402,36.379234
61.0,81,53.198713,37.453295
61.5,81,52.919059,38.517929
62.0,81,52.644112,39.573152
62.5,81,52.373572,40.618983
63.0,81,52.107162,41.655438
63.5,81,51.844624,42.682537
64.0,81,51.585722,43.700296
64.5,81,51.330237,44.708733
65.0,81,51.077963,45.707866
65.5,81,50.828708,46.697712
66.0,81,50.582295,47.67829
66.5,81,50.338556,48.649616
67.0,81,50.097332,49.611709
67.5,81,49.858474,50.564586
68.0,81,49.621844,51.508266
68.5,81,49.387307,52.442764
69.0,81,49.154737,53.368101
69.5,81,48.924015,54.284292
70.0,81,48.695026,55.191356
70.5,81,48.467661,56.08931
71.0,81,48.241815,56.978173
71.5,81,48.017389,57.857961
72.0,81,47.794286,58.728693
72.5,81,47.572412,59.590386
73.0,81,47.35168,60.443057
73.5,81,47.132,61.286726
74.0,81,46.91329,62.121408
74.5,81,46.695468,62.947122
75.0,81,46.478453,63.763886
75.5,81,46.262168,64.571718
76.0,81,46.046537,65.370634
76.5,81,45.831484,66.160653
77.0,81,45.616936,66.941792
77.5,81,45.402819,67.71407
78.0,81,45.189064,68.477503
78.5,81,44.975597,69.232109
79.0,81,44.762348,69.977907
79.5,81,44.549247,70.714913
80.0,81,44.336223,71.443146
80.5,81,44.123206,72.162623
81.0,81,43.910125,72.873362
81.5,81,43.696909,73.575381
82.0,81,43.483486,74.268697
82.5,81,43.269782,74.953327
83.0,81,43.055726,75.629291
83.5,81,42.84124,76.296604
84.0,81,42.626249,76.955286
84.5,81,42.410675,77.605353
85.0,81,42.194437,78.246824
85.5,81,41.977454,78.879716
86.0,81,41.759639,79.504047
86.5,81,41.540907,80.119834
87.0,81,41.321165,80.727095
87.5,81,41.10032,81.325848
88.0,81,40.878273,81.91611
88.5,81,40.654922,82.4979
89.0,81,40.43016,83.071235
89.5,81,40.203874,83.636132
90.0,81,39.975946,84.192609
90.5,81,39.746251,84.740685
91.0,81,39.514656,85.280376
91.5,81,39.281023,85.8117
92.0,81,39.045202,86.334676
92.5,81,38.807033,86.84932
93.0,81,38.566348,87.35565
93.5,81,38.322963,87.853685
94.0,81,38.076682,88.343442
94.5,81,37.827293,88.824938
95.0,81,37.574567,89.298191
95.5,81,37.318255,89.763219
96.0,81,37.058083,90.220039
96.5,81,36.793755,90.66867
97.0,81,36.524943,91.109128
97.5,81,36.251287,91.541433
98.0,81,35.972386,91.9656
98.5,81,35.687795,92.381649
99.0,81,35.397016,92.789596
99.5,81,35.099489,93.189459
100.0,81,34.794582,93.581257
100.5,81,34.481573,93.965006
101.0,81,34.159639,94.340725
101.5,81,33.827827,94.708431
102.0,81,33.485032,95.068142
102.5,81,33.129956,95.419875
103.0,81,32.761063,95.763648
103.5,81,32.376514,96.099479
104.0,81,31.974077,96.427386
104.5,81,31.551013,96.747386
105.0,81,31.103894,97.059497
105.5,81,30.628357,97.363737
106.0,81,30.118721,97.660123
106.5,81,29.567383,97.948673
107.0,81,28.963835,98.229405
107.5,81,28.292925,98.502336
108.0,81,27.531611,98.767484
108.5,81,26.642192,99.024867
109.0,81,25.556157,99.274502
109.5,81,24.126544,99.516407
110.0,81,21.921914,99.750601
110.5,81,19.097677,99.9
111.0,81,19.097677,99.9
111.5,81,19.097677,99.9
112.0,81,19.097677,99.9
112.5,81,19.097677,99.9
113.0,81,19.097677,99.9
113.5,81,19.097677,99.9
114.0,81,19.097677,99.9
114.5,81,19.097677,99.9
115.0,81,19.097677,99.9
115.5,81,19.097677,99.9
116.0,81,19.097677,99.9
116.5,81,19.097677,99.9
117.0,81,19.097677,99.9
117.5,81,19.097677,99.9
118.0,81,19.097677,99.9
118.5,81,19.097677,99.9
119.0,81,19.097677,99.9
119.5,81,19.097677,99.9
120.0,81,19.097677,99.9
120.5,81,19.097677,99.9
121.0,81,19.097677,99.9
121.5,81,19.097677,99.9
122.0,81,19.097677,99.9
122.5,81,19.097677,99.9
123.0,81,19.097677,99.9
123.5,81,19.097677,99.9
124.0,81,19.097677,99.9
124.5,81,19.097677,99.9
125.0,81,19.097677,99.9
125.5,81,19.097677,99.9
126.0,81,19.097677,99.9
126.5,81,19.097677,99.9
127.0,81,19.097677,99.9
127.5,81,19.097677,99.9
128.0,81,19.097677,99.9
128.5,81,19.097677,99.9
129.0,81,19.097677,99.9
129.5,81,19.097677,99.9
130.0,81,19.097677,99.9
130.5,81,19.097677,99.9
131.0,81,19.097677,99.9
131.5,81,19.097677,99.9
132.0,81,19.097677,99.9
132.5,81,19.097677,99.9
133.0,81,19.097677,99.9
133.5,81,19.097677,99.9
134.0,81,19.097677,99.9
134.5,81,19.097677,99.9
135.0,81,19.097677,99.9
135.5,81,19.097677,99.9
136.0,81,19.097677,99.9
136.5,81,19.097677,99.9
137.0,81,19.097677,99.9
137.5,81,19.097677,99.9
138.0,81,19.097677,99.9
138.5,81,19.097677,99.9
139.0,81,19.097677,99.9
139.5,81,19.097677,99.9
140.0,81,19.097677,99.9
140.5,81,19.097677,99.9
141.0,81,19.097677,99.9
141.5,81,22.182118,99.729698
142.0,81,24.19225,99.507106
142.5,81,25.538971,99.277951
143.0,81,26.574988,99.042251
143.5,81,27.428628,98.800025
144.0,81,28.161629,98.551289
144.5,81,28.808616,98.296061
145.0,81,29.391023,98.03436
145.5,81,29.923073,97.766202
146.0,81,30.414703,97.491606
146.5,81,30.873138,97.210588
147.0,81,31.303802,96.923168
147.5,81,31.710878,96.629362
148.0,81,32.097656,96.329188
148.5,81,32.466777,96.022665
149.0,81,32.820396,95.709808
149.5,81,33.160289,95.390637
150.0,81,33.487945,95.065169
150.5,81,33.80462,94.733422
151.0,81,34.111388,94.395413
151.5,81,34.409173,94.05116
152.0,81,34.698774,93.70068
152.5,81,34.980892,93.343992
153.0,81,35.256141,92.981114
153.5,81,35.525066,92.612061
154.0,81,35.788148,92.236854
154.5,81,36.04582,91.855508
155.0,81,36.29847,91.468042
155.5,81,36.546447,91.074474
156.0,81,36.790066,90.674821
156.5,81,37.029616,90.269101
157.0,81,37.265358,89.857332
157.5,81,37.497531,89.439531
158.0,81,37.726357,89.015716
158.5,81,37.952036,88.585904
159.0,81,38.174757,88.150114
159.5,81,38.394692,87.708363
160.0,81,38.612001,87.260668
160.5,81,38.826835,86.807048
161.0,81,39.039333,86.34752
161.5,81,39.249625,85.882102
162.0,81,39.457834,85.410811
162.5,81,39.664074,84.933666
163.0,81,39.868454,84.450683
163.5,81,40.071076,83.961881
164.0,81,40.272035,83.467278
164.5,81,40.471424,82.96689
165.0,81,40.669328,82.460735
165.5,81,40.865832,81.948832
166.0,81,41.061012,81.431198
166.5,81,41.254944,80.907851
167.0,81,41.4477,80.378808
167.5,81,41.639349,79.844087
168.0,81,41.829955,79.303706
168.5,81,42.019584,78.757682
169.0,81,42.208296,78.206034
169.5,81,42.396149,77.648778
170.0,81,42.583202,77.085933
170.5,81,42.769508,76.517516
171.0,81,42.955123,75.943545
171.5,81,43.140098,75.364037
172.0,81,43.324483,74.779011
172.5,81,43.508328,74.188483
173.0,81,43.691683,73.592473
173.5,81,43.874593,72.990996
174.0,81,44.057106,72.384072
174.5,81,44.239267,71.771717
175.0,81,44.421122,71.15395
175.5,81,44.602714,70.530788
176.0,81,44.784089,69.902248
176.5,81,44.965288,69.268349
177.0,81,45.146355,68.629108
177.5,81,45.327334,67.984543
178.0,81,45.508266,67.334672
178.5,81,45.689194,66.679512
179.0,81,45.870161,66.01908
179.5,81,46.051209,65.353396
180.0,81,46.23238,64.682475
180.5,81,46.413718,64.006337
181.0,81,46.595266,63.324998
181.5,81,46.777066,62.638477
182.0,81,46.959164,61.94679
182.5,81,47.141603,61.249956
183.0,81,47.324427,60.547993
32.0,82,80.902323,0.1
32.5,82,80.902323,0.1
33.0,82,80.902323,0.1
33.5,82,80.902323,0.1
34.0,82,80.902323,0.1
34.5,82,80.902323,0.1
35.0,82,80.902323,0.1
35.5,82,80.902323,0.1
36.0,82,80.902323,0.1
36.5,82,80.902323,0.1
37.0,82,80.902323,0.1
37.5,82,80.902323,0.1
38.0,82,80.902323,0.1
38.5,82,80.902323,0.1
39.0,82,80.902323,0.1
39.5,82,80.902323,0.1
40.0,82,80.902323,0.1
40.5,82,80.902323,0.1
41.0,82,80.902323,0.1
41.5,82,80.902323,0.1
42.0,82,80.902323,0.1
42.5,82,80.902323,0.1
43.0,82,80.902323,0.1
43.5,82,80.902323,0.1
44.0,82,80.902323,0.1
44.5,82,78.920037,0.191397
45.0,82,71.448174,1.598372
45.5,82,68.81539,2.994932
46.0,82,67.080781,4.381093
46.5,82,65.755157,5.756872
47.0,82,64.667437,7.122289
47.5,82,63.736602,8.47736
48.0,82,62.917548,9.822103
48.5,82,62.182454,11.156536
49.0,82,61.512886,12.480677
49.5,82,60.895967,13.794543
50.0,82,60.322329,15.098151
50.5,82,59.784933,16.39152
51.0,82,59.278346,17.674668
51.5,82,58.798285,18.947611
52.0,82,58.341306,20.210369
52.5,82,57.904601,21.462957
53.0,82,57.485841,22.705395
53.5,82,57.083081,23.937699
54.0,82,56.694668,25.159887
54.5,82,56.319194,26.371978
55.0,82,55.955442,27.573989
55.5,82,55.602356,28.765937
56.0,82,55.259013,29.94784
56.5,82,54.924598,31.119716
57.0,82,54.598392,32.281582
57.5,82,54.279752,33.433457
58.0,82,53.968106,34.575358
58.5,82,53.662935,35.707302
59.0,82,53.363776,36.829308
59.5,82,53.070204,37.941392
60.0,82,52.781835,39.043574
60.5,82,52.498319,40.135869
61.0,82,52.219331,41.218297
61.5,82,51.944577,42.290875
62.0,82,51.673783,43.353619
62.5,82,51.406696,44.406549
63.0,82,51.14308,45.449682
63.5,82,50.882717,46.483035
64.0,82,50.625403,47.506627
64.5,82,50.370947,48.520474
65.0,82,50.119169,49.524595
65.5,82,49.8699,50.519007
66.0,82,49.622982,51.503729
66.5,82,49.378263,52.478776
67.0,82,49.1356,53.444168
67.5,82,48.894857,54.399923
68.0,82,48.655906,55.346056
68.5,82,48.418622,56.282588
69.0,82,48.182887,57.209534
69.5,82,47.948587,58.126913
70.0,82,47.715612,59.034742
70.5,82,47.483857,59.93304
71.0,82,47.253219,60.821823
71.5,82,47.023598,61.70111
72.0,82,46.794898,62.570919
72.5,82,46.567025,63.431266
73.0,82,46.339887,64.282169
73.5,82,46.113392,65.123647
74.0,82,45.887451,65.955717
74.5,82,45.661978,66.778397
75.0,82,45.436884,67.591704
75.5,82,45.212084,68.395656
76.0,82,44.987492,69.19027
76.5,82,44.763021,69.975566
77.0,82,44.538587,70.751559
77.5,82,44.314103,71.518268
78.0,82,44.089483,72.27571
78.5,82,43.864639,73.023904
79.0,82,43.639482,73.762866
79.5,82,43.413923,74.492615
80.0,82,43.187868,75.213169
80.5,82,42.961226,75.924544
81.0,82,42.733899,76.626759
81.5,82,42.505788,77.319831
82.0,82,42.276792,78.003778
82.5,82,42.046805,78.678618
83.0,82,41.815717,79.344368
83.5,82,41.583414,80.001046
84.0,82,41.349778,80.64867
84.5,82,41.114684,81.287257
85.0,82,40.878001,81.916826
85.5,82,40.639591,82.537393
86.0,82,40.399309,83.148977
86.5,82,40.157001,83.751595
87.0,82,39.912503,84.345265
87.5,82,39.66564,84.930004
88.0,82,39.416225,85.505831
88.5,82,39.164058,86.072763
89.0,82,38.908922,86.630817
89.5,82,38.650583,87.180012
90.0,82,38.38879,87.720364
90.5,82,38.123267,88.251893
91.0,82,37.853712,88.774614
91.5,82,37.579797,89.288547
92.0,82,37.301156,89.793709
92.5,82,37.01739,90.290117
93.0,82,36.728051,90.777789
93.5,82,36.432641,91.256743
94.0,82,36.1306,91.726997
94.5,82,35.821298,92.188567
95.0,82,35.504016,92.641473
95.5,82,35.177936,93.085731
96.0,82,34.842113,93.52136
96.5,82,34.495455,93.948376
97.0,82,34.136681,94.366799
97.5,82,33.764277,94.776644
98.0,82,33.376439,95.177931
98.5,82,32.970984,95.570676
99.0,82,32.54524,95.954898
99.5,82,32.095882,96.330613
100.0,82,31.618695,96.697841
100.5,82,31.108224,97.056598
101.0,82,30.557221,97.406902
101.5,82,29.955752,97.748771
102.0,82,29.289651,98.082223
102.5,82,28.537683,98.407275
103.0,82,27.665776,98.723945
103.5,82,26.613778,99.03225
104.0,82,25.258623,99.332209
104.5,82,23.272498,99.623839
105.0,82,19.097677,99.9
105.5,82,19.097677,99.9
106.0,82,19.097677,99.9
106.5,82,19.097677,99.9
107.0,82,19.097677,99.9
107.5,82,19.097677,99.9
108.0,82,19.097677,99.9
108.5,82,19.097677,99.9
109.0,82,19.097677,99.9
109.5,82,19.097677,99.9
110.0,82,19.097677,99.9
110.5,82,19.097677,99.9
111.0,82,19.097677,99.9
111.5,82,19.097677,99.9
112.0,82,19.097677,99.9
112.5,82,19.097677,99.9
113.0,82,19.097677,99.9
113.5,82,19.097677,99.9
114.0,82,19.097677,99.9
114.5,82,19.097677,99.9
115.0,82,19.097677,99.9
115.5,82,19.097677,99.9
116.0,82,19.097677,99.9
116.5,82,19.097677,99.9
117.0,82,19.097677,99.9
117.5,82,19.097677,99.9
118.0,82,19.097677,99.9
118.5,82,19.097677,99.9
119.0,82,19.097677,99.9
119.5,82,19.097677,99.9
120.0,82,19.097677,99.9
120.5,82,19.097677,99.9
121.0,82,19.097677,99.9
121.5,82,19.097677,99.9
122.0,82,19.097677,99.9
122.5,82,19.097677,99.9
123.0,82,19.097677,99.9
123.5,82,19.097677,99.9
124.0,82,19.097677,99.9
124.5,82,19.097677,99.9
125.0,82,19.097677,99.9
125.5,82,19.097677,99.9
126.0,82,19.097677,99.9
126.5,82,19.097677,99.9
127.0,82,19.097677,99.9
127.5,82,19.097677,99.9
128.0,82,19.097677,99.9
128.5,82,19.097677,99.9
129.0,82,19.097677,99.9
129.5,82,19.097677,99.9
130.0,82,19.097677,99.9
130.5,82,19.097677,99.9
131.0,82,19.097677,99.9
131.5,82,19.097677,99.9
132.0,82,19.097677,99.9
132.5,82,19.097677,99.9
133.0,82,19.097677,99.9
133.5,82,19.097677,99.9
134.0,82,19.097677,99.9
134.5,82,19.097677,99.9
135.0,82,19.097677,99.9
135.5,82,19.097677,99.9
136.0,82,19.097677,99.9
136.5,82,19.097677,99.9
137.0,82,19.097677,99.9
137.5,82,19.097677,99.9
138.0,82,19.097677,99.9
138.5,82,19.097677,99.9
139.0,82,19.097677,99.9
139.5,82,19.097677,99.9
140.0,82,19.097677,99.9
140.5,82,19.662856,99.879219
141.0,82,23.388674,99.610609
141.5,82,25.243779,99.334979
142.0,82,26.535473,99.052346
142.5,82,27.546459,98.76273
143.0,82,28.387636,98.466146
143.5,82,29.114444,98.162613
144.0,82,29.758726,97.852148
144.5,82,30.34052,97.534769
145.0,82,30.873284,97.210494
145.5,82,31.36651,96.879341
146.0,82,31.827148,96.541327
146.5,82,32.260451,96.19647
147.0,82,32.670483,95.844787
147.5,82,33.060462,95.486297
148.0,82,33.432977,95.121016
148.5,82,33.790144,94.748963
149.0,82,34.133719,94.370156
149.5,82,34.46517,93.984611
150.0,82,34.785744,93.592347
150.5,82,35.096505,93.193381
151.0,82,35.398373,92.787732
151.5,82,35.692144,92.375416
152.0,82,35.978517,91.956452
152.5,82,36.258105,91.530857
153.0,82,36.531453,91.098649
153.5,82,36.799044,90.659845
154.0,82,37.061312,90.214463
154.5,82,37.318645,89.762521
155.0,82,37.571395,89.304037
155.5,82,37.81988,88.839028
156.0,82,38.06439,88.367513
156.5,82,38.305189,87.889507
157.0,82,38.542519,87.40503
157.5,82,38.776603,86.914099
158.0,82,39.007645,86.416732
158.5,82,39.235836,85.912946
159.0,82,39.461352,85.40276
159.5,82,39.684356,84.88619
160.0,82,39.905,84.363254
160.5,82,40.123428,83.833971
161.0,82,40.339774,83.298357
161.5,82,40.554161,82.756432
162.0,82,40.76671,82.208211
162.5,82,40.977531,81.653713
163.0,82,41.186731,81.092956
163.5,82,41.394408,80.525957
164.0,82,41.600659,79.952734
164.5,82,41.805573,79.373305
165.0,82,42.009239,78.787687
165.5,82,42.211737,78.195898
166.0,82,42.413148,77.597956
166.5,82,42.613547,76.993878
167.0,82,42.813009,76.383683
167.5,82,43.011604,75.767387
168.0,82,43.2094,75.145008
168.5,82,43.406463,74.516565
169.0,82,43.602859,73.882075
169.5,82,43.79865,73.241555
170.0,82,43.993896,72.595024
170.5,82,44.188658,71.942498
171.0,82,44.382995,71.283997
171.5,82,44.576963,70.619536
172.0,82,44.770619,69.949134
172.5,82,44.964019,69.272809
173.0,82,45.157218,68.590579
173.5,82,45.35027,67.902461
174.0,82,45.54323,67.208472
174.5,82,45.736151,66.508631
175.0,82,45.929087,65.802955
175.5,82,46.122091,65.091461
176.0,82,46.315217,64.374169
176.5,82,46.508519,63.651094
177.0,82,46.70205,62.922255
177.5,82,46.895866,62.18767
178.0,82,47.09002,61.447356
178.5,82,47.284569,60.701332
179.0,82,47.479569,59.949613
179.5,82,47.675076,59.19222
180.0,82,47.87115,58.429168
180.5,82,48.067849,57.660476
181.0,82,48.265234,56.886161
181.5,82,48.463366,56.106241
182.0,82,48.662311,55.320734
182.5,82,48.862132,54.529658
183.0,82,49.062898,53.73303
32.0,83,80.902323,0.1
32.5,83,80.902323,0.1
33.0,83,80.902323,0.1
33.5,83,80.902323,0.1
34.0,83,80.902323,0.1
34.5,83,80.902323,0.1
35.0,83,80.902323,0.1
35.5,83,80.902323,0.1
36.0,83,80.902323,0.1
36.5,83,80.902323,0.1
37.0,83,80.902323,0.1
37.5,83,80.902323,0.1
38.0,83,80.902323,0.1
38.5,83,80.902323,0.1
39.0,83,80.902323,0.1
39.5,83,80.902323,0.1
40.0,83,80.902323,0.1
40.5,83,80.902323,0.1
41.0,83,80.902323,0.1
41.5,83,80.902323,0.1
42.0,83,80.902323,0.1
42.5,83,80.902323,0.1
43.0,83,80.902323,0.1
43.5,83,74.281569,0.758789
44.0,83,70.12716,2.207226
44.5,83,67.934826,3.644789
45.0,83,66.379605,5.071496
45.5,83,65.150992,6.487365
46.0,83,64.123455,7.892412
46.5,83,63.233075,9.286657
47.0,83,62.442643,10.670116
47.5,83,61.728496,12.042807
48.0,83,61.074603,13.404748
48.5,83,60.469576,14.755956
49.0,83,59.905016,16.09645
49.5,83,59.374543,17.426247
50.0,83,58.873188,18.745364
50.5,83,58.397004,20.05382
51.0,83,57.942797,21.351631
51.5,83,57.507945,22.638817
52.0,83,57.090268,23.915394
52.5,83,56.687929,25.18138
53.0,83,56.299369,26.436792
53.5,83,55.92325,27.681649
54.0,83,55.558413,28.915969
54.5,83,55.203849,30.139768
55.0,83,54.858673,31.353064
55.5,83,54.522102,32.555876
56.0,83,54.193444,33.748221
56.5,83,53.872079,34.930117
57.0,83,53.557449,36.10158
57.5,83,53.249055,37.26263
58.0,83,52.946442,38.413283
58.5,83,52.649199,39.553558
59.0,83,52.356949,40.683471
59.5,83,52.069347,41.803042
60.0,83,51.786077,42.912287
60.5,83,51.506847,44.011224
61.0,83,51.231385,45.09987
61.5,83,50.959442,46.178245
62.0,83,50.690783,47.246364
62.5,83,50.425191,48.304246
63.0,83,50.162459,49.351909
63.5,83,49.902398,50.38937
64.0,83,49.644825,51.416647
64.5,83,49.389569,52.433758
65.0,83,49.136468,53.44072
65.5,83,48.885367,54.43755
66.0,83,48.636121,55.424268
66.5,83,48.388588,56.40089
67.0,83,48.142634,57.367434
67.5,83,47.898129,58.323918
68.0,83,47.654948,59.270359
68.5,83,47.412971,60.206775
69.0,83,47.17208,61.133184
69.5,83,46.932162,62.049604
70.0,83,46.693104,62.956052
70.5,83,46.454798,63.852546
71.0,83,46.217137,64.739103
71.5,83,45.980015,65.615742
72.0,83,45.743329,66.482479
72.5,83,45.506973,67.339333
73.0,83,45.270846,68.186322
73.5,83,45.034845,69.023462
74.0,83,44.798866,69.850773
74.5,83,44.562806,70.66827
75.0,83,44.326561,71.475973
75.5,83,44.090024,72.273899
76.0,83,43.853089,73.062064
76.5,83,43.615645,73.840489
77.0,83,43.377581,74.609189
77.5,83,43.138783,75.368182
78.0,83,42.899131,76.117487
78.5,83,42.658504,76.85712
79.0,83,42.416776,77.587101
79.5,83,42.173814,78.307445
80.0,83,41.929481,79.018172
80.5,83,41.683633,79.719298
81.0,83,41.43612,80.410841
81.5,83,41.186781,81.09282
82.0,83,40.935448,81.765251
82.5,83,40.681943,82.428153
83.0,83,40.426074,83.081543
83.5,83,40.167639,83.725438
84.0,83,39.906418,84.359857
84.5,83,39.642176,84.984818
85.0,83,39.374659,85.600337
85.5,83,39.103591,86.206432
86.0,83,38.828672,86.803122
86.5,83,38.549574,87.390424
87.0,83,38.265936,87.968356
87.5,83,37.977361,88.536934
88.0,83,37.683409,89.096178
88.5,83,37.383588,89.646105
89.0,83,37.077349,90.186732
89.5,83,36.764077,90.718076
90.0,83,36.44307,91.240157
90.5,83,36.113532,91.752991
91.0,83,35.774549,92.256596
91.5,83,35.425064,92.750991
92.0,83,35.063846,93.236191
92.5,83,34.689445,93.712216
93.0,83,34.300139,94.179083
93.5,83,33.893857,94.636809
94.0,83,33.468078,95.085412
94.5,83,33.019683,95.524911
95.0,83,32.544752,95.955322
95.5,83,32.038253,96.376663
96.0,83,31.493571,96.788953
96.5,83,30.901757,97.192208
97.0,83,30.250257,97.586447
97.5,83,29.52064,97.971686
98.0,83,28.684165,98.347945
98.5,83,27.692125,98.71524
99.0,83,26.451107,99.073589
99.5,83,24.74087,99.42301
100.0,83,21.75104,99.76352
100.5,83,19.097677,99.9
101.0,83,19.097677,99.9
101.5,83,19.097677,99.9
102.0,83,19.097677,99.9
102.5,83,19.097677,99.9
103.0,83,19.097677,99.9
103.5,83,19.097677,99.9
104.0,83,19.097677,99.9
104.5,83,19.097677,99.9
105.0,83,19.097677,99.9
105.5,83,19.097677,99.9
106.0,83,19.097677,99.9
106.5,83,19.097677,99.9
107.0,83,19.097677,99.9
107.5,83,19.097677,99.9
108.0,83,19.097677,99.9
108.5,83,19.097677,99.9
109.0,83,19.097677,99.9
109.5,83,19.097677,99.9
110.0,83,19.097677,99.9
110.5,83,19.097677,99.9
111.0,83,19.097677,99.9
111.5,83,19.097677,99.9
112.0,83,19.097677,99.9
112.5,83,19.097677,99.9
113.0,83,19.097677,99.9
113.5,83,19.097677,99.9
114.0,83,19.097677,99.9
114.5,83,19.097677,99.9
115.0,83,19.097677,99.9
115.5,83,19.097677,99.9
116.0,83,19.097677,99.9
116.5,83,19.097677,99.9
117.0,83,19.097677,99.9
117.5,83,19.097677,99.9
118.0,83,19.097677,99.9
118.5,83,19.097677,99.9
119.0,83,19.097677,99.9
119.5,83,19.097677,99.9
120.0,83,19.097677,99.9
120.5,83,19.097677,99.9
121.0,83,19.097677,99.9
121.5,83,19.097677,99.9
122.0,83,19.097677,99.9
122.5,83,19.097677,99.9
123.0,83,19.097677,99.9
123.5,83,19.097677,99.9
124.0,83,19.097677,99.9
124.5,83,19.097677,99.9
125.0,83,19.097677,99.9
125.5,83,19.097677,99.9
126.0,83,19.097677,99.9
126.5,83,19.097677,99.9
127.0,83,19.097677,99.9
127.5,83,19.097677,99.9
128.0,83,19.097677,99.9
128.5,83,19.097677,99.9
129.0,83,19.097677,99.9
129.5,83,19.097677,99.9
130.0,83,19.097677,99.9
130.5,83,19.097677,99.9
131.0,83,19.097677,99.9
131.5,83,19.097677,99.9
132.0,83,19.097677,99.9
132.5,83,19.097677,99.9
133.0,83,19.097677,99.9
133.5,83,19.097677,99.9
134.0,83,19.097677,99.9
134.5,83,19.097677,99.9
135.0,83,19.097677,99.9
135.5,83,19.097677,99.9
136.0,83,19.097677,99.9
136.5,83,19.097677,99.9
137.0,83,19.097677,99.9
137.5,83,19.097677,99.9
138.0,83,19.097677,99.9
138.5,83,19.097677,99.9
139.0,83,19.097677,99.9
139.5,83,19.097677,99.9
140.0,83,22.511449,99.700981
140.5,83,25.003107,99.378489
141.0,83,26.55043,99.048536
141.5,83,27.704474,98.711142
142.0,83,28.63928,98.366323
142.5,83,29.433309,98.014097
143.0,83,30.128915,97.654482
143.5,83,30.751658,97.287495
144.0,83,31.318195,96.913154
144.5,83,31.840005,96.531477
145.0,83,32.325348,96.142482
145.5,83,32.780373,95.746186
146.0,83,33.209785,95.342607
146.5,83,33.617269,94.931763
147.0,83,34.005767,94.513671
147.5,83,34.377667,94.088348
148.0,83,34.734933,93.655814
148.5,83,35.079205,93.216085
149.0,83,35.411864,92.769179
149.5,83,35.734087,92.315113
150.0,83,36.046883,91.853906
150.5,83,36.351127,91.385576
151.0,83,36.647582,90.910139
151.5,83,36.936917,90.427613
152.0,83,37.219723,89.938017
152.5,83,37.496526,89.441367
153.0,83,37.767793,88.937683
153.5,83,38.033946,88.42698
154.0,83,38.295364,87.909277
154.5,83,38.55239,87.384592
155.0,83,38.805334,86.852942
155.5,83,39.054483,86.314346
156.0,83,39.300095,85.76882
156.5,83,39.542411,85.216382
157.0,83,39.78165,84.65705
157.5,83,40.018016,84.090843
158.0,83,40.251698,83.517776
158.5,83,40.482871,82.937869
159.0,83,40.711701,82.351139
159.5,83,40.938339,81.757603
160.0,83,41.16293,81.157279
160.5,83,41.38561,80.550186
161.0,83,41.606505,79.936339
161.5,83,41.825737,79.315758
162.0,83,42.043419,78.688461
162.5,83,42.259661,78.054463
163.0,83,42.474566,77.413784
163.5,83,42.688232,76.766441
164.0,83,42.900755,76.112452
164.5,83,43.112225,75.451835
165.0,83,43.32273,74.784606
165.5,83,43.532354,74.110784
166.0,83,43.741179,73.430387
166.5,83,43.949283,72.743431
167.0,83,44.156744,72.049936
167.5,83,44.363636,71.349918
168.0,83,44.570033,70.643396
168.5,83,44.776006,69.930386
169.0,83,44.981625,69.210907
169.5,83,45.18696,68.484976
170.0,83,45.392079,67.752611
170.5,83,45.597049,67.01383
171.0,83,45.801937,66.26865
171.5,83,46.006811,65.51709
172.0,83,46.211735,64.759166
172.5,83,46.416776,63.994896
173.0,83,46.622002,63.224299
173.5,83,46.827477,62.447391
174.0,83,47.03327,61.664191
174.5,83,47.239448,60.874716
175.0,83,47.44608,60.078984
175.5,83,47.653234,59.277013
176.0,83,47.860982,58.468819
176.5,83,48.069395,57.654422
177.0,83,48.278546,56.833839
177.5,83,48.488511,56.007086
178.0,83,48.699367,55.174183
178.5,83,48.911192,54.335146
179.0,83,49.124069,53.489994
179.5,83,49.338082,52.638744
180.0,83,49.553317,51.781414
180.5,83,49.769866,50.918021
181.0,83,49.987822,50.048583
181.5,83,50.207283,49.173118
182.0,83,50.428352,48.291644
182.5,83,50.651136,47.404178
183.0,83,50.875747,46.510737
32.0,84,80.902323,0.1
32.5,84,80.902323,0.1
33.0,84,80.902323,0.1
33.5,84,80.902323,0.1
34.0,84,80.902323,0.1
34.5,84,80.902323,0.1
35.0,84,80.902323,0.1
35.5,84,80.902323,0.1
36.0,84,80.902323,0.1
36.5,84,80.902323,0.1
37.0,84,80.902323,0.1
37.5,84,80.902323,0.1
38.0,84,80.902323,0.1
38.5,84,80.902323,0.1
39.0,84,80.902323,0.1
39.5,84,80.902323,0.1
40.0,84,80.902323,0.1
40.5,84,80.902323,0.1
41.0,84,80.902323,0.1
41.5,84,80.902323,0.1
42.0,84,80.902323,0.1
42.5,84,72.18849,1.32485
43.0,84,69.088052,2.814361
43.5,84,67.177029,4.292541
44.0,84,65.75296,5.759407
44.5,84,64.599656,7.214977
45.0,84,63.620397,8.659268
45.5,84,62.7631,10.092298
46.0,84,61.996335,11.514085
46.5,84,61.299603,12.924647
47.0,84,60.658753,14.324001
47.5,84,60.063582,15.712165
48.0,84,59.506479,17.089157
48.5,84,58.981607,18.454994
49.0,84,58.484384,19.809694
49.5,84,58.011143,21.153274
50.0,84,57.558901,22.485753
50.5,84,57.125198,23.807148
51.0,84,56.707975,25.117477
51.5,84,56.305495,26.416757
52.0,84,55.916274,27.705007
52.5,84,55.539035,28.982243
53.0,84,55.172672,30.248484
53.5,84,54.816214,31.503746
54.0,84,54.46881,32.748049
54.5,84,54.129705,33.98141
55.0,84,53.798229,35.203845
55.5,84,53.473778,36.415374
56.0,84,53.155814,37.616013
56.5,84,52.843847,38.805781
57.0,84,52.537433,39.984694
57.5,84,52.236169,41.152772
58.0,84,51.939684,42.310031
58.5,84,51.64764,43.456488
59.0,84,51.359722,44.592163
59.5,84,51.075641,45.717072
60.0,84,50.795129,46.831233
60.5,84,50.517934,47.934664
61.0,84,50.243823,49.027383
61.5,84,49.972576,50.109407
62.0,84,49.703986,51.180754
62.5,84,49.437858,52.241441
63.0,84,49.174008,53.291487
63.5,84,48.912261,54.330908
64.0,84,48.652449,55.359724
64.5,84,48.394413,56.37795
65.0,84,48.137999,57.385606
65.5,84,47.883061,58.382709
66.0,84,47.629455,59.369276
66.5,84,47.377043,60.345325
67.0,84,47.125693,61.310873
67.5,84,46.875272,62.26594
68.0,84,46.625652,63.210541
68.5,84,46.376709,64.144695
69.0,84,46.128317,65.06842
69.5,84,45.880353,65.981734
70.0,84,45.632697,66.884653
70.5,84,45.385225,67.777195
71.0,84,45.137817,68.659379
71.5,84,44.89035,69.531223
72.0,84,44.6427,70.392742
72.5,84,44.394742,71.243956
73.0,84,44.14635,72.084883
73.5,84,43.897395,72.915539
74.0,84,43.647742,73.735942
74.5,84,43.397257,74.546111
75.0,84,43.145797,75.346062
75.5,84,42.893219,76.135814
76.0,84,42.639369,76.915384
76.5,84,42.384091,77.68479
77.0,84,42.127218,78.44405
77.5,84,41.868576,79.19318
78.0,84,41.607981,79.9322
78.5,84,41.345238,80.661127
79.0,84,41.08014,81.379978
79.5,84,40.812466,82.08877
80.0,84,40.541979,82.787523
80.5,84,40.268423,83.476253
81.0,84,39.991523,84.154978
81.5,84,39.710979,84.823716
82.0,84,39.426466,85.482484
82.5,84,39.137626,86.131301
83.0,84,38.844069,86.770183
83.5,84,38.545361,87.399149
84.0,84,38.241021,88.018216
84.5,84,37.930515,88.627402
85.0,84,37.61324,89.226724
85.5,84,37.288519,89.816201
86.0,84,36.955582,90.39585
86.5,84,36.613549,90.965689
87.0,84,36.261405,91.525735
87.5,84,35.897975,92.076006
88.0,84,35.521879,92.616519
88.5,84,35.131488,93.147294
89.0,84,34.724853,93.668346
89.5,84,34.299614,94.179694
90.0,84,33.852871,94.681356
90.5,84,33.38101,95.173348
91.0,84,32.879432,95.65569
91.5,84,32.342157,96.128398
92.0,84,31.761198,96.591491
92.5,84,31.125535,97.044985
93.0,84,30.419319,97.488899
93.5,84,29.618506,97.92325
94.0,84,28.683893,98.348057
94.5,84,27.544568,98.763336
95.0,84,26.049455,99.169105
95.5,84,23.760771,99.565383
96.0,84,19.097677,99.9
96.5,84,19.097677,99.9
97.0,84,19.097677,99.9
97.5,84,19.097677,99.9
98.0,84,19.097677,99.9
98.5,84,19.097677,99.9
99.0,84,19.097677,99.9
99.5,84,19.097677,99.9
100.0,84,19.097677,99.9
100.5,84,19.097677,99.9
101.0,84,19.097677,99.9
101.5,84,19.097677,99.9
102.0,84,19.097677,99.9
102.5,84,19.097677,99.9
103.0,84,19.097677,99.9
103.5,84,19.097677,99.9
104.0,84,19.097677,99.9
104.5,84,19.097677,99.9
105.0,84,19.097677,99.9
105.5,84,19.097677,99.9
106.0,84,19.097677,99.9
106.5,84,19.097677,99.9
107.0,84,19.097677,99.9
107.5,84,19.097677,99.9
108.0,84,19.097677,99.9
108.5,84,19.097677,99.9
109.0,84,19.097677,99.9
109.5,84,19.097677,99.9
110.0,84,19.097677,99.9
110.5,84,19.097677,99.9
111.0,84,19.097677,99.9
111.5,84,19.097677,99.9
112.0,84,19.097677,99.9
112.5,84,19.097677,99.9
113.0,84,19.097677,99.9
113.5,84,19.097677,99.9
114.0,84,19.097677,99.9
114.5,84,19.097677,99.9
115.0,84,19.097677,99.9
115.5,84,19.097677,99.9
116.0,84,19.097677,99.9
116.5,84,19.097677,99.9
117.0,84,19.097677,99.9
117.5,84,19.097677,99.9
118.0,84,19.097677,99.9
118.5,84,19.097677,99.9
119.0,84,19.097677,99.9
119.5,84,19.097677,99.9
120.0,84,19.097677,99.9
120.5,84,19.097677,99.9
121.0,84,19.097677,99.9
121.5,84,19.097677,99.9
122.0,84,19.097677,99.9
122.5,84,19.097677,99.9
123.0,84,19.097677,99.9
123.5,84,19.097677,99.9
124.0,84,19.097677,99.9
124.5,84,19.097677,99.9
125.0,84,19.097677,99.9
125.5,84,19.097677,99.9
126.0,84,19.097677,99.9
126.5,84,19.097677,99.9
127.0,84,19.097677,99.9
127.5,84,19.097677,99.9
128.0,84,19.097677,99.9
128.5,84,19.097677,99.9
129.0,84,19.097677,99.9
129.5,84,19.097677,99.9
130.0,84,19.097677,99.9
130.5,84,19.097677,99.9
131.0,84,19.097677,99.9
131.5,84,19.097677,99.9
132.0,84,19.097677,99.9
132.5,84,19.097677,99.9
133.0,84,19.097677,99.9
133.5,84,19.097677,99.9
134.0,84,19.097677,99.9
134.5,84,19.097677,99.9
135.0,84,19.097677,99.9
135.5,84,19.097677,99.9
136.0,84,19.097677,99.9
136.5,84,19.097677,99.9
137.0,84,19.097677,99.9
137.5,84,19.097677,99.9
138.0,84,19.097677,99.9
138.5,84,19.097677,99.9
139.0,84,22.351389,99.715265
139.5,84,25.186762,99.345523
140.0,84,26.855442,98.967863
140.5,84,28.076456,98.582304
141.0,84,29.05582,98.188862
141.5,84,29.882745,97.787556
142.0,84,30.604298,97.378403
142.5,84,31.248464,96.96142
143.0,84,31.833287,96.536627
143.5,84,32.37111,96.104039
144.0,84,32.870758,95.663676
144.5,84,33.338771,95.215554
145.0,84,33.780132,94.759691
145.5,84,34.198735,94.296105
146.0,84,34.597676,93.824814
146.5,84,34.979465,93.345835
147.0,84,35.346163,92.859186
147.5,84,35.699487,92.364885
148.0,84,36.04088,91.86295
148.5,84,36.371572,91.353397
149.0,84,36.692616,90.836245
149.5,84,37.004923,90.311512
150.0,84,37.309289,89.779215
150.5,84,37.606409,89.239372
151.0,84,37.896901,88.692
151.5,84,38.181309,88.137118
152.0,84,38.460121,87.574743
152.5,84,38.733776,87.004892
153.0,84,39.002667,86.427583
153.5,84,39.267151,85.842835
154.0,84,39.527553,85.250664
154.5,84,39.784169,84.651088
155.0,84,40.037269,84.044126
155.5,84,40.287105,83.429794
156.0,84,40.533905,82.808111
156.5,84,40.777882,82.179094
157.0,84,41.019236,81.54276
157.5,84,41.258148,80.899128
158.0,84,41.494793,80.248216
158.5,84,41.729332,79.59004
159.0,84,41.961916,78.924619
159.5,84,42.192688,78.25197
160.0,84,42.421784,77.572111
160.5,84,42.649332,76.88506
161.0,84,42.875454,76.190834
161.5,84,43.100267,75.489451
162.0,84,43.323882,74.780929
162.5,84,43.546406,74.065285
163.0,84,43.767942,73.342537
163.5,84,43.988588,72.612703
164.0,84,44.208441,71.8758
164.5,84,44.427594,71.131847
165.0,84,44.646137,70.38086
165.5,84,44.864159,69.622858
166.0,84,45.081747,68.857859
166.5,84,45.298984,68.085879
167.0,84,45.515955,67.306936
167.5,84,45.732741,66.521049
168.0,84,45.949426,65.728235
168.5,84,46.166088,64.928512
169.0,84,46.38281,64.121897
169.5,84,46.599672,63.308408
170.0,84,46.816754,62.488063
170.5,84,47.034138,61.660879
171.0,84,47.251904,60.826874
171.5,84,47.470135,59.986066
172.0,84,47.688915,59.138472
172.5,84,47.908329,58.284111
173.0,84,48.128461,57.423
173.5,84,48.349402,56.555156
174.0,84,48.571239,55.680597
174.5,84,48.794067,54.799342
175.0,84,49.01798,53.911406
175.5,84,49.243076,53.01681
176.0,84,49.469457,52.115569
176.5,84,49.697228,51.207702
177.0,84,49.926498,50.293226
177.5,84,50.157383,49.372159
178.0,84,50.39,48.44452
178.5,84,50.624475,47.510324
179.0,84,50.860938,46.569591
179.5,84,51.099529,45.622337
180.0,84,51.340391,44.668581
180.5,84,51.58368,43.70834
181.0,84,51.829559,42.741632
181.5,84,52.0782,41.768475
182.0,84,52.32979,40.788886
182.5,84,52.584526,39.802883
183.0,84,52.842619,38.810483
32.0,85,80.902323,0.1
32.5,85,80.902323,0.1
33.0,85,80.902323,0.1
33.5,85,80.902323,0.1
34.0,85,80.902323,0.1
34.5,85,80.902323,0.1
35.0,85,80.902323,0.1
35.5,85,80.902323,0.1
36.0,85,80.902323,0.1
36.5,85,80.902323,0.1
37.0,85,80.902323,0.1
37.5,85,80.902323,0.1
38.0,85,80.902323,0.1
38.5,85,80.902323,0.1
39.0,85,80.902323,0.1
39.5,85,80.902323,0.1
40.0,85,80.902323,0.1
40.5,85,80.902323,0.1
41.0,85,77.649963,0.284617
41.5,85,70.909511,1.826622
42.0,85,68.307598,3.35682
42.5,85,66.570736,4.875229
43.0,85,65.234853,6.381867
43.5,85,64.134107,7.87675
44.0,85,63.189137,9.359898
44.5,85,62.355482,10.831327
45.0,85,61.605595,12.291055
45.5,85,60.921163,13.7391
46.0,85,60.289363,15.17548
46.5,85,59.700848,16.600212
47.0,85,59.148578,18.013314
47.5,85,58.627116,19.414804
48.0,85,58.132164,20.804699
48.5,85,57.660268,22.183017
49.0,85,57.208602,23.549776
49.5,85,56.774825,24.904993
50.0,85,56.356973,26.248687
50.5,85,55.953381,27.580874
51.0,85,55.562625,28.901572
51.5,85,55.183473,30.2108
52.0,85,54.814855,31.508575
52.5,85,54.455833,32.794915
53.0,85,54.105579,34.069836
53.5,85,53.76336,35.333358
54.0,85,53.428518,36.585497
54.5,85,53.100467,37.826271
55.0,85,52.778676,39.055699
55.5,85,52.462665,40.273797
56.0,85,52.151996,41.480584
56.5,85,51.846271,42.676077
57.0,85,51.545122,43.860293
57.5,85,51.248213,45.033251
58.0,85,50.955231,46.194968
58.5,85,50.665886,47.345462
59.0,85,50.379908,48.48475
59.5,85,50.097045,49.612851
60.0,85,49.817061,50.729782
60.5,85,49.539731,51.83556
61.0,85,49.264845,52.930203
61.5,85,48.992204,54.013729
62.0,85,48.721616,55.086156
62.5,85,48.4529,56.147502
63.0,85,48.185882,57.197783
63.5,85,47.920393,58.237018
64.0,85,47.656271,59.265225
64.5,85,47.393359,60.28242
65.0,85,47.131505,61.288623
65.5,85,46.870557,62.28385
66.0,85,46.61037,63.268119
66.5,85,46.350799,64.241448
67.0,85,46.0917,65.203854
67.5,85,45.832932,66.155356
68.0,85,45.574353,67.095971
68.5,85,45.31582,68.025716
69.0,85,45.057191,68.944609
69.5,85,44.798322,69.852669
70.0,85,44.539066,70.749912
70.5,85,44.279275,71.636357
71.0,85,44.018796,72.51202
71.5,85,43.757472,73.376921
72.0,85,43.495142,74.231076
72.5,85,43.231639,75.074503
73.0,85,42.966788,75.907219
73.5,85,42.700408,76.729244
74.0,85,42.432308,77.540593
74.5,85,42.162287,78.341285
75.0,85,41.890132,79.131338
75.5,85,41.615617,79.91077
76.0,85,41.338503,80.679597
76.5,85,41.05853,81.437837
77.0,85,40.775422,82.185509
77.5,85,40.488877,82.922631
78.0,85,40.198572,83.649218
78.5,85,39.904151,84.365291
79.0,85,39.605225,85.070865
79.5,85,39.301367,85.765959
80.0,85,38.992103,86.45059
80.5,85,38.676908,87.124777
81.0,85,38.355193,87.788536
81.5,85,38.026297,88.441886
82.0,85,37.689472,89.084845
82.5,85,37.343863,89.717429
83.0,85,36.988493,90.339656
83.5,85,36.622228,90.951545
84.0,85,36.243749,91.553113
84.5,85,35.851499,92.144378
85.0,85,35.443625,92.725357
85.5,85,35.017898,93.296068
86.0,85,34.571593,93.856529
86.5,85,34.101333,94.406757
87.0,85,33.602858,94.94677
87.5,85,33.070673,95.476586
88.0,85,32.497521,95.996223
88.5,85,31.873515,96.505697
89.0,85,31.184669,97.005028
89.5,85,30.41022,97.494232
90.0,85,29.51729,97.973327
90.5,85,28.448918,98.442332
91.0,85,27.091959,98.901263
91.5,85,25.161552,99.350138
92.0,85,21.38807,99.788975
92.5,85,19.097677,99.9
93.0,85,19.097677,99.9
93.5,85,19.097677,99.9
94.0,85,19.097677,99.9
94.5,85,19.097677,99.9
95.0,85,19.097677,99.9
95.5,85,19.097677,99.9
96.0,85,19.097677,99.9
96.5,85,19.097677,99.9
97.0,85,19.097677,99.9
97.5,85,19.097677,99.9
98.0,85,19.097677,99.9
98.5,85,19.097677,99.9
99.0,85,19.097677,99.9
99.5,85,19.097677,99.9
100.0,85,19.097677,99.9
100.5,85,19.097677,99.9
101.0,85,19.097677,99.9
101.5,85,19.097677,99.9
102.0,85,19.097677,99.9
102.5,85,19.097677,99.9
103.0,85,19.097677,99.9
103.5,85,19.097677,99.9
104.0,85,19.097677,99.9
104.5,85,19.097677,99.9
105.0,85,19.097677,99.9
105.5,85,19.097677,99.9
106.0,85,19.097677,99.9
106.5,85,19.097677,99.9
107.0,85,19.097677,99.9
107.5,85,19.097677,99.9
108.0,85,19.097677,99.9
108.5,85,19.097677,99.9
109.0,85,19.097677,99.9
109.5,85,19.097677,99.9
110.0,85,19.097677,99.9
110.5,85,19.097677,99.9
111.0,85,19.097677,99.9
111.5,85,19.097677,99.9
112.0,85,19.097677,99.9
112.5,85,19.097677,99.9
113.0,85,19.097677,99.9
113.5,85,19.097677,99.9
114.0,85,19.097677,99.9
114.5,85,19.097677,99.9
115.0,85,19.097677,99.9
115.5,85,19.097677,99.9
116.0,85,19.097677,99.9
116.5,85,19.097677,99.9
117.0,85,19.097677,99.9
117.5,85,19.097677,99.9
118.0,85,19.097677,99.9
118.5,85,19.097677,99.9
119.0,85,19.097677,99.9
119.5,85,19.097677,99.9
120.0,85,19.097677,99.9
120.5,85,19.097677,99.9
121.0,85,19.097677,99.9
121.5,85,19.097677,99.9
122.0,85,19.097677,99.9
122.5,85,19.097677,99.9
123.0,85,19.097677,99.9
123.5,85,19.097677,99.9
124.0,85,19.097677,99.9
124.5,85,19.097677,99.9
125.0,85,19.097677,99.9
125.5,85,19.097677,99.9
126.0,85,19.097677,99.9
126.5,85,19.097677,99.9
127.0,85,19.097677,99.9
127.5,85,19.097677,99.9
128.0,85,19.097677,99.9
128.5,85,19.097677,99.9
129.0,85,19.097677,99.9
129.5,85,19.097677,99.9
130.0,85,19.097677,99.9
130.5,85,19.097677,99.9
131.0,85,19.097677,99.9
131.5,85,19.097677,99.9
132.0,85,19.097677,99.9
132.5,85,19.097677,99.9
133.0,85,19.097677,99.9
133.5,85,19.097677,99.9
134.0,85,19.097677,99.9
134.5,85,19.097677,99.9
135.0,85,19.097677,99.9
135.5,85,19.097677,99.9
136.0,85,19.097677,99.9
136.5,85,19.097677,99.9
137.0,85,19.097677,99.9
137.5,85,19.097677,99.9
138.0,85,23.558631,99.590502
138.5,85,26.031686,99.173123
139.0,85,27.594096,98.747369
139.5,85,28.767732,98.313257
140.0,85,29.722316,97.870806
140.5,85,30.535388,97.420032
141.0,85,31.249143,96.960953
141.5,85,31.889185,96.493588
142.0,85,32.472266,96.017954
142.5,85,33.009971,95.534068
143.0,85,33.510653,95.041949
143.5,85,33.980548,94.541614
144.0,85,34.424434,94.03308
144.5,85,34.846061,93.516365
145.0,85,35.248426,92.991488
145.5,85,35.633965,92.458465
146.0,85,36.004686,91.917315
146.5,85,36.362266,91.368055
147.0,85,36.70812,90.810702
147.5,85,37.043454,90.245275
148.0,85,37.369304,89.671791
148.5,85,37.686571,89.090268
149.0,85,37.996038,88.500724
149.5,85,38.298398,87.903176
150.0,85,38.594258,87.297641
150.5,85,38.884164,86.684139
151.0,85,39.1686,86.062685
151.5,85,39.448004,85.433299
152.0,85,39.722768,84.795997
152.5,85,39.993252,84.150797
153.0,85,40.25978,83.497718
153.5,85,40.522652,82.836776
154.0,85,40.78214,82.16799
154.5,85,41.038496,81.491377
155.0,85,41.291955,80.806955
155.5,85,41.542732,80.114741
156.0,85,41.79103,79.414753
156.5,85,42.037037,78.70701
157.0,85,42.280929,77.991527
157.5,85,42.522874,77.268324
158.0,85,42.763028,76.537418
158.5,85,43.00154,75.798827
159.0,85,43.238551,75.052568
159.5,85,43.474196,74.298659
160.0,85,43.708604,73.537117
160.5,85,43.941898,72.767961
161.0,85,44.174196,71.991208
161.5,85,44.405615,71.206876
162.0,85,44.636264,70.414983
162.5,85,44.866251,69.615545
163.0,85,45.095682,68.808581
163.5,85,45.324659,67.994109
164.0,85,45.553284,67.172146
164.5,85,45.781655,66.34271
165.0,85,46.00987,65.505818
165.5,85,46.238027,64.661489
166.0,85,46.466222,63.809739
166.5,85,46.694551,62.950588
167.0,85,46.92311,62.084051
167.5,85,47.151996,61.210148
168.0,85,47.381306,60.328895
168.5,85,47.611137,59.440311
169.0,85,47.841591,58.544413
169.5,85,48.072766,57.641219
170.0,85,48.304767,56.730746
170.5,85,48.537699,55.813012
171.0,85,48.771669,54.888035
171.5,85,49.006789,53.955833
172.0,85,49.243173,53.016423
172.5,85,49.480939,52.069822
173.0,85,49.720211,51.11605
173.5,85,49.961116,50.155123
174.0,85,50.203788,49.187058
174.5,85,50.448367,48.211875
175.0,85,50.694998,47.229589
175.5,85,50.943837,46.24022
176.0,85,51.195045,45.243785
176.5,85,51.448795,44.2403
177.0,85,51.70527,43.229786
177.5,85,51.964664,42.212257
178.0,85,52.227184,41.187734
178.5,85,52.493053,40.156232
179.0,85,52.762508,39.117771
179.5,85,53.035807,38.072367
180.0,85,53.313227,37.020038
180.5,85,53.595067,35.960802
181.0,85,53.881655,34.894677
181.5,85,54.173347,33.82168
182.0,85,54.470533,32.741829
182.5,85,54.773642,31.655142
183.0,85,55.083146,30.561636
32.0,86,80.902323,0.1
32.5,86,80.902323,0.1
33.0,86,80.902323,0.1
33.5,86,80.902323,0.1
34.0,86,80.902323,0.1
34.5,86,80.902323,0.1
35.0,86,80.902323,0.1
35.5,86,80.902323,0.1
36.0,86,80.902323,0.1
36.5,86,80.902323,0.1
37.0,86,80.902323,0.1
37.5,86,80.902323,0.1
38.0,86,80.902323,0.1
38.5,86,80.902323,0.1
39.0,86,80.902323,0.1
39.5,86,80.902323,0.1
40.0,86,75.014753,0.618385
40.5,86,70.138722,2.201148
41.0,86,67.778232,3.771645
41.5,86,66.136751,5.329896
42.0,86,64.850962,6.875918
42.5,86,63.780283,8.409728
43.0,86,62.854735,9.931344
43.5,86,62.034152,11.440784
44.0,86,61.293237,12.938066
44.5,86,60.614969,14.423207
45.0,86,59.98732,15.896226
45.5,86,59.401458,17.357138
46.0,86,58.850693,18.805963
46.5,86,58.329829,20.242719
47.0,86,57.834747,21.667422
47.5,86,57.362118,23.08009
48.0,86,56.909216,24.480741
48.5,86,56.473772,25.869394
49.0,86,56.053879,27.246064
49.5,86,55.647917,28.610771
50.0,86,55.254497,29.963532
50.5,86,54.872414,31.304364
51.0,86,54.50062,32.633286
51.5,86,54.138195,33.950314
52.0,86,53.784325,35.255467
52.5,86,53.438285,36.548763
53.0,86,53.099429,37.830218
53.5,86,52.767175,39.099851
54.0,86,52.440997,40.35768
54.5,86,52.120418,41.603721
55.0,86,51.805002,42.837993
55.5,86,51.494351,44.060514
56.0,86,51.188098,45.271301
56.5,86,50.885904,46.470372
57.0,86,50.587454,47.657744
57.5,86,50.292456,48.833435
58.0,86,50.000636,49.997463
58.5,86,49.711736,51.149846
59.0,86,49.425516,52.290601
59.5,86,49.141744,53.419746
60.0,86,48.860205,54.537299
60.5,86,48.580689,55.643277
61.0,86,48.303,56.737698
61.5,86,48.026944,57.82058
62.0,86,47.752339,58.89194
62.5,86,47.479004,59.951796
63.0,86,47.206766,61.000166
63.5,86,46.935455,62.037068
64.0,86,46.664904,63.062518
64.5,86,46.394947,64.076536
65.0,86,46.125421,65.079138
65.5,86,45.856164,66.070342
66.0,86,45.587012,67.050166
66.5,86,45.317802,68.018628
67.0,86,45.048371,68.975745
67.5,86,44.778549,69.921535
68.0,86,44.508167,70.856015
68.5,86,44.237052,71.779204
69.0,86,43.965023,72.691119
69.5,86,43.691895,73.591778
70.0,86,43.417477,74.481198
70.5,86,43.141569,75.359398
71.0,86,42.863961,76.226394
71.5,86,42.584432,77.082204
72.0,86,42.30275,77.926847
72.5,86,42.018668,78.76034
73.0,86,41.731922,79.5827
73.5,86,41.442229,80.393945
74.0,86,41.149286,81.194094
74.5,86,40.852764,81.983163
75.0,86,40.552306,82.76117
75.5,86,40.247522,83.528133
76.0,86,39.937984,84.28407
76.5,86,39.623221,85.028999
77.0,86,39.302709,85.762936
77.5,86,38.975866,86.4859
78.0,86,38.642037,87.197909
78.5,86,38.300483,87.89898
79.0,86,37.950365,88.58913
79.5,86,37.590722,89.268378
80.0,86,37.220446,89.936742
80.5,86,36.838248,90.594238
81.0,86,36.442613,91.240885
81.5,86,36.031744,91.8767
82.0,86,35.603484,92.501701
82.5,86,35.15521,93.115905
83.0,86,34.683684,93.719331
83.5,86,34.184839,94.311996
84.0,86,33.653462,94.893918
84.5,86,33.082713,95.465114
85.0,86,32.463352,96.025602
85.5,86,31.782439,96.5754
86.0,86,31.021018,97.114526
86.5,86,30.149605,97.642996
87.0,86,29.1184,98.16083
87.5,86,27.832346,98.668044
88.0,86,26.069044,99.164656
88.5,86,23.025045,99.650684
89.0,86,19.097677,99.9
89.5,86,19.097677,99.9
90.0,86,19.097677,99.9
90.5,86,19.097677,99.9
91.0,86,19.097677,99.9
91.5,86,19.097677,99.9
92.0,86,19.097677,99.9
92.5,86,19.097677,99.9
93.0,86,19.097677,99.9
93.5,86,19.097677,99.9
94.0,86,19.097677,99.9
94.5,86,19.097677,99.9
95.0,86,19.097677,99.9
95.5,86,19.097677,99.9
96.0,86,19.097677,99.9
96.5,86,19.097677,99.9
97.0,86,19.097677,99.9
97.5,86,19.097677,99.9
98.0,86,19.097677,99.9
98.5,86,19.097677,99.9
99.0,86,19.097677,99.9
99.5,86,19.097677,99.9
100.0,86,19.097677,99.9
100.5,86,19.097677,99.9
101.0,86,19.097677,99.9
101.5,86,19.097677,99.9
102.0,86,19.097677,99.9
102.5,86,19.097677,99.9
103.0,86,19.097677,99.9
103.5,86,19.097677,99.9
104.0,86,19.097677,99.9
104.5,86,19.097677,99.9
105.0,86,19.097677,99.9
105.5,86,19.097677,99.9
106.0,86,19.097677,99.9
106.5,86,19.097677,99.9
107.0,86,19.097677,99.9
107.5,86,19.097677,99.9
108.0,86,19.097677,99.9
108.5,86,19.097677,99.9
109.0,86,19.097677,99.9
109.5,86,19.097677,99.9
110.0,86,19.097677,99.9
110.5,86,19.097677,99.9
111.0,86,19.097677,99.9
111.5,86,19.097677,99.9
112.0,86,19.097677,99.9
112.5,86,19.097677,99.9
113.0,86,19.097677,99.9
113.5,86,19.097677,99.9
114.0,86,19.097677,99.9
114.5,86,19.097677,99.9
115.0,86,19.097677,99.9
115.5,86,19.097677,99.9
116.0,86,19.097677,99.9
116.5,86,19.097677,99.9
117.0,86,19.097677,99.9
117.5,86,19.097677,99.9
118.0,86,19.097677,99.9
118.5,86,19.097677,99.9
119.0,86,19.097677,99.9
119.5,86,19.097677,99.9
120.0,86,19.097677,99.9
120.5,86,19.097677,99.9
121.0,86,19.097677,99.9
121.5,86,19.097677,99.9
122.0,86,19.097677,99.9
122.5,86,19.097677,99.9
123.0,86,19.097677,99.9
123.5,86,19.097677,99.9
124.0,86,19.097677,99.9
124.5,86,19.097677,99.9
125.0,86,19.097677,99.9
125.5,86,19.097677,99.9
126.0,86,19.097677,99.9
126.5,86,19.097677,99.9
127.0,86,19.097677,99.9
127.5,86,19.097677,99.9
128.0,86,19.097677,99.9
128.5,86,19.097677,99.9
129.0,86,19.097677,99.9
129.5,86,19.097677,99.9
130.0,86,19.097677,99.9
130.5,86,19.097677,99.9
131.0,86,19.097677,99.9
131.5,86,19.097677,99.9
132.0,86,19.097677,99.9
132.5,86,19.097677,99.9
133.0,86,19.097677,99.9
133.5,86,19.097677,99.9
134.0,86,19.097677,99.9
134.5,86,19.097677,99.9
135.0,86,19.097677,99.9
135.5,86,19.097677,99.9
136.0,86,19.097677,99.9
136.5,86,22.293373,99.720288
137.0,86,25.609343,99.263735
137.5,86,27.434045,98.798332
138.0,86,28.74178,98.324096
138.5,86,29.780267,97.841044
139.0,86,30.652102,97.349195
139.5,86,31.410108,96.848567
140.0,86,32.085212,96.339176
140.5,86,32.69714,95.82104
141.0,86,33.259279,95.294178
141.5,86,33.781145,94.758607
142.0,86,34.269753,94.214345
142.5,86,34.730435,93.661408
143.0,86,35.167337,93.099816
143.5,86,35.583753,92.529586
144.0,86,35.982346,91.950735
144.5,86,36.365299,91.363281
145.0,86,36.734427,90.767241
145.5,86,37.091258,90.162635
146.0,86,37.437089,89.549478
146.5,86,37.773032,88.927789
147.0,86,38.100048,88.297586
147.5,86,38.418977,87.658886
148.0,86,38.730553,87.011706
148.5,86,39.035427,86.356066
149.0,86,39.334174,85.691982
149.5,86,39.627311,85.019471
150.0,86,39.915301,84.338552
150.5,86,40.198562,83.649243
151.0,86,40.477472,82.951561
151.5,86,40.752377,82.245523
152.0,86,41.023591,81.531148
152.5,86,41.291406,80.808453
153.0,86,41.556089,80.077455
153.5,86,41.817887,79.338173
154.0,86,42.07703,78.590625
154.5,86,42.333732,77.834827
155.0,86,42.588196,77.070798
155.5,86,42.840608,76.298555
156.0,86,43.091148,75.518115
156.5,86,43.339983,74.729498
157.0,86,43.587274,73.93272
157.5,86,43.833173,73.127798
158.0,86,44.077825,72.314752
158.5,86,44.321371,71.493598
159.0,86,44.563944,70.664354
159.5,86,44.805676,69.827037
160.0,86,45.046693,68.981666
160.5,86,45.287117,68.128258
161.0,86,45.527068,67.266831
161.5,86,45.766665,66.397403
162.0,86,46.006023,65.51999
162.5,86,46.245257,64.634612
163.0,86,46.48448,63.741285
163.5,86,46.723806,62.840027
164.0,86,46.963347,61.930857
164.5,86,47.203215,61.013791
165.0,86,47.443525,60.088847
165.5,86,47.684392,59.156043
166.0,86,47.925931,58.215397
166.5,86,48.16826,57.266926
167.0,86,48.4115,56.310649
167.5,86,48.655773,55.346582
168.0,86,48.901207,54.374744
168.5,86,49.147932,53.395151
169.0,86,49.396081,52.407823
169.5,86,49.645795,51.412776
170.0,86,49.897219,50.410029
170.5,86,50.150504,49.399598
171.0,86,50.405809,48.381502
171.5,86,50.663299,47.355758
172.0,86,50.923151,46.322384
172.5,86,51.18555,45.281398
173.0,86,51.450691,44.232817
173.5,86,51.718783,43.176659
174.0,86,51.99005,42.112942
174.5,86,52.264729,41.041683
175.0,86,52.543075,39.9629
175.5,86,52.825364,38.876612
176.0,86,53.111893,37.782834
176.5,86,53.402985,36.681586
177.0,86,53.698991,35.572885
177.5,86,54.000293,34.456748
178.0,86,54.307311,33.333193
178.5,86,54.62051,32.202239
179.0,86,54.940399,31.063902
179.5,86,55.267546,29.9182
180.0,86,55.602587,28.765151
180.5,86,55.946231,27.604773
181.0,86,56.29928,26.437084
181.5,86,56.662646,25.2621
182.0,86,57.037366,24.07984
182.5,86,57.424637,22.890322
183.0,86,57.825843,21.693562
32.0,87,80.902323,0.1
32.5,87,80.902323,0.1
33.0,87,80.902323,0.1
33.5,87,80.902323,0.1
34.0,87,80.902323,0.1
34.5,87,80.902323,0.1
35.0,87,80.902323,0.1
35.5,87,80.902323,0.1
36.0,87,80.902323,0.1
36.5,87,80.902323,0.1
37.0,87,80.902323,0.1
37.5,87,80.902323,0.1
38.0,87,80.902323,0.1
38.5,87,80.902323,0.1
39.0,87,74.26465,0.762336
39.5,87,69.799481,2.385468
40.0,87,67.511646,3.995878
40.5,87,65.898365,5.593583
41.0,87,64.626177,7.178601
41.5,87,63.56252,8.750951
42.0,87,62.640475,10.310649
42.5,87,61.821297,11.857713
43.0,87,61.080431,13.392161
43.5,87,60.401285,14.914011
44.0,87,59.772092,16.42328
44.5,87,59.184187,17.919986
45.0,87,58.630992,19.404147
45.5,87,58.107389,20.87578
46.0,87,57.609313,22.334904
46.5,87,57.133476,23.781535
47.0,87,56.677177,25.215692
47.5,87,56.238169,26.637391
48.0,87,55.814562,28.046652
48.5,87,55.404745,29.443491
49.0,87,55.007337,30.827927
49.5,87,54.621141,32.199976
50.0,87,54.245111,33.559657
50.5,87,53.878328,34.906987
51.0,87,53.519981,36.241984
51.5,87,53.169345,37.564666
52.0,87,52.825771,38.875051
52.5,87,52.488677,40.173155
53.0,87,52.157534,41.458997
53.5,87,51.831862,42.732594
54.0,87,51.511222,43.993965
54.5,87,51.195211,45.243126
55.0,87,50.883457,46.480096
55.5,87,50.575616,47.704892
56.0,87,50.271368,48.917532
56.5,87,49.970413,50.118034
57.0,87,49.672472,51.306414
57.5,87,49.377279,52.482692
58.0,87,49.084585,53.646884
58.5,87,48.794151,54.799009
59.0,87,48.505751,55.939083
59.5,87,48.219166,57.067126
60.0,87,47.934188,58.183154
60.5,87,47.650613,59.287184
61.0,87,47.368245,60.379236
61.5,87,47.08689,61.459326
62.0,87,46.806361,62.527472
62.5,87,46.52647,63.583692
63.0,87,46.247035,64.628003
63.5,87,45.96787,65.660424
64.0,87,45.688792,66.680972
64.5,87,45.409618,67.689664
65.0,87,45.13016,68.686518
65.5,87,44.850228,69.671552
66.0,87,44.56963,70.644785
66.5,87,44.288166,71.606232
67.0,87,44.005634,72.555912
67.5,87,43.721819,73.493843
68.0,87,43.436503,74.420043
68.5,87,43.149453,75.334529
69.0,87,42.860428,76.237318
69.5,87,42.56917,77.128429
70.0,87,42.275407,78.007879
70.5,87,41.978847,78.875686
71.0,87,41.67918,79.731867
71.5,87,41.376068,80.576441
72.0,87,41.069147,81.409424
72.5,87,40.758021,82.230836
73.0,87,40.442255,83.040692
73.5,87,40.12137,83.839012
74.0,87,39.794839,84.625812
74.5,87,39.462072,85.40111
75.0,87,39.12241,86.164925
75.5,87,38.775109,86.917273
76.0,87,38.419326,87.658173
76.5,87,38.054098,88.387642
77.0,87,37.678313,89.105697
77.5,87,37.29068,89.812357
78.0,87,36.889688,90.50764
78.5,87,36.47354,91.191562
79.0,87,36.040089,91.864142
79.5,87,35.586721,92.525397
80.0,87,35.110218,93.175345
80.5,87,34.606544,93.814003
81.0,87,34.070535,94.44139
81.5,87,33.495432,95.057523
82.0,87,32.872123,95.66242
82.5,87,32.187894,96.256098
83.0,87,31.424188,96.838575
83.5,87,30.552297,97.409869
84.0,87,29.524087,97.969997
84.5,87,28.24871,98.518977
85.0,87,26.517814,99.056828
85.5,87,23.615538,99.583565
86.0,87,19.097677,99.9
86.5,87,19.097677,99.9
87.0,87,19.097677,99.9
87.5,87,19.097677,99.9
88.0,87,19.097677,99.9
88.5,87,19.097677,99.9
89.0,87,19.097677,99.9
89.5,87,19.097677,99.9
90.0,87,19.097677,99.9
90.5,87,19.097677,99.9
91.0,87,19.097677,99.9
91.5,87,19.097677,99.9
92.0,87,19.097677,99.9
92.5,87,19.097677,99.9
93.0,87,19.097677,99.9
93.5,87,19.097677,99.9
94.0,87,19.097677,99.9
94.5,87,19.097677,99.9
95.0,87,19.097677,99.9
95.5,87,19.097677,99.9
96.0,87,19.097677,99.9
96.5,87,19.097677,99.9
97.0,87,19.097677,99.9
97.5,87,19.097677,99.9
98.0,87,19.097677,99.9
98.5,87,19.097677,99.9
99.0,87,19.097677,99.9
99.5,87,19.097677,99.9
100.0,87,19.097677,99.9
100.5,87,19.097677,99.9
101.0,87,19.097677,99.9
101.5,87,19.097677,99.9
102.0,87,19.097677,99.9
102.5,87,19.097677,99.9
103.0,87,19.097677,99.9
103.5,87,19.097677,99.9
104.0,87,19.097677,99.9
104.5,87,19.097677,99.9
105.0,87,19.097677,99.9
105.5,87,19.097677,99.9
106.0,87,19.097677,99.9
106.5,87,19.097677,99.9
107.0,87,19.097677,99.9
107.5,87,19.097677,99.9
108.0,87,19.097677,99.9
108.5,87,19.097677,99.9
109.0,87,19.097677,99.9
109.5,87,19.097677,99.9
110.0,87,19.097677,99.9
110.5,87,19.097677,99.9
111.0,87,19.097677,99.9
111.5,87,19.097677,99.9
112.0,87,19.097677,99.9
112.5,87,19.097677,99.9
113.0,87,19.097677,99.9
113.5,87,19.097677,99.9
114.0,87,19.097677,99.9
114.5,87,19.097677,99.9
115.0,87,19.097677,99.9
115.5,87,19.097677,99.9
116.0,87,19.097677,99.9
116.5,87,19.097677,99.9
117.0,87,19.097677,99.9
117.5,87,19.097677,99.9
118.0,87,19.097677,99.9
118.5,87,19.097677,99.9
119.0,87,19.097677,99.9
119.5,87,19.097677,99.9
120.0,87,19.097677,99.9
120.5,87,19.097677,99.9
121.0,87,19.097677,99.9
121.5,87,19.097677,99.9
122.0,87,19.097677,99.9
122.5,87,19.097677,99.9
123.0,87,19.097677,99.9
123.5,87,19.097677,99.9
124.0,87,19.097677,99.9
124.5,87,19.097677,99.9
125.0,87,19.097677,99.9
125.5,87,19.097677,99.9
126.0,87,19.097677,99.9
126.5,87,19.097677,99.9
127.0,87,19.097677,99.9
127.5,87,19.097677,99.9
128.0,87,19.097677,99.9
128.5,87,19.097677,99.9
129.0,87,19.097677,99.9
129.5,87,19.097677,99.9
130.0,87,19.097677,99.9
130.5,87,19.097677,99.9
131.0,87,19.097677,99.9
131.5,87,19.097677,99.9
132.0,87,19.097677,99.9
132.5,87,19.097677,99.9
133.0,87,19.097677,99.9
133.5,87,19.097677,99.9
134.0,87,19.097677,99.9
134.5,87,19.097677,99.9
135.0,87,22.819162,99.671694
135.5,87,26.016638,99.176513
136.0,87,27.82074,98.672006
136.5,87,29.124249,98.158191
137.0,87,30.163807,97.635085
137.5,87,31.038927,97.102707
138.0,87,31.801282,96.561073
138.5,87,32.481288,96.010202
139.0,87,33.098422,95.450111
139.5,87,33.66594,94.880819
140.0,87,34.193285,94.302341
140.5,87,34.687437,93.714697
141.0,87,35.153702,93.117904
141.5,87,35.596217,92.51198
142.0,87,36.018271,91.896942
142.5,87,36.422525,91.272808
143.0,87,36.811165,90.639596
143.5,87,37.186009,89.997324
144.0,87,37.548588,89.346008
144.5,87,37.900202,88.685667
145.0,87,38.24197,88.016319
145.5,87,38.574859,87.337981
146.0,87,38.899711,86.650671
146.5,87,39.217268,85.954406
147.0,87,39.528185,85.249205
147.5,87,39.833045,84.535085
148.0,87,40.132368,83.812063
148.5,87,40.426623,83.080158
149.0,87,40.716234,82.339386
149.5,87,41.001586,81.589767
150.0,87,41.28303,80.831316
150.5,87,41.560886,80.064053
151.0,87,41.835453,79.287995
151.5,87,42.107002,78.503159
152.0,87,42.375789,77.709563
152.5,87,42.642051,76.907225
153.0,87,42.906007,76.096163
153.5,87,43.167868,75.276393
154.0,87,43.427828,74.447935
154.5,87,43.686075,73.610805
155.0,87,43.942783,72.765022
155.5,87,44.198122,71.910603
156.0,87,44.452252,71.047565
156.5,87,44.705329,70.175926
157.0,87,44.957503,69.295705
157.5,87,45.208918,68.406918
158.0,87,45.459715,67.509584
158.5,87,45.710033,66.60372
159.0,87,45.960006,65.689343
159.5,87,46.209767,64.766473
160.0,87,46.459448,63.835125
160.5,87,46.709179,62.895318
161.0,87,46.959091,61.94707
161.5,87,47.209312,60.990398
162.0,87,47.459975,60.02532
162.5,87,47.71121,59.051853
163.0,87,47.96315,58.070016
163.5,87,48.215932,57.079826
164.0,87,48.469692,56.0813
164.5,87,48.724573,55.074457
165.0,87,48.980719,54.059314
165.5,87,49.23828,53.035889
166.0,87,49.49741,52.004199
166.5,87,49.758272,50.964262
167.0,87,50.021032,49.916096
167.5,87,50.285865,48.859719
168.0,87,50.552956,47.795148
168.5,87,50.822499,46.722401
169.0,87,51.094698,45.641495
169.5,87,51.36977,44.552448
170.0,87,51.647947,43.455279
170.5,87,51.929475,42.350004
171.0,87,52.214619,41.236641
171.5,87,52.503662,40.115209
172.0,87,52.796911,38.985724
172.5,87,53.094699,37.848205
173.0,87,53.397386,36.702668
173.5,87,53.705367,35.549133
174.0,87,54.019072,34.387616
174.5,87,54.338978,33.218135
175.0,87,54.665608,32.040708
175.5,87,54.999546,30.855352
176.0,87,55.341443,29.662086
176.5,87,55.692028,28.460926
177.0,87,56.052125,27.251891
177.5,87,56.422668,26.034999
178.0,87,56.804725,24.810266
178.5,87,57.199525,23.577711
179.0,87,57.608494,22.337352
179.5,87,58.033299,21.089205
180.0,87,58.47591,19.83329
180.5,87,58.938681,18.569622
181.0,87,59.424459,17.298221
181.5,87,59.93673,16.019103
182.0,87,60.479845,14.732288
182.5,87,61.059323,13.437791
183.0,87,61.682334,12.135631
32.0,88,80.902323,0.1
32.5,88,80.902323,0.1
33.0,88,80.902323,0.1
33.5,88,80.902323,0.1
34.0,88,80.902323,0.1
34.5,88,80.902323,0.1
35.0,88,80.902323,0.1
35.5,88,80.902323,0.1
36.0,88,80.902323,0.1
36.5,88,80.902323,0.1
37.0,88,80.902323,0.1
37.5,88,80.902323,0.1
38.0,88,74.818503,0.653511
38.5,88,69.923515,2.316625
39.0,88,67.545799,3.96656
39.5,88,65.889723,5.603332
40.0,88,64.590941,7.22696
40.5,88,63.508321,8.837461
41.0,88,62.571562,10.434854
41.5,88,61.740298,12.019154
42.0,88,60.989093,13.590382
42.5,88,60.30083,15.148553
43.0,88,59.663407,16.693686
43.5,88,59.067936,18.225798
44.0,88,58.507682,19.744907
44.5,88,57.977413,21.251031
45.0,88,57.472979,22.744188
45.5,88,56.991026,24.224394
46.0,88,56.528804,25.691669
46.5,88,56.084025,27.146029
47.0,88,55.654763,28.587492
47.5,88,55.239382,30.016076
48.0,88,54.836476,31.431799
48.5,88,54.444828,32.834678
49.0,88,54.063375,34.224731
49.5,88,53.691183,35.601976
50.0,88,53.327426,36.96643
50.5,88,52.971366,38.318111
51.0,88,52.622344,39.657036
51.5,88,52.279765,40.983225
52.0,88,51.943091,42.296693
52.5,88,51.611831,43.597459
53.0,88,51.285537,44.88554
53.5,88,50.963796,46.160955
54.0,88,50.646227,47.423721
54.5,88,50.332477,48.673855
55.0,88,50.022215,49.911375
55.5,88,49.715133,51.136299
56.0,88,49.410941,52.348645
56.5,88,49.109364,53.54843
57.0,88,48.810141,54.735673
57.5,88,48.513023,55.910389
58.0,88,48.217772,57.072599
58.5,88,47.924158,58.222318
59.0,88,47.631958,59.359565
59.5,88,47.340956,60.484357
60.0,88,47.050941,61.596713
60.5,88,46.761704,62.696649
61.0,88,46.473039,63.784184
61.5,88,46.184744,64.859335
62.0,88,45.896614,65.92212
62.5,88,45.608445,66.972557
63.0,88,45.32003,68.010663
63.5,88,45.031161,69.036455
64.0,88,44.741623,70.049953
64.5,88,44.451197,71.051172
65.0,88,44.159659,72.040132
65.5,88,43.866773,73.016849
66.0,88,43.572297,73.981342
66.5,88,43.275974,74.933628
67.0,88,42.977536,75.873725
67.5,88,42.676697,76.80165
68.0,88,42.373155,77.717421
68.5,88,42.066585,78.621056
69.0,88,41.756638,79.512573
69.5,88,41.442936,80.391989
70.0,88,41.125071,81.259322
70.5,88,40.802592,82.114589
71.0,88,40.475007,82.957808
71.5,88,40.141771,83.788998
72.0,88,39.802278,84.608175
72.5,88,39.455847,85.415358
73.0,88,39.101716,86.210564
73.5,88,38.739014,86.99381
74.0,88,38.366751,87.765115
74.5,88,37.983782,88.524496
75.0,88,37.588778,89.27197
75.5,88,37.180177,90.007556
76.0,88,36.75613,90.731272
76.5,88,36.314415,91.443134
77.0,88,35.852329,92.143161
77.5,88,35.366536,92.83137
78.0,88,34.852844,93.507778
78.5,88,34.305877,94.172405
79.0,88,33.718575,94.825267
79.5,88,33.081384,95.466382
80.0,88,32.380909,96.095767
80.5,88,31.597475,96.713441
81.0,88,30.700383,97.319421
81.5,88,29.637525,97.913725
82.0,88,28.308672,98.49637
82.5,88,26.475963,99.067374
83.0,88,23.246398,99.626755
83.5,88,19.097677,99.9
84.0,88,19.097677,99.9
84.5,88,19.097677,99.9
85.0,88,19.097677,99.9
85.5,88,19.097677,99.9
86.0,88,19.097677,99.9
86.5,88,19.097677,99.9
87.0,88,19.097677,99.9
87.5,88,19.097677,99.9
88.0,88,19.097677,99.9
88.5,88,19.097677,99.9
89.0,88,19.097677,99.9
89.5,88,19.097677,99.9
90.0,88,19.097677,99.9
90.5,88,19.097677,99.9
91.0,88,19.097677,99.9
91.5,88,19.097677,99.9
92.0,88,19.097677,99.9
92.5,88,19.097677,99.9
93.0,88,19.097677,99.9
93.5,88,19.097677,99.9
94.0,88,19.097677,99.9
94.5,88,19.097677,99.9
95.0,88,19.097677,99.9
95.5,88,19.097677,99.9
96.0,88,19.097677,99.9
96.5,88,19.097677,99.9
97.0,88,19.097677,99.9
97.5,88,19.097677,99.9
98.0,88,19.097677,99.9
98.5,88,19.097677,99.9
99.0,88,19.097677,99.9
99.5,88,19.097677,99.9
100.0,88,19.097677,99.9
100.5,88,19.097677,99.9
101.0,88,19.097677,99.9
101.5,88,19.097677,99.9
102.0,88,19.097677,99.9
102.5,88,19.097677,99.9
103.0,88,19.097677,99.9
103.5,88,19.097677,99.9
104.0,88,19.097677,99.9
104.5,88,19.097677,99.9
105.0,88,19.097677,99.9
105.5,88,19.097677,99.9
106.0,88,19.097677,99.9
106.5,88,19.097677,99.9
107.0,88,19.097677,99.9
107.5,88,19.097677,99.9
108.0,88,19.097677,99.9
108.5,88,19.097677,99.9
109.0,88,19.097677,99.9
109.5,88,19.097677,99.9
110.0,88,19.097677,99.9
110.5,88,19.097677,99.9
111.0,88,19.097677,99.9
111.5,88,19.097677,99.9
112.0,88,19.097677,99.9
112.5,88,19.097677,99.9
113.0,88,19.097677,99.9
113.5,88,19.097677,99.9
114.0,88,19.097677,99.9
114.5,88,19.097677,99.9
115.0,88,19.097677,99.9
115.5,88,19.097677,99.9
116.0,88,19.097677,99.9
116.5,88,19.097677,99.9
117.0,88,19.097677,99.9
117.5,88,19.097677,99.9
118.0,88,19.097677,99.9
118.5,88,19.097677,99.9
119.0,88,19.097677,99.9
119.5,88,19.097677,99.9
120.0,88,19.097677,99.9
120.5,88,19.097677,99.9
121.0,88,19.097677,99.9
121.5,88,19.097677,99.9
122.0,88,19.097677,99.9
122.5,88,19.097677,99.9
123.0,88,19.097677,99.9
123.5,88,19.097677,99.9
124.0,88,19.097677,99.9
124.5,88,19.097677,99.9
125.0,88,19.097677,99.9
125.5,88,19.097677,99.9
126.0,88,19.097677,99.9
126.5,88,19.097677,99.9
127.0,88,19.097677,99.9
127.5,88,19.097677,99.9
128.0,88,19.097677,99.9
128.5,88,19.097677,99.9
129.0,88,19.097677,99.9
129.5,88,19.097677,99.9
130.0,88,19.097677,99.9
130.5,88,19.097677,99.9
131.0,88,19.097677,99.9
131.5,88,19.097677,99.9
132.0,88,19.097677,99.9
132.5,88,19.097677,99.9
133.0,88,19.097677,99.9
133.5,88,24.985715,99.381533
134.0,88,27.271399,98.848269
134.5,88,28.786922,98.305205
135.0,88,29.949048,97.752356
135.5,88,30.905585,97.189742
136.0,88,31.726849,96.61738
136.5,88,32.452043,96.035287
137.0,88,33.105351,95.443481
137.5,88,33.702786,94.841981
138.0,88,34.255521,94.230803
138.5,88,34.771678,93.609965
139.0,88,35.257352,92.979485
139.5,88,35.717238,92.339381
140.0,88,36.155039,91.68967
140.5,88,36.573724,91.03037
141.0,88,36.975717,90.361499
141.5,88,37.363022,89.683075
142.0,88,37.737317,88.995114
142.5,88,38.100023,88.297636
143.0,88,38.452355,87.590657
143.5,88,38.795361,86.874195
144.0,88,39.129951,86.148268
144.5,88,39.456925,85.412893
145.0,88,39.776985,84.668089
145.5,88,40.090757,83.913872
146.0,88,40.398799,83.150262
146.5,88,40.701611,82.377274
147.0,88,40.999647,81.594928
147.5,88,41.293315,80.80324
148.0,88,41.582992,80.002229
148.5,88,41.869018,79.191911
149.0,88,42.151711,78.372306
149.5,88,42.431361,77.54343
150.0,88,42.70824,76.705301
150.5,88,42.982599,75.857937
151.0,88,43.254676,75.001355
151.5,88,43.524693,74.135574
152.0,88,43.79286,73.26061
152.5,88,44.059376,72.376482
153.0,88,44.324431,71.483208
153.5,88,44.588206,70.580804
154.0,88,44.850876,69.669289
154.5,88,45.112609,68.74868
155.0,88,45.373567,67.818996
155.5,88,45.63391,66.880253
156.0,88,45.893792,65.932469
156.5,88,46.153365,64.975662
157.0,88,46.412779,64.009851
157.5,88,46.672182,63.035052
158.0,88,46.931721,62.051283
158.5,88,47.191543,61.058561
159.0,88,47.451797,60.056906
159.5,88,47.71263,59.046333
160.0,88,47.974193,58.026862
160.5,88,48.236638,56.998509
161.0,88,48.500121,55.961292
161.5,88,48.764801,54.915229
162.0,88,49.030842,53.860338
162.5,88,49.298412,52.796637
163.0,88,49.567687,51.724142
163.5,88,49.838849,50.642872
164.0,88,50.112087,49.552845
164.5,88,50.387602,48.454078
165.0,88,50.665603,47.346588
165.5,88,50.946311,46.230394
166.0,88,51.22996,45.105513
166.5,88,51.516801,43.971964
167.0,88,51.8071,42.829762
167.5,88,52.101142,41.678927
168.0,88,52.399236,40.519476
168.5,88,52.701712,39.351426
169.0,88,53.008932,38.174796
169.5,88,53.321287,36.989603
170.0,88,53.639206,35.795864
170.5,88,53.96316,34.593598
171.0,88,54.293666,33.382822
171.5,88,54.631302,32.163554
172.0,88,54.976706,30.935811
172.5,88,55.330597,29.699611
173.0,88,55.693783,28.454972
173.5,88,56.067178,27.201912
174.0,88,56.451825,25.940448
174.5,88,56.848922,24.670597
175.0,88,57.259856,23.392379
175.5,88,57.686246,22.105809
176.0,88,58.129999,20.810907
176.5,88,58.593385,19.507689
177.0,88,59.079144,18.196173
177.5,88,59.590619,16.876378
178.0,88,60.131963,15.54832
178.5,88,60.708423,14.212018
179.0,88,61.326773,12.867489
179.5,88,61.995993,11.51475
180.0,88,62.728355,10.15382
180.5,88,63.541318,8.784716
181.0,88,64.461001,7.407457
181.5,88,65.529245,6.022058
182.0,88,66.8199,4.628539
182.5,88,68.484427,3.226917
183.0,88,70.930557,1.817209
32.0,89,80.902323,0.1
32.5,89,80.902323,0.1
33.0,89,80.902323,0.1
33.5,89,80.902323,0.1
34.0,89,80.902323,0.1
34.5,89,80.902323,0.1
35.0,89,80.902323,0.1
35.5,89,80.902323,0.1
36.0,89,80.902323,0.1
36.5,89,80.902323,0.1
37.0,89,78.352458,0.228952
37.5,89,70.680722,1.931662
38.0,89,67.965023,3.620734
38.5,89,66.167896,5.296186
39.0,89,64.789237,6.958036
39.5,89,63.654042,8.606302
40.0,89,62.679382,10.241001
40.5,89,61.81906,11.862151
41.0,89,61.04456,13.46977
41.5,89,60.336977,15.063875
42.0,89,59.683098,16.644484
42.5,89,59.0733,18.211615
43.0,89,58.500349,19.765285
43.5,89,57.958654,21.305513
44.0,89,57.443805,22.832315
44.5,89,56.952252,24.34571
45.0,89,56.481092,25.845715
45.5,89,56.027922,27.332348
46.0,89,55.590721,28.805626
46.5,89,55.167777,30.265568
47.0,89,54.757622,31.712191
47.5,89,54.358987,33.145512
48.0,89,53.970766,34.56555
48.5,89,53.591987,35.972322
49.0,89,53.221793,37.365845
49.5,89,52.859417,38.746138
50.0,89,52.504177,40.113218
50.5,89,52.155455,41.467102
51.0,89,51.812693,42.80781
51.5,89,51.475383,44.135357
52.0,89,51.14306,45.449762
52.5,89,50.815295,46.751043
53.0,89,50.491694,48.039217
53.5,89,50.171888,49.314301
54.0,89,49.855534,50.576315
54.5,89,49.542312,51.825274
55.0,89,49.231917,53.061198
55.5,89,48.924062,54.284103
56.0,89,48.618474,55.494008
56.5,89,48.314891,56.69093
57.0,89,48.013062,57.874886
57.5,89,47.712743,59.045895
58.0,89,47.413697,60.203974
58.5,89,47.115694,61.349141
59.0,89,46.818508,62.481413
59.5,89,46.521913,63.600809
60.0,89,46.225687,64.707345
60.5,89,45.929608,65.80104
61.0,89,45.633453,66.881911
61.5,89,45.336996,67.949976
62.0,89,45.040008,69.005253
62.5,89,44.742254,70.047759
63.0,89,44.443495,71.077512
63.5,89,44.14348,72.094529
64.0,89,43.841953,73.098829
64.5,89,43.538642,74.090429
65.0,89,43.233264,75.069347
65.5,89,42.925518,76.035601
66.0,89,42.615085,76.989207
66.5,89,42.301625,77.930184
67.0,89,41.984771,78.85855
67.5,89,41.664127,79.774322
68.0,89,41.339261,80.677518
68.5,89,41.009704,81.568155
69.0,89,40.674937,82.446252
69.5,89,40.334389,83.311826
70.0,89,39.987421,84.164894
70.5,89,39.633318,85.005475
71.0,89,39.271274,85.833585
71.5,89,38.900374,86.649244
72.0,89,38.519566,87.452468
72.5,89,38.127639,88.243274
73.0,89,37.72318,89.021682
73.5,89,37.304524,89.787708
74.0,89,36.869693,90.541371
74.5,89,36.416299,91.282687
75.0,89,35.941427,92.011674
75.5,89,35.44146,92.728351
76.0,89,34.91182,93.432735
76.5,89,34.346597,94.124843
77.0,89,33.737953,94.804694
77.5,89,33.075169,95.472305
78.0,89,32.342997,96.127693
78.5,89,31.518626,96.770877
79.0,89,30.56556,97.401873
79.5,89,29.419567,98.020701
80.0,89,27.949767,98.627377
80.5,89,25.809622,99.221919
81.0,89,21.149172,99.804345
81.5,89,19.097677,99.9
82.0,89,19.097677,99.9
82.5,89,19.097677,99.9
83.0,89,19.097677,99.9
83.5,89,19.097677,99.9
84.0,89,19.097677,99.9
84.5,89,19.097677,99.9
85.0,89,19.097677,99.9
85.5,89,19.097677,99.9
86.0,89,19.097677,99.9
86.5,89,19.097677,99.9
87.0,89,19.097677,99.9
87.5,89,19.097677,99.9
88.0,89,19.097677,99.9
88.5,89,19.097677,99.9
89.0,89,19.097677,99.9
89.5,89,19.097677,99.9
90.0,89,19.097677,99.9
90.5,89,19.097677,99.9
91.0,89,19.097677,99.9
91.5,89,19.097677,99.9
92.0,89,19.097677,99.9
92.5,89,19.097677,99.9
93.0,89,19.097677,99.9
93.5,89,19.097677,99.9
94.0,89,19.097677,99.9
94.5,89,19.097677,99.9
95.0,89,19.097677,99.9
95.5,89,19.097677,99.9
96.0,89,19.097677,99.9
96.5,89,19.097677,99.9
97.0,89,19.097677,99.9
97.5,89,19.097677,99.9
98.0,89,19.097677,99.9
98.5,89,19.097677,99.9
99.0,89,19.097677,99.9
99.5,89,19.097677,99.9
100.0,89,19.097677,99.9
100.5,89,19.097677,99.9
101.0,89,19.097677,99.9
101.5,89,19.097677,99.9
102.0,89,19.097677,99.9
102.5,89,19.097677,99.9
103.0,89,19.097677,99.9
103.5,89,19.097677,99.9
104.0,89,19.097677,99.9
104.5,89,19.097677,99.9
105.0,89,19.097677,99.9
105.5,89,19.097677,99.9
106.0,89,19.097677,99.9
106.5,89,19.097677,99.9
107.0,89,19.097677,99.9
107.5,89,19.097677,99.9
108.0,89,19.097677,99.9
108.5,89,19.097677,99.9
109.0,89,19.097677,99.9
109.5,89,19.097677,99.9
110.0,89,19.097677,99.9
110.5,89,19.097677,99.9
111.0,89,19.097677,99.9
111.5,89,19.097677,99.9
112.0,89,19.097677,99.9
112.5,89,19.097677,99.9
113.0,89,19.097677,99.9
113.5,89,19.097677,99.9
114.0,89,19.097677,99.9
114.5,89,19.097677,99.9
115.0,89,19.097677,99.9
115.5,89,19.097677,99.9
116.0,89,19.097677,99.9
116.5,89,19.097677,99.9
117.0,89,19.097677,99.9
117.5,89,19.097677,99.9
118.0,89,19.097677,99.9
118.5,89,19.097677,99.9
119.0,89,19.097677,99.9
119.5,89,19.097677,99.9
120.0,89,19.097677,99.9
120.5,89,19.097677,99.9
121.0,89,19.097677,99.9
121.5,89,19.097677,99.9
122.0,89,19.097677,99.9
122.5,89,19.097677,99.9
123.0,89,19.097677,99.9
123.5,89,19.097677,99.9
124.0,89,19.097677,99.9
124.5,89,19.097677,99.9
125.0,89,19.097677,99.9
125.5,89,19.097677,99.9
126.0,89,19.097677,99.9
126.5,89,19.097677,99.9
127.0,89,19.097677,99.9
127.5,89,19.097677,99.9
128.0,89,19.097677,99.9
128.5,89,19.097677,99.9
129.0,89,19.097677,99.9
129.5,89,19.097677,99.9
130.0,89,19.097677,99.9
130.5,89,19.097677,99.9
131.0,89,19.17633,99.897319
131.5,89,25.178029,99.347125
132.0,89,27.471345,98.786619
132.5,89,28.994859,98.215818
133.0,89,30.164424,97.634741
133.5,89,31.127886,97.043405
134.0,89,31.955669,96.441828
134.5,89,32.687066,95.830027
135.0,89,33.346331,95.208021
135.5,89,33.94953,94.575826
136.0,89,34.50788,93.933462
136.5,89,35.029534,93.280944
137.0,89,35.520612,92.618291
137.5,89,35.985835,91.945521
138.0,89,36.428922,91.262652
138.5,89,36.852859,90.5697
139.0,89,37.260082,89.866684
139.5,89,37.652608,89.153621
140.0,89,38.032125,88.43053
140.5,89,38.400065,87.697427
141.0,89,38.757651,86.954331
141.5,89,39.105938,86.201259
142.0,89,39.445847,85.438229
142.5,89,39.778181,84.665259
143.0,89,40.103653,83.882365
143.5,89,40.422893,83.089567
144.0,89,40.736466,82.286881
144.5,89,41.044881,81.474326
145.0,89,41.348594,80.651918
145.5,89,41.648024,79.819676
146.0,89,41.943551,78.977618
146.5,89,42.235525,78.12576
147.0,89,42.524267,77.264122
147.5,89,42.810076,76.392719
148.0,89,43.09323,75.511571
148.5,89,43.37399,74.620695
149.0,89,43.652597,73.720108
149.5,89,43.929285,72.809828
150.0,89,44.204269,71.889874
150.5,89,44.477758,70.960262
151.0,89,44.749951,70.02101
151.5,89,45.021039,69.072136
152.0,89,45.291206,68.113657
152.5,89,45.56063,67.145592
153.0,89,45.829486,66.167958
153.5,89,46.097944,65.180773
154.0,89,46.366172,64.184054
154.5,89,46.634334,63.177819
155.0,89,46.902595,62.162086
155.5,89,47.171118,61.136872
156.0,89,47.440068,60.102196
156.5,89,47.709609,59.058074
157.0,89,47.979908,58.004525
157.5,89,48.251133,56.941566
158.0,89,48.523458,55.869215
158.5,89,48.797059,54.78749
159.0,89,49.072118,53.696408
159.5,89,49.348823,52.595987
160.0,89,49.627368,51.486244
160.5,89,49.907956,50.367198
161.0,89,50.1908,49.238866
161.5,89,50.476122,48.101265
162.0,89,50.764158,46.954414
162.5,89,51.055157,45.79833
163.0,89,51.349383,44.633031
163.5,89,51.64712,43.458535
164.0,89,51.948669,42.274858
164.5,89,52.254356,41.08202
165.0,89,52.564534,39.880037
165.5,89,52.879585,38.668927
166.0,89,53.199923,37.448708
166.5,89,53.526005,36.219398
167.0,89,53.858331,34.981014
167.5,89,54.197454,33.733574
168.0,89,54.543987,32.477095
168.5,89,54.898615,31.211596
169.0,89,55.262106,29.937095
169.5,89,55.635328,28.653607
170.0,89,56.019265,27.361153
170.5,89,56.415045,26.059748
171.0,89,56.823966,24.749411
171.5,89,57.247536,23.43016
172.0,89,57.687525,22.102012
172.5,89,58.146028,20.764985
173.0,89,58.625555,19.419096
173.5,89,59.129149,18.064364
174.0,89,59.660561,16.700806
174.5,89,60.224483,15.328439
175.0,89,60.826909,13.947281
175.5,89,61.475678,12.557351
176.0,89,62.181333,11.158665
176.5,89,62.958568,9.751242
177.0,89,63.82879,8.335099
177.5,89,64.825084,6.910253
178.0,89,66.002891,5.476723
178.5,89,67.466935,4.034526
179.0,89,69.45843,2.58368
179.5,89,72.820896,1.124203
180.0,89,80.902323,0.1
180.5,89,80.902323,0.1
181.0,89,80.902323,0.1
181.5,89,80.902323,0.1
182.0,89,80.902323,0.1
182.5,89,80.902323,0.1
183.0,89,80.902323,0.1
32.0,90,80.902323,0.1
32.5,90,80.902323,0.1
33.0,90,80.902323,0.1
33.5,90,80.902323,0.1
34.0,90,80.902323,0.1
34.5,90,80.902323,0.1
35.0,90,80.902323,0.1
35.5,90,80.902323,0.1
36.0,90,80.902323,0.1
36.5,90,72.6762,1.167619
37.0,90,68.963875,2.895441
37.5,90,66.839894,4.609186
38.0,90,65.293512,6.308871
38.5,90,64.054407,7.994513
39.0,90,63.008125,9.666132
39.5,90,62.094894,11.323744
40.0,90,61.279351,12.967367
40.5,90,60.538745,14.597019
41.0,90,59.85753,16.212717
41.5,90,59.224583,17.814479
42.0,90,58.631655,19.402323
42.5,90,58.07245,20.976267
43.0,90,57.542043,22.536328
43.5,90,57.036505,24.082523
44.0,90,56.552646,25.614872
44.5,90,56.087837,27.13339
45.0,90,55.639885,28.638097
45.5,90,55.206937,30.129009
46.0,90,54.78741,31.606144
46.5,90,54.379943,33.06952
47.0,90,53.983352,34.519155
47.5,90,53.596601,35.955067
48.0,90,53.218776,37.377272
48.5,90,52.849065,38.78579
49.0,90,52.486743,40.180636
49.5,90,52.131158,41.56183
50.0,90,51.781722,42.929389
50.5,90,51.437896,44.28333
51.0,90,51.099192,45.623671
51.5,90,50.76516,46.950431
52.0,90,50.435382,48.263626
52.5,90,50.109473,49.563274
53.0,90,49.787073,50.849393
53.5,90,49.467842,52.122001
54.0,90,49.151463,53.381115
54.5,90,48.837633,54.626753
55.0,90,48.526064,55.858933
55.5,90,48.21648,57.077672
56.0,90,47.908616,58.282988
56.5,90,47.602215,59.4749
57.0,90,47.297027,60.653423
57.5,90,46.992806,61.818577
58.0,90,46.689311,62.970379
58.5,90,46.386303,64.108846
59.0,90,46.083544,65.233996
59.5,90,45.780795,66.345847
60.0,90,45.477816,67.444417
60.5,90,45.174363,68.529724
61.0,90,44.870186,69.601784
61.5,90,44.56503,70.660616
62.0,90,44.258632,71.706237
62.5,90,43.950718,72.738665
63.0,90,43.641,73.757918
63.5,90,43.329179,74.764014
64.0,90,43.014937,75.756969
64.5,90,42.697935,76.736803
65.0,90,42.377811,77.703532
65.5,90,42.054177,78.657174
66.0,90,41.726612,79.597747
66.5,90,41.394658,80.525268
67.0,90,41.057813,81.439756
67.5,90,40.715524,82.341228
68.0,90,40.367179,83.229701
68.5,90,40.012094,84.105194
69.0,90,39.649499,84.967723
69.5,90,39.278526,85.817308
70.0,90,38.898182,86.653964
70.5,90,38.507327,87.477711
71.0,90,38.104637,88.288566
71.5,90,37.688562,89.086546
72.0,90,37.257268,89.871669
72.5,90,36.808559,90.643953
73.0,90,36.339768,91.403416
73.5,90,35.847613,92.150074
74.0,90,35.327978,92.883947
74.5,90,34.775604,93.605051
75.0,90,34.183606,94.313405
75.5,90,33.542707,95.009025
76.0,90,32.839964,95.69193
76.5,90,32.056495,96.362138
77.0,90,31.163083,97.019665
77.5,90,30.110742,97.664531
78.0,90,28.806983,98.296751
78.5,90,27.039514,98.916345
79.0,90,24.07691,99.523329
79.5,90,19.097677,99.9
80.0,90,19.097677,99.9
80.5,90,19.097677,99.9
81.0,90,19.097677,99.9
81.5,90,19.097677,99.9
82.0,90,19.097677,99.9
82.5,90,19.097677,99.9
83.0,90,19.097677,99.9
83.5,90,19.097677,99.9
84.0,90,19.097677,99.9
84.5,90,19.097677,99.9
85.0,90,19.097677,99.9
85.5,90,19.097677,99.9
86.0,90,19.097677,99.9
86.5,90,19.097677,99.9
87.0,90,19.097677,99.9
87.5,90,19.097677,99.9
88.0,90,19.097677,99.9
88.5,90,19.097677,99.9
89.0,90,19.097677,99.9
89.5,90,19.097677,99.9
90.0,90,19.097677,99.9
90.5,90,19.097677,99.9
91.0,90,19.097677,99.9
91.5,90,19.097677,99.9
92.0,90,19.097677,99.9
92.5,90,19.097677,99.9
93.0,90,19.097677,99.9
93.5,90,19.097677,99.9
94.0,90,19.097677,99.9
94.5,90,19.097677,99.9
95.0,90,19.097677,99.9
95.5,90,19.097677,99.9
96.0,90,19.097677,99.9
96.5,90,19.097677,99.9
97.0,90,19.097677,99.9
97.5,90,19.097677,99.9
98.0,90,19.097677,99.9
98.5,90,19.097677,99.9
99.0,90,19.097677,99.9
99.5,90,19.097677,99.9
100.0,90,19.097677,99.9
100.5,90,19.097677,99.9
101.0,90,19.097677,99.9
101.5,90,19.097677,99.9
102.0,90,19.097677,99.9
102.5,90,19.097677,99.9
103.0,90,19.097677,99.9
103.5,90,19.097677,99.9
104.0,90,19.097677,99.9
104.5,90,19.097677,99.9
105.0,90,19.097677,99.9
105.5,90,19.097677,99.9
106.0,90,19.097677,99.9
106.5,90,19.097677,99.9
107.0,90,19.097677,99.9
107.5,90,19.097677,99.9
108.0,90,19.097677,99.9
108.5,90,19.097677,99.9
109.0,90,19.097677,99.9
109.5,90,19.097677,99.9
110.0,90,19.097677,99.9
110.5,90,19.097677,99.9
111.0,90,19.097677,99.9
111.5,90,19.097677,99.9
112.0,90,19.097677,99.9
112.5,90,19.097677,99.9
113.0,90,19.097677,99.9
113.5,90,19.097677,99.9
114.0,90,19.097677,99.9
114.5,90,19.097677,99.9
115.0,90,19.097677,99.9
115.5,90,19.097677,99.9
116.0,90,19.097677,99.9
116.5,90,19.097677,99.9
117.0,90,19.097677,99.9
117.5,90,19.097677,99.9
118.0,90,19.097677,99.9
118.5,90,19.097677,99.9
119.0,90,19.097677,99.9
119.5,90,19.097677,99.9
120.0,90,19.097677,99.9
120.5,90,19.097677,99.9
121.0,90,19.097677,99.9
121.5,90,19.097677,99.9
122.0,90,19.097677,99.9
122.5,90,19.097677,99.9
123.0,90,19.097677,99.9
123.5,90,19.097677,99.9
124.0,90,19.097677,99.9
124.5,90,19.097677,99.9
125.0,90,19.097677,99.9
125.5,90,19.097677,99.9
126.0,90,19.097677,99.9
126.5,90,19.097677,99.9
127.0,90,19.097677,99.9
127.5,90,19.097677,99.9
128.0,90,19.097677,99.9
128.5,90,19.097677,99.9
129.0,90,23.624595,99.582452
129.5,90,26.710095,99.007022
130.0,90,28.503672,98.420787
130.5,90,29.813606,97.823764
131.0,90,30.864725,97.215972
131.5,90,31.753339,96.597429
132.0,90,32.52998,95.968151
132.5,90,33.224597,95.328156
133.0,90,33.856464,94.677463
133.5,90,34.438744,94.016089
134.0,90,34.980847,93.344051
134.5,90,35.489741,92.661367
135.0,90,35.970739,91.968056
135.5,90,36.427989,91.264134
136.0,90,36.864795,90.549619
136.5,90,37.283835,89.82453
137.0,90,37.687312,89.088883
137.5,90,38.077062,88.342696
138.0,90,38.454634,87.585988
138.5,90,38.821346,86.818775
139.0,90,39.178333,86.041076
139.5,90,39.526579,85.252908
140.0,90,39.866944,84.454289
140.5,90,40.200185,83.645236
141.0,90,40.526975,82.825768
141.5,90,40.847911,81.995901
142.0,90,41.163532,81.155654
142.5,90,41.474323,80.305045
143.0,90,41.780726,79.44409
143.5,90,42.083141,78.572808
144.0,90,42.381938,77.691216
144.5,90,42.677457,76.799333
145.0,90,42.970012,75.897175
145.5,90,43.259897,74.98476
146.0,90,43.547387,74.062107
146.5,90,43.832738,73.129233
147.0,90,44.116195,72.186154
147.5,90,44.397988,71.232891
148.0,90,44.678337,70.269459
148.5,90,44.957454,69.295876
149.0,90,45.235542,68.312161
149.5,90,45.512796,67.31833
150.0,90,45.789409,66.314403
150.5,90,46.065567,65.300395
151.0,90,46.341453,64.276326
151.5,90,46.617247,63.242212
152.0,90,46.89313,62.198072
152.5,90,47.169279,61.143923
153.0,90,47.445873,60.079782
153.5,90,47.723092,59.005668
154.0,90,48.001118,57.921598
154.5,90,48.280136,56.82759
155.0,90,48.560333,55.723661
155.5,90,48.841903,54.60983
156.0,90,49.125046,53.486114
156.5,90,49.409966,52.35253
157.0,90,49.696878,51.209096
157.5,90,49.986005,50.05583
158.0,90,50.277582,48.89275
158.5,90,50.571855,47.719873
159.0,90,50.869084,46.537218
159.5,90,51.169546,45.344801
160.0,90,51.473538,44.14264
160.5,90,51.781374,42.930753
161.0,90,52.093396,41.709159
161.5,90,52.40997,40.477873
162.0,90,52.731495,39.236915
162.5,90,53.058406,37.986302
163.0,90,53.391178,36.726051
163.5,90,53.730334,35.456181
164.0,90,54.076452,34.176708
164.5,90,54.430176,32.887651
165.0,90,54.792222,31.589027
165.5,90,55.163398,30.280854
166.0,90,55.544616,28.96315
166.5,90,55.936912,27.635932
167.0,90,56.341478,26.299219
167.5,90,56.759687,24.953027
168.0,90,57.19314,23.597374
168.5,90,57.64372,22.232279
169.0,90,58.113666,20.857758
169.5,90,58.605669,19.47383
170.0,90,59.123011,18.080512
170.5,90,59.669752,16.677822
171.0,90,60.25101,15.265777
171.5,90,60.87337,13.844396
172.0,90,61.545521,12.413696
172.5,90,62.279283,10.973694
173.0,90,63.091364,9.524408
173.5,90,64.006554,8.065857
174.0,90,65.064132,6.598057
174.5,90,66.332305,5.121027
175.0,90,67.947367,3.634783
175.5,90,70.257843,2.139345
176.0,90,74.922246,0.634729
176.5,90,80.902323,0.1
177.0,90,80.902323,0.1
177.5,90,80.902323,0.1
178.0,90,80.902323,0.1
178.5,90,80.902323,0.1
179.0,90,80.902323,0.1
179.5,90,80.902323,0.1
180.0,90,80.902323,0.1
180.5,90,80.902323,0.1
181.0,90,80.902323,0.1
181.5,90,80.902323,0.1
182.0,90,80.902323,0.1
182.5,90,80.902323,0.1
183.0,90,80.902323,0.1
32.0,91,80.902323,0.1
32.5,91,80.902323,0.1
33.0,91,80.902323,0.1
33.5,91,80.902323,0.1
34.0,91,80.902323,0.1
34.5,91,80.902323,0.1
35.0,91,80.902323,0.1
35.5,91,80.902323,0.1
36.0,91,71.135411,1.727724
36.5,91,68.145865,3.479374
37.0,91,66.242141,5.216506
37.5,91,64.803391,6.939139
38.0,91,63.627992,8.64729
38.5,91,62.623593,10.340976
39.0,91,61.739768,12.020216
39.5,91,60.945803,13.685027
40.0,91,60.221529,15.335427
40.5,91,59.552947,16.971433
41.0,91,58.929923,18.593064
41.5,91,58.344868,20.200336
42.0,91,57.791941,21.793268
42.5,91,57.266546,23.371877
43.0,91,56.764994,24.936181
43.5,91,56.284275,26.486198
44.0,91,55.821897,28.021945
44.5,91,55.375775,29.54344
45.0,91,54.944137,31.050701
45.5,91,54.525471,32.543745
46.0,91,54.118467,34.02259
46.5,91,53.721985,35.487253
47.0,91,53.335024,36.937754
47.5,91,52.956699,38.374108
48.0,91,52.586223,39.796334
48.5,91,52.222889,41.20445
49.0,91,51.866061,42.598473
49.5,91,51.515164,43.978421
50.0,91,51.16967,45.344311
50.5,91,50.829098,46.696161
51.0,91,50.493005,48.03399
51.5,91,50.160979,49.357814
52.0,91,49.832637,50.667652
52.5,91,49.50762,51.96352
53.0,91,49.18559,53.245437
53.5,91,48.866229,54.513421
54.0,91,48.549232,55.767489
54.5,91,48.234309,57.007658
55.0,91,47.921179,58.233947
55.5,91,47.609574,59.446373
56.0,91,47.299229,60.644954
56.5,91,46.989887,61.829707
57.0,91,46.681294,63.000651
57.5,91,46.3732,64.157803
58.0,91,46.065355,65.30118
58.5,91,45.757507,66.4308
59.0,91,45.449404,67.546682
59.5,91,45.14079,68.648842
60.0,91,44.831402,69.737298
60.5,91,44.520972,70.812068
61.0,91,44.209221,71.873171
61.5,91,43.895859,72.920622
62.0,91,43.580585,73.954441
62.5,91,43.263079,74.974644
63.0,91,42.943004,75.98125
63.5,91,42.62,76.974276
64.0,91,42.293682,77.95374
64.5,91,41.963633,78.91966
65.0,91,41.629402,79.872053
65.5,91,41.290497,80.810937
66.0,91,40.946376,81.736329
66.5,91,40.596441,82.648247
67.0,91,40.240027,83.54671
67.5,91,39.876387,84.431734
68.0,91,39.504678,85.303338
68.5,91,39.123943,86.161539
69.0,91,38.733084,87.006354
69.5,91,38.330832,87.837802
70.0,91,37.915702,88.6559
70.5,91,37.485948,89.460666
71.0,91,37.039482,90.252118
71.5,91,36.573785,91.030272
72.0,91,36.085765,91.795148
72.5,91,35.571572,92.546762
73.0,91,35.026314,93.285132
73.5,91,34.443632,94.010276
74.0,91,33.815041,94.722212
74.5,91,33.12883,95.420957
75.0,91,32.368157,96.106529
75.5,91,31.507455,96.778946
76.0,91,30.504979,97.438226
76.5,91,29.285022,98.084385
77.0,91,27.685473,98.717442
77.5,91,25.230677,99.337415
78.0,91,19.097677,99.9
78.5,91,19.097677,99.9
79.0,91,19.097677,99.9
79.5,91,19.097677,99.9
80.0,91,19.097677,99.9
80.5,91,19.097677,99.9
81.0,91,19.097677,99.9
81.5,91,19.097677,99.9
82.0,91,19.097677,99.9
82.5,91,19.097677,99.9
83.0,91,19.097677,99.9
83.5,91,19.097677,99.9
84.0,91,19.097677,99.9
84.5,91,19.097677,99.9
85.0,91,19.097677,99.9
85.5,91,19.097677,99.9
86.0,91,19.097677,99.9
86.5,91,19.097677,99.9
87.0,91,19.097677,99.9
87.5,91,19.097677,99.9
88.0,91,19.097677,99.9
88.5,91,19.097677,99.9
89.0,91,19.097677,99.9
89.5,91,19.097677,99.9
90.0,91,19.097677,99.9
90.5,91,19.097677,99.9
91.0,91,19.097677,99.9
91.5,91,19.097677,99.9
92.0,91,19.097677,99.9
92.5,91,19.097677,99.9
93.0,91,19.097677,99.9
93.5,91,19.097677,99.9
94.0,91,19.097677,99.9
94.5,91,19.097677,99.9
95.0,91,19.097677,99.9
95.5,91,19.097677,99.9
96.0,91,19.097677,99.9
96.5,91,19.097677,99.9
97.0,91,19.097677,99.9
97.5,91,19.097677,99.9
98.0,91,19.097677,99.9
98.5,91,19.097677,99.9
99.0,91,19.097677,99.9
99.5,91,19.097677,99.9
100.0,91,19.097677,99.9
100.5,91,19.097677,99.9
101.0,91,19.097677,99.9
101.5,91,19.097677,99.9
102.0,91,19.097677,99.9
102.5,91,19.097677,99.9
103.0,91,19.097677,99.9
103.5,91,19.097677,99.9
104.0,91,19.097677,99.9
104.5,91,19.097677,99.9
105.0,91,19.097677,99.9
105.5,91,19.097677,99.9
106.0,91,19.097677,99.9
106.5,91,19.097677,99.9
107.0,91,19.097677,99.9
107.5,91,19.097677,99.9
108.0,91,19.097677,99.9
108.5,91,19.097677,99.9
109.0,91,19.097677,99.9
109.5,91,19.097677,99.9
110.0,91,19.097677,99.9
110.5,91,19.097677,99.9
111.0,91,19.097677,99.9
111.5,91,19.097677,99.9
112.0,91,19.097677,99.9
112.5,91,19.097677,99.9
113.0,91,19.097677,99.9
113.5,91,19.097677,99.9
114.0,91,19.097677,99.9
114.5,91,19.097677,99.9
115.0,91,19.097677,99.9
115.5,91,19.097677,99.9
116.0,91,19.097677,99.9
116.5,91,19.097677,99.9
117.0,91,19.097677,99.9
117.5,91,19.097677,99.9
118.0,91,19.097677,99.9
118.5,91,19.097677,99.9
119.0,91,19.097677,99.9
119.5,91,19.097677,99.9
120.0,91,19.097677,99.9
120.5,91,19.097677,99.9
121.0,91,19.097677,99.9
121.5,91,19.097677,99.9
122.0,91,19.097677,99.9
122.5,91,19.097677,99.9
123.0,91,19.097677,99.9
123.5,91,19.097677,99.9
124.0,91,19.097677,99.9
124.5,91,19.097677,99.9
125.0,91,19.097677,99.9
125.5,91,19.097677,99.9
126.0,91,19.097677,99.9
126.5,91,24.364612,99.481944
127.0,91,27.116619,98.894108
127.5,91,28.811232,98.294956
128.0,91,30.074421,97.684506
128.5,91,31.098992,97.062776
129.0,91,31.971026,96.429783
129.5,91,32.736757,95.785546
130.0,91,33.424007,95.130081
130.5,91,34.050878,94.463407
131.0,91,34.629832,93.785541
131.5,91,35.169834,93.0965
132.0,91,35.677557,92.396304
132.5,91,36.158112,91.684968
133.0,91,36.615499,90.962512
133.5,91,37.05292,90.228952
134.0,91,37.472972,89.484306
134.5,91,37.877799,88.728593
135.0,91,38.269193,87.961829
135.5,91,38.648664,87.184032
136.0,91,39.017506,86.395221
136.5,91,39.376829,85.595412
137.0,91,39.727601,84.784624
137.5,91,40.070668,83.962874
138.0,91,40.406777,83.130179
138.5,91,40.736591,82.286559
139.0,91,41.060701,81.432029
139.5,91,41.379642,80.566608
140.0,91,41.693895,79.690314
140.5,91,42.003899,78.803165
141.0,91,42.310053,77.905177
141.5,91,42.612727,76.996368
142.0,91,42.912262,76.076758
142.5,91,43.208973,75.146362
143.0,91,43.503155,74.205199
143.5,91,43.795086,73.253286
144.0,91,44.085026,72.290641
144.5,91,44.373223,71.317282
145.0,91,44.659912,70.333227
145.5,91,44.94532,69.338493
146.0,91,45.229662,68.333097
146.5,91,45.513149,67.317059
147.0,91,45.795984,66.290394
147.5,91,46.078367,65.253121
148.0,91,46.360493,64.205258
148.5,91,46.642555,63.146823
149.0,91,46.924744,62.077832
149.5,91,47.207252,60.998304
150.0,91,47.490269,59.908256
150.5,91,47.773988,58.807706
151.0,91,48.058604,57.696672
151.5,91,48.344315,56.575172
152.0,91,48.631325,55.443222
152.5,91,48.919842,54.300841
153.0,91,49.210081,53.148047
153.5,91,49.502265,51.984857
154.0,91,49.796626,50.811289
154.5,91,50.093408,49.627361
155.0,91,50.392867,48.433089
155.5,91,50.695274,47.228493
156.0,91,51.000914,46.013589
156.5,91,51.310093,44.788396
157.0,91,51.62314,43.552931
157.5,91,51.940404,42.307211
158.0,91,52.262267,41.051255
158.5,91,52.58914,39.785079
159.0,91,52.921472,38.508703
159.5,91,53.259755,37.222143
160.0,91,53.604531,35.925417
160.5,91,53.956397,34.618543
161.0,91,54.316019,33.301538
161.5,91,54.684142,31.974421
162.0,91,55.061602,30.637209
162.5,91,55.449348,29.289919
163.0,91,55.848458,27.932569
163.5,91,56.260174,26.565178
164.0,91,56.685929,25.187762
164.5,91,57.127398,23.800339
165.0,91,57.586557,22.402927
165.5,91,58.065759,20.995545
166.0,91,58.567842,19.578208
166.5,91,59.09628,18.150936
167.0,91,59.65539,16.713745
167.5,91,60.250638,15.266654
168.0,91,60.889099,13.80968
168.5,91,61.580177,12.342841
169.0,91,62.336775,10.866154
169.5,91,63.177338,9.379638
170.0,91,64.129644,7.88331
170.5,91,65.238598,6.377187
171.0,91,66.584546,4.861287
171.5,91,68.336055,3.335629
172.0,91,70.968757,1.800229
172.5,91,78.005152,0.255106
173.0,91,80.902323,0.1
173.5,91,80.902323,0.1
174.0,91,80.902323,0.1
174.5,91,80.902323,0.1
175.0,91,80.902323,0.1
175.5,91,80.902323,0.1
176.0,91,80.902323,0.1
176.5,91,80.902323,0.1
177.0,91,80.902323,0.1
177.5,91,80.902323,0.1
178.0,91,80.902323,0.1
178.5,91,80.902323,0.1
179.0,91,80.902323,0.1
179.5,91,80.902323,0.1
180.0,91,80.902323,0.1
180.5,91,80.902323,0.1
181.0,91,80.902323,0.1
181.5,91,80.902323,0.1
182.0,91,80.902323,0.1
182.5,91,80.902323,0.1
183.0,91,80.902323,0.1
32.0,92,80.902323,0.1
32.5,92,80.902323,0.1
33.0,92,80.902323,0.1
33.5,92,80.902323,0.1
34.0,92,80.902323,0.1
34.5,92,80.902323,0.1
35.0,92,80.902323,0.1
35.5,92,70.87136,1.843792
36.0,92,67.968484,3.617984
36.5,92,66.093291,5.37722
37.0,92,64.668006,7.121515
37.5,92,63.499944,8.850889
38.0,92,62.499791,10.565359
38.5,92,61.61844,12.264942
39.0,92,60.82584,13.949656
39.5,92,60.10219,15.619519
40.0,92,59.433714,17.274548
40.5,92,58.810417,18.914762
41.0,92,58.224804,20.540178
41.5,92,57.671098,22.150813
42.0,92,57.144747,23.746686
42.5,92,56.642095,25.327813
43.0,92,56.160155,26.894213
43.5,92,55.696456,28.445904
44.0,92,55.248923,29.982902
44.5,92,54.815797,31.505227
45.0,92,54.395571,33.012894
45.5,92,53.986943,34.505923
46.0,92,53.588777,35.984331
46.5,92,53.200074,37.448135
47.0,92,52.819954,38.897353
47.5,92,52.447628,40.332004
48.0,92,52.082394,41.752103
48.5,92,51.723614,43.15767
49.0,92,51.370713,44.548722
49.5,92,51.023164,45.925277
50.0,92,50.680485,47.287352
50.5,92,50.34223,48.634964
51.0,92,50.007988,49.968133
51.5,92,49.677372,51.286875
52.0,92,49.350023,52.591208
52.5,92,49.0256,53.88115
53.0,92,48.703782,55.156718
53.5,92,48.384261,56.41793
54.0,92,48.066743,57.664804
54.5,92,47.750946,58.897358
55.0,92,47.436594,60.115609
55.5,92,47.12342,61.319574
56.0,92,46.811161,62.509273
56.5,92,46.499559,63.684721
57.0,92,46.188356,64.845938
57.5,92,45.877295,65.99294
58.0,92,45.56612,67.125746
58.5,92,45.254567,68.244372
59.0,92,44.942373,69.348837
59.5,92,44.629265,70.439159
60.0,92,44.314962,71.515355
60.5,92,43.999174,72.577442
61.0,92,43.681597,73.625439
61.5,92,43.361913,74.659363
62.0,92,43.039785,75.679232
62.5,92,42.714855,76.685064
63.0,92,42.386742,77.676876
63.5,92,42.055032,78.654685
64.0,92,41.719281,79.618511
64.5,92,41.379002,80.568369
65.0,92,41.033663,81.504279
65.5,92,40.682676,82.426257
66.0,92,40.325389,83.334321
66.5,92,39.96107,84.22849
67.0,92,39.588898,85.10878
67.5,92,39.207938,85.97521
68.0,92,38.817121,86.827797
68.5,92,38.415215,87.666559
69.0,92,38.000783,88.491513
69.5,92,37.572133,89.302677
70.0,92,37.127255,90.100069
70.5,92,36.663722,90.883707
71.0,92,36.178571,91.653608
71.5,92,35.668123,92.40979
72.0,92,35.127719,93.152271
72.5,92,34.551339,93.881068
73.0,92,33.930987,94.596199
73.5,92,33.255713,95.297681
74.0,92,32.509903,95.985533
74.5,92,31.670133,96.659772
75.0,92,30.698777,97.320416
75.5,92,29.529213,97.967482
76.0,92,28.024365,98.600989
76.5,92,25.814136,99.220953
77.0,92,20.756847,99.827393
77.5,92,19.097677,99.9
78.0,92,19.097677,99.9
78.5,92,19.097677,99.9
79.0,92,19.097677,99.9
79.5,92,19.097677,99.9
80.0,92,19.097677,99.9
80.5,92,19.097677,99.9
81.0,92,19.097677,99.9
81.5,92,19.097677,99.9
82.0,92,19.097677,99.9
82.5,92,19.097677,99.9
83.0,92,19.097677,99.9
83.5,92,19.097677,99.9
84.0,92,19.097677,99.9
84.5,92,19.097677,99.9
85.0,92,19.097677,99.9
85.5,92,19.097677,99.9
86.0,92,19.097677,99.9
86.5,92,19.097677,99.9
87.0,92,19.097677,99.9
87.5,92,19.097677,99.9
88.0,92,19.097677,99.9
88.5,92,19.097677,99.9
89.0,92,19.097677,99.9
89.5,92,19.097677,99.9
90.0,92,19.097677,99.9
90.5,92,19.097677,99.9
91.0,92,19.097677,99.9
91.5,92,19.097677,99.9
92.0,92,19.097677,99.9
92.5,92,19.097677,99.9
93.0,92,19.097677,99.9
93.5,92,19.097677,99.9
94.0,92,19.097677,99.9
94.5,92,19.097677,99.9
95.0,92,19.097677,99.9
95.5,92,19.097677,99.9
96.0,92,19.097677,99.9
96.5,92,19.097677,99.9
97.0,92,19.097677,99.9
97.5,92,19.097677,99.9
98.0,92,19.097677,99.9
98.5,92,19.097677,99.9
99.0,92,19.097677,99.9
99.5,92,19.097677,99.9
100.0,92,19.097677,99.9
100.5,92,19.097677,99.9
101.0,92,19.097677,99.9
101.5,92,19.097677,99.9
102.0,92,19.097677,99.9
102.5,92,19.097677,99.9
103.0,92,19.097677,99.9
103.5,92,19.097677,99.9
104.0,92,19.097677,99.9
104.5,92,19.097677,99.9
105.0,92,19.097677,99.9
105.5,92,19.097677,99.9
106.0,92,19.097677,99.9
106.5,92,19.097677,99.9
107.0,92,19.097677,99.9
107.5,92,19.097677,99.9
108.0,92,19.097677,99.9
108.5,92,19.097677,99.9
109.0,92,19.097677,99.9
109.5,92,19.097677,99.9
110.0,92,19.097677,99.9
110.5,92,19.097677,99.9
111.0,92,19.097677,99.9
111.5,92,19.097677,99.9
112.0,92,19.097677,99.9
112.5,92,19.097677,99.9
113.0,92,19.097677,99.9
113.5,92,19.097677,99.9
114.0,92,19.097677,99.9
114.5,92,19.097677,99.9
115.0,92,19.097677,99.9
115.5,92,19.097677,99.9
116.0,92,19.097677,99.9
116.5,92,19.097677,99.9
117.0,92,19.097677,99.9
117.5,92,19.097677,99.9
118.0,92,19.097677,99.9
118.5,92,19.097677,99.9
119.0,92,19.097677,99.9
119.5,92,19.097677,99.9
120.0,92,19.097677,99.9
120.5,92,19.097677,99.9
121.0,92,19.097677,99.9
121.5,92,19.097677,99.9
122.0,92,19.097677,99.9
122.5,92,19.097677,99.9
123.0,92,19.097677,99.9
123.5,92,23.809091,99.559178
124.0,92,26.835564,98.973297
124.5,92,28.616526,98.375572
125.0,92,29.923414,97.766021
125.5,92,30.975073,97.144661
126.0,92,31.865977,96.511511
126.5,92,32.645903,95.866587
127.0,92,33.344439,95.209907
127.5,92,33.98066,94.541489
128.0,92,34.567617,93.861352
128.5,92,35.114647,93.169512
129.0,92,35.628672,92.465986
129.5,92,36.114976,91.750794
130.0,92,36.577685,91.023953
130.5,92,37.02009,90.285479
131.0,92,37.444858,89.535392
131.5,92,37.854188,88.773708
132.0,92,38.24991,88.000445
132.5,92,38.63357,87.215621
133.0,92,39.006488,86.419254
133.5,92,39.369797,85.611362
134.0,92,39.724483,84.791961
134.5,92,40.071408,83.961071
135.0,92,40.411332,83.118707
135.5,92,40.74493,82.264889
136.0,92,41.072804,81.399634
136.5,92,41.395496,80.522959
137.0,92,41.713498,79.634882
137.5,92,42.027254,78.735421
138.0,92,42.337173,77.824594
138.5,92,42.64363,76.902418
139.0,92,42.946971,75.968911
139.5,92,43.24752,75.02409
140.0,92,43.545576,74.067974
140.5,92,43.841422,73.10058
141.0,92,44.135326,72.121926
141.5,92,44.427541,71.132029
142.0,92,44.718307,70.130907
142.5,92,45.007857,69.118578
143.0,92,45.296414,68.095059
143.5,92,45.584193,67.060368
144.0,92,45.871405,66.014524
144.5,92,46.158256,64.957542
145.0,92,46.444948,63.889442
145.5,92,46.731683,62.810241
146.0,92,47.01866,61.719957
146.5,92,47.306078,60.618606
147.0,92,47.594138,59.506208
147.5,92,47.883043,58.38278
148.0,92,48.172998,57.248338
148.5,92,48.464213,56.102902
149.0,92,48.756905,54.946489
149.5,92,49.051295,53.779116
150.0,92,49.347614,52.600801
150.5,92,49.6461,51.411561
151.0,92,49.947006,50.211416
151.5,92,50.250594,49.000381
152.0,92,50.557142,47.778475
152.5,92,50.866945,46.545716
153.0,92,51.180318,45.302121
153.5,92,51.497597,44.047708
154.0,92,51.819144,42.782495
154.5,92,52.145349,41.506499
155.0,92,52.476635,40.219738
155.5,92,52.813466,38.922229
156.0,92,53.156347,37.613991
156.5,92,53.505835,36.295041
157.0,92,53.862548,34.965397
157.5,92,54.227173,33.625076
158.0,92,54.600478,32.274097
158.5,92,54.983328,30.912476
159.0,92,55.376704,29.540232
159.5,92,55.781726,28.157381
160.0,92,56.19968,26.763943
160.5,92,56.632059,25.359934
161.0,92,57.080609,23.945373
161.5,92,57.547391,22.520277
162.0,92,58.034871,21.084663
162.5,92,58.54603,19.638549
163.0,92,59.084527,18.181954
163.5,92,59.654931,16.714894
164.0,92,60.263052,15.237387
164.5,92,60.916453,13.749452
165.0,92,61.625254,12.251106
165.5,92,62.403464,10.742365
166.0,92,63.271321,9.223249
166.5,92,64.259752,7.693775
167.0,92,65.419769,6.153961
167.5,92,66.845446,4.603823
168.0,92,68.744559,3.043381
168.5,92,71.773694,1.472651
169.0,92,80.902323,0.1
169.5,92,80.902323,0.1
170.0,92,80.902323,0.1
170.5,92,80.902323,0.1
171.0,92,80.902323,0.1
171.5,92,80.902323,0.1
172.0,92,80.902323,0.1
172.5,92,80.902323,0.1
173.0,92,80.902323,0.1
173.5,92,80.902323,0.1
174.0,92,80.902323,0.1
174.5,92,80.902323,0.1
175.0,92,80.902323,0.1
175.5,92,80.902323,0.1
176.0,92,80.902323,0.1
176.5,92,80.902323,0.1
177.0,92,80.902323,0.1
177.5,92,80.902323,0.1
178.0,92,80.902323,0.1
178.5,92,80.902323,0.1
179.0,92,80.902323,0.1
179.5,92,80.902323,0.1
180.0,92,80.902323,0.1
180.5,92,80.902323,0.1
181.0,92,80.902323,0.1
181.5,92,80.902323,0.1
182.0,92,80.902323,0.1
182.5,92,80.902323,0.1
183.0,92,80.902323,0.1
32.0,93,80.902323,0.1
32.5,93,80.902323,0.1
33.0,93,80.902323,0.1
33.5,93,80.902323,0.1
34.0,93,80.902323,0.1
34.5,93,80.902323,0.1
35.0,93,71.83392,1.450348
35.5,93,68.458364,3.245798
36.0,93,66.423522,5.025851
36.5,93,64.915754,6.790525
37.0,93,63.696482,8.539837
37.5,93,62.661033,10.273804
38.0,93,61.753645,11.992445
38.5,93,60.940899,13.695778
39.0,93,60.201098,15.383819
39.5,93,59.519315,17.056587
40.0,93,58.884812,18.714099
40.5,93,58.289593,20.356373
41.0,93,57.727531,21.983427
41.5,93,57.193821,23.595278
42.0,93,56.684618,25.191944
42.5,93,56.196794,26.773442
43.0,93,55.727768,28.339792
43.5,93,55.275378,29.891009
44.0,93,54.837797,31.427112
44.5,93,54.413462,32.948119
45.0,93,54.001026,34.454046
45.5,93,53.599316,35.944913
46.0,93,53.207304,37.420736
46.5,93,52.82408,38.881533
47.0,93,52.448837,40.327322
47.5,93,52.080852,41.758121
48.0,93,51.719473,43.173947
48.5,93,51.36411,44.574819
49.0,93,51.014225,45.960752
49.5,93,50.669326,47.331767
50.0,93,50.328959,48.687879
50.5,93,49.992704,50.029107
51.0,93,49.660169,51.355468
51.5,93,49.330988,52.666981
52.0,93,49.004817,53.963662
52.5,93,48.681329,55.24553
53.0,93,48.360214,56.512602
53.5,93,48.041174,57.764896
54.0,93,47.723925,59.002429
54.5,93,47.40819,60.22522
55.0,93,47.0937,61.433285
55.5,93,46.780191,62.626644
56.0,93,46.467403,63.805312
56.5,93,46.15508,64.969309
57.0,93,45.842965,66.118651
57.5,93,45.530801,67.253357
58.0,93,45.218327,68.373444
58.5,93,44.90528,69.478929
59.0,93,44.59139,70.569831
59.5,93,44.276379,71.646167
60.0,93,43.959959,72.707955
60.5,93,43.641831,73.755213
61.0,93,43.32168,74.787957
61.5,93,42.999176,75.806207
62.0,93,42.673967,76.809979
62.5,93,42.345677,77.799291
63.0,93,42.013903,78.774162
63.5,93,41.678209,79.734608
64.0,93,41.33812,80.680647
64.5,93,40.993117,81.612298
65.0,93,40.642627,82.529577
65.5,93,40.286017,83.432502
66.0,93,39.922576,84.321092
66.5,93,39.551509,85.195364
67.0,93,39.171912,86.055334
67.5,93,38.782754,86.901023
68.0,93,38.382846,87.732446
68.5,93,37.970808,88.549621
69.0,93,37.545018,89.352567
69.5,93,37.103551,90.1413
70.0,93,36.644097,90.91584
70.5,93,36.163836,91.676202
71.0,93,35.659286,92.422406
71.5,93,35.126055,93.154468
72.0,93,34.558495,93.872407
72.5,93,33.949155,94.576239
73.0,93,33.287906,95.265984
73.5,93,32.560445,95.941657
74.0,93,31.745585,96.603278
74.5,93,30.809872,97.250864
75.0,93,29.695553,97.884432
75.5,93,28.28852,98.504001
76.0,93,26.304191,99.109587
76.5,93,22.508948,99.701209
77.0,93,19.097677,99.9
77.5,93,19.097677,99.9
78.0,93,19.097677,99.9
78.5,93,19.097677,99.9
79.0,93,19.097677,99.9
79.5,93,19.097677,99.9
80.0,93,19.097677,99.9
80.5,93,19.097677,99.9
81.0,93,19.097677,99.9
81.5,93,19.097677,99.9
82.0,93,19.097677,99.9
82.5,93,19.097677,99.9
83.0,93,19.097677,99.9
83.5,93,19.097677,99.9
84.0,93,19.097677,99.9
84.5,93,19.097677,99.9
85.0,93,19.097677,99.9
85.5,93,19.097677,99.9
86.0,93,19.097677,99.9
86.5,93,19.097677,99.9
87.0,93,19.097677,99.9
87.5,93,19.097677,99.9
88.0,93,19.097677,99.9
88.5,93,19.097677,99.9
89.0,93,19.097677,99.9
89.5,93,19.097677,99.9
90.0,93,19.097677,99.9
90.5,93,19.097677,99.9
91.0,93,19.097677,99.9
91.5,93,19.097677,99.9
92.0,93,19.097677,99.9
92.5,93,19.097677,99.9
93.0,93,19.097677,99.9
93.5,93,19.097677,99.9
94.0,93,19.097677,99.9
94.5,93,19.097677,99.9
95.0,93,19.097677,99.9
95.5,93,19.097677,99.9
96.0,93,19.097677,99.9
96.5,93,19.097677,99.9
97.0,93,19.097677,99.9
97.5,93,19.097677,99.9
98.0,93,19.097677,99.9
98.5,93,19.097677,99.9
99.0,93,19.097677,99.9
99.5,93,19.097677,99.9
100.0,93,19.097677,99.9
100.5,93,19.097677,99.9
101.0,93,19.097677,99.9
101.5,93,19.097677,99.9
102.0,93,19.097677,99.9
102.5,93,19.097677,99.9
103.0,93,19.097677,99.9
103.5,93,19.097677,99.9
104.0,93,19.097677,99.9
104.5,93,19.097677,99.9
105.0,93,19.097677,99.9
105.5,93,19.097677,99.9
106.0,93,19.097677,99.9
106.5,93,19.097677,99.9
107.0,93,19.097677,99.9
107.5,93,19.097677,99.9
108.0,93,19.097677,99.9
108.5,93,19.097677,99.9
109.0,93,19.097677,99.9
109.5,93,19.097677,99.9
110.0,93,19.097677,99.9
110.5,93,19.097677,99.9
111.0,93,19.097677,99.9
111.5,93,19.097677,99.9
112.0,93,19.097677,99.9
112.5,93,19.097677,99.9
113.0,93,19.097677,99.9
113.5,93,19.097677,99.9
114.0,93,19.097677,99.9
114.5,93,19.097677,99.9
115.0,93,19.097677,99.9
115.5,93,19.097677,99.9
116.0,93,19.097677,99.9
116.5,93,19.097677,99.9
117.0,93,19.097677,99.9
117.5,93,19.097677,99.9
118.0,93,19.097677,99.9
118.5,93,19.097677,99.9
119.0,93,19.097677,99.9
119.5,93,19.097677,99.9
120.0,93,22.234651,99.725291
120.5,93,26.10117,99.157313
121.0,93,28.091287,98.576945
121.5,93,29.495027,97.984204
122.0,93,30.603138,97.379108
122.5,93,31.531335,96.761676
123.0,93,32.337954,96.131924
123.5,93,33.0567,95.48987
124.0,93,33.708882,94.835532
124.5,93,34.308862,94.168928
125.0,93,34.866803,93.490076
125.5,93,35.390172,92.798992
126.0,93,35.884622,92.095696
126.5,93,36.354544,91.380204
127.0,93,36.803423,90.652534
127.5,93,37.234069,89.912703
128.0,93,37.648788,89.160731
128.5,93,38.049496,88.396633
129.0,93,38.437806,87.620429
129.5,93,38.815089,86.832135
130.0,93,39.182522,86.031769
130.5,93,39.541126,85.219349
131.0,93,39.891791,84.394893
131.5,93,40.2353,83.558419
132.0,93,40.57235,82.709943
132.5,93,40.903561,81.849484
133.0,93,41.229488,80.977059
133.5,93,41.550634,80.092687
134.0,93,41.867458,79.196384
134.5,93,42.180375,78.288169
135.0,93,42.48977,77.368059
135.5,93,42.795997,76.436072
136.0,93,43.099385,75.492226
136.5,93,43.40024,74.536538
137.0,93,43.698852,73.569025
137.5,93,43.995492,72.589706
138.0,93,44.290419,71.598599
138.5,93,44.583877,70.595721
139.0,93,44.876102,69.581089
139.5,93,45.167322,68.554722
140.0,93,45.457755,67.516636
140.5,93,45.747617,66.466851
141.0,93,46.037117,65.405383
141.5,93,46.32646,64.33225
142.0,93,46.615852,63.247469
142.5,93,46.905494,62.15106
143.0,93,47.195591,61.043038
143.5,93,47.486345,59.923423
144.0,93,47.777964,58.792231
144.5,93,48.070657,57.64948
145.0,93,48.364637,56.495188
145.5,93,48.660126,55.329373
146.0,93,48.957349,54.152052
146.5,93,49.256541,52.963244
147.0,93,49.557946,51.762965
147.5,93,49.861822,50.551233
148.0,93,50.168437,49.328066
148.5,93,50.478075,48.093483
149.0,93,50.791039,46.847499
149.5,93,51.10765,45.590134
150.0,93,51.428254,44.321405
150.5,93,51.753221,43.041329
151.0,93,52.082952,41.749924
151.5,93,52.417883,40.447209
152.0,93,52.758491,39.1332
152.5,93,53.105295,37.807915
153.0,93,53.458873,36.471372
153.5,93,53.81986,35.123589
154.0,93,54.188967,33.764583
154.5,93,54.566989,32.394372
155.0,93,54.954826,31.012974
155.5,93,55.353496,29.620407
156.0,93,55.764164,28.216687
156.5,93,56.188174,26.801834
157.0,93,56.627085,25.375863
157.5,93,57.082728,23.938794
158.0,93,57.55727,22.490644
158.5,93,58.053311,21.031431
159.0,93,58.574008,19.561171
159.5,93,59.12325,18.079884
160.0,93,59.705915,16.587586
160.5,93,60.328248,15.084296
161.0,93,60.998428,13.57003
161.5,93,61.727498,12.044807
162.0,93,62.530902,10.508645
162.5,93,63.431259,8.961561
163.0,93,64.463772,7.403572
163.5,93,65.688026,5.834697
164.0,93,67.21837,4.254953
164.5,93,69.325865,2.664358
165.0,93,73.033603,1.062929
165.5,93,80.902323,0.1
166.0,93,80.902323,0.1
166.5,93,80.902323,0.1
167.0,93,80.902323,0.1
167.5,93,80.902323,0.1
168.0,93,80.902323,0.1
168.5,93,80.902323,0.1
169.0,93,80.902323,0.1
169.5,93,80.902323,0.1
170.0,93,80.902323,0.1
170.5,93,80.902323,0.1
171.0,93,80.902323,0.1
171.5,93,80.902323,0.1
172.0,93,80.902323,0.1
172.5,93,80.902323,0.1
173.0,93,80.902323,0.1
173.5,93,80.902323,0.1
174.0,93,80.902323,0.1
174.5,93,80.902323,0.1
175.0,93,80.902323,0.1
175.5,93,80.902323,0.1
176.0,93,80.902323,0.1
176.5,93,80.902323,0.1
177.0,93,80.902323,0.1
177.5,93,80.902323,0.1
178.0,93,80.902323,0.1
178.5,93,80.902323,0.1
179.0,93,80.902323,0.1
179.5,93,80.902323,0.1
180.0,93,80.902323,0.1
180.5,93,80.902323,0.1
181.0,93,80.902323,0.1
181.5,93,80.902323,0.1
182.0,93,80.902323,0.1
182.5,93,80.902323,0.1
183.0,93,80.902323,0.1
32.0,94,80.902323,0.1
32.5,94,80.902323,0.1
33.0,94,80.902323,0.1
33.5,94,80.902323,0.1
34.0,94,80.902323,0.1
34.5,94,75.885419,0.481916
35.0,94,69.958818,2.297339
35.5,94,67.395475,4.096926
36.0,94,65.648681,5.880692
36.5,94,64.291082,7.648657
37.0,94,63.164688,9.400838
37.5,94,62.192613,11.137252
38.0,94,61.331331,12.857918
38.5,94,60.55368,14.562852
39.0,94,59.841506,16.252073
39.5,94,59.182042,17.925599
40.0,94,58.565947,19.583446
40.5,94,57.986168,21.225634
41.0,94,57.437238,22.852178
41.5,94,56.914832,24.463098
42.0,94,56.415457,26.05841
42.5,94,55.936254,27.638133
43.0,94,55.474848,29.202284
43.5,94,55.029241,30.750881
44.0,94,54.597735,32.283941
44.5,94,54.178871,33.801483
45.0,94,53.771388,35.303524
45.5,94,53.374183,36.790081
46.0,94,52.986286,38.261172
46.5,94,52.606839,39.716816
47.0,94,52.235075,41.157029
47.5,94,51.870307,42.581829
48.0,94,51.511915,43.991234
48.5,94,51.159335,45.385263
49.0,94,50.812054,46.763931
49.5,94,50.469599,48.127258
50.0,94,50.131537,49.47526
50.5,94,49.797462,50.807956
51.0,94,49.466998,52.125363
51.5,94,49.139794,53.427499
52.0,94,48.815516,54.714382
52.5,94,48.49385,55.986029
53.0,94,48.174497,57.242457
53.5,94,47.857169,58.483686
54.0,94,47.541591,59.709731
54.5,94,47.227495,60.920612
55.0,94,46.914621,62.116345
55.5,94,46.602715,63.296949
56.0,94,46.291526,64.46244
56.5,94,45.980805,65.612838
57.0,94,45.670304,66.748159
57.5,94,45.359774,67.868421
58.0,94,45.048966,68.973642
58.5,94,44.737625,70.063839
59.0,94,44.425491,71.139031
59.5,94,44.112296,72.199234
60.0,94,43.797765,73.244467
60.5,94,43.48161,74.274747
61.0,94,43.163531,75.290093
61.5,94,42.84321,76.29052
62.0,94,42.520313,77.276049
62.5,94,42.194481,78.246695
63.0,94,41.865332,79.202477
63.5,94,41.532451,80.143412
64.0,94,41.19539,81.069519
64.5,94,40.853659,81.980814
65.0,94,40.506718,82.877315
65.5,94,40.153971,83.759041
66.0,94,39.794756,84.626009
66.5,94,39.428328,85.478236
67.0,94,39.053847,86.31574
67.5,94,38.670356,87.13854
68.0,94,38.276759,87.946651
68.5,94,37.871786,88.740094
69.0,94,37.453954,89.518884
69.5,94,37.021509,90.28304
70.0,94,36.572361,91.032579
70.5,94,36.103975,91.767519
71.0,94,35.613244,92.487878
71.5,94,35.096283,93.193673
72.0,94,34.548151,93.884923
72.5,94,33.962407,94.561644
73.0,94,33.330428,95.223855
73.5,94,32.640267,95.871572
74.0,94,31.874658,96.504815
74.5,94,31.007224,97.123601
75.0,94,29.994516,97.727946
75.5,94,28.756706,98.31787
76.0,94,27.119091,98.893389
76.5,94,24.544181,99.454521
77.0,94,19.097677,99.9
77.5,94,19.097677,99.9
78.0,94,19.097677,99.9
78.5,94,19.097677,99.9
79.0,94,19.097677,99.9
79.5,94,19.097677,99.9
80.0,94,19.097677,99.9
80.5,94,19.097677,99.9
81.0,94,19.097677,99.9
81.5,94,19.097677,99.9
82.0,94,19.097677,99.9
82.5,94,19.097677,99.9
83.0,94,19.097677,99.9
83.5,94,19.097677,99.9
84.0,94,19.097677,99.9
84.5,94,19.097677,99.9
85.0,94,19.097677,99.9
85.5,94,19.097677,99.9
86.0,94,19.097677,99.9
86.5,94,19.097677,99.9
87.0,94,19.097677,99.9
87.5,94,19.097677,99.9
88.0,94,19.097677,99.9
88.5,94,19.097677,99.9
89.0,94,19.097677,99.9
89.5,94,19.097677,99.9
90.0,94,19.097677,99.9
90.5,94,19.097677,99.9
91.0,94,19.097677,99.9
91.5,94,19.097677,99.9
92.0,94,19.097677,99.9
92.5,94,19.097677,99.9
93.0,94,19.097677,99.9
93.5,94,19.097677,99.9
94.0,94,19.097677,99.9
94.5,94,19.097677,99.9
95.0,94,19.097677,99.9
95.5,94,19.097677,99.9
96.0,94,19.097677,99.9
96.5,94,19.097677,99.9
97.0,94,19.097677,99.9
97.5,94,19.097677,99.9
98.0,94,19.097677,99.9
98.5,94,19.097677,99.9
99.0,94,19.097677,99.9
99.5,94,19.097677,99.9
100.0,94,19.097677,99.9
100.5,94,19.097677,99.9
101.0,94,19.097677,99.9
101.5,94,19.097677,99.9
102.0,94,19.097677,99.9
102.5,94,19.097677,99.9
103.0,94,19.097677,99.9
103.5,94,19.097677,99.9
104.0,94,19.097677,99.9
104.5,94,19.097677,99.9
105.0,94,19.097677,99.9
105.5,94,19.097677,99.9
106.0,94,19.097677,99.9
106.5,94,19.097677,99.9
107.0,94,19.097677,99.9
107.5,94,19.097677,99.9
108.0,94,19.097677,99.9
108.5,94,19.097677,99.9
109.0,94,19.097677,99.9
109.5,94,19.097677,99.9
110.0,94,19.097677,99.9
110.5,94,19.097677,99.9
111.0,94,19.097677,99.9
111.5,94,19.097677,99.9
112.0,94,19.097677,99.9
112.5,94,19.097677,99.9
113.0,94,19.097677,99.9
113.5,94,19.097677,99.9
114.0,94,19.097677,99.9
114.5,94,19.097677,99.9
115.0,94,19.097677,99.9
115.5,94,19.097677,99.9
116.0,94,20.686424,99.831258
116.5,94,25.433687,99.298767
117.0,94,27.575693,98.753323
117.5,94,29.042138,98.194942
118.0,94,30.184279,97.623643
118.5,94,31.133777,97.039442
119.0,94,31.954991,96.442359
119.5,94,32.684392,95.832411
120.0,94,33.344733,95.209614
120.5,94,33.951201,94.573988
121.0,94,34.514462,93.925549
121.5,94,35.042304,93.264315
122.0,94,35.540596,92.590305
122.5,94,36.013878,91.903535
123.0,94,36.465739,91.204023
123.5,94,36.899066,90.491788
124.0,94,37.316222,89.766846
124.5,94,37.719167,89.029216
125.0,94,38.109544,88.278915
125.5,94,38.488749,87.515961
126.0,94,38.857981,86.740371
126.5,94,39.218274,85.952163
127.0,94,39.570531,85.151356
127.5,94,39.915546,84.337966
128.0,94,40.254022,83.512011
128.5,94,40.586584,82.673509
129.0,94,40.913794,81.822478
129.5,94,41.23616,80.958935
130.0,94,41.55414,80.082898
130.5,94,41.868155,79.194385
131.0,94,42.17859,78.293413
131.5,94,42.485801,77.380001
132.0,94,42.790117,76.454165
132.5,94,43.091846,75.515924
133.0,94,43.391275,74.565294
133.5,94,43.688678,73.602295
134.0,94,43.984311,72.626943
134.5,94,44.278419,71.639257
135.0,94,44.571237,70.639253
135.5,94,44.862989,69.62695
136.0,94,45.153895,68.602365
136.5,94,45.444167,67.565516
137.0,94,45.734012,66.516421
137.5,94,46.023634,65.455098
138.0,94,46.313233,64.381563
138.5,94,46.603011,63.295835
139.0,94,46.893167,62.197931
139.5,94,47.1839,61.08787
140.0,94,47.475414,59.965668
140.5,94,47.767913,58.831344
141.0,94,48.061607,57.684915
141.5,94,48.356708,56.526399
142.0,94,48.653438,55.355814
142.5,94,48.952025,54.173176
143.0,94,49.252705,52.978505
143.5,94,49.555725,51.771817
144.0,94,49.861346,50.553131
144.5,94,50.169841,49.322464
145.0,94,50.4815,48.079833
145.5,94,50.796632,46.825257
146.0,94,51.115565,45.558753
146.5,94,51.438654,44.280338
147.0,94,51.76628,42.990031
147.5,94,52.098856,41.687849
148.0,94,52.436832,40.37381
148.5,94,52.7807,39.047932
149.0,94,53.131001,37.710232
149.5,94,53.488332,36.360727
150.0,94,53.853357,34.999436
150.5,94,54.226817,33.626377
151.0,94,54.609544,32.241566
151.5,94,55.00248,30.845022
152.0,94,55.406697,29.436763
152.5,94,55.823424,28.016805
153.0,94,56.25408,26.585167
153.5,94,56.700321,25.141867
154.0,94,57.164097,23.686921
154.5,94,57.647726,22.220349
155.0,94,58.154001,20.742167
155.5,94,58.686331,19.252393
156.0,94,59.248943,17.751045
156.5,94,59.847176,16.23814
157.0,94,60.487918,14.713697
157.5,94,61.180289,13.177733
158.0,94,61.936746,11.630265
158.5,94,62.774987,10.071311
159.0,94,63.721466,8.50089
159.5,94,64.818494,6.919018
160.0,94,66.140606,5.325714
160.5,94,67.840233,3.720994
161.0,94,70.325545,2.104878
161.5,94,75.917963,0.477381
162.0,94,80.902323,0.1
162.5,94,80.902323,0.1
163.0,94,80.902323,0.1
163.5,94,80.902323,0.1
164.0,94,80.902323,0.1
164.5,94,80.902323,0.1
165.0,94,80.902323,0.1
165.5,94,80.902323,0.1
166.0,94,80.902323,0.1
166.5,94,80.902323,0.1
167.0,94,80.902323,0.1
167.5,94,80.902323,0.1
168.0,94,80.902323,0.1
168.5,94,80.902323,0.1
169.0,94,80.902323,0.1
169.5,94,80.902323,0.1
170.0,94,80.902323,0.1
170.5,94,80.902323,0.1
171.0,94,80.902323,0.1
171.5,94,80.902323,0.1
172.0,94,80.902323,0.1
172.5,94,80.902323,0.1
173.0,94,80.902323,0.1
173.5,94,80.902323,0.1
174.0,94,80.902323,0.1
174.5,94,80.902323,0.1
175.0,94,80.902323,0.1
175.5,94,80.902323,0.1
176.0,94,80.902323,0.1
176.5,94,80.902323,0.1
177.0,94,80.902323,0.1
177.5,94,80.902323,0.1
178.0,94,80.902323,0.1
178.5,94,80.902323,0.1
179.0,94,80.902323,0.1
179.5,94,80.902323,0.1
180.0,94,80.902323,0.1
180.5,94,80.902323,0.1
181.0,94,80.902323,0.1
181.5,94,80.902323,0.1
182.0,94,80.902323,0.1
182.5,94,80.902323,0.1
183.0,94,80.902323,0.1
32.0,95,80.902323,0.1
32.5,95,80.902323,0.1
33.0,95,80.902323,0.1
33.5,95,80.902323,0.1
34.0,95,80.902323,0.1
34.5,95,74.536194,0.707133
35.0,95,69.557099,2.524967
35.5,95,67.139885,4.326542
36.0,95,65.454498,6.111875
36.5,95,64.131226,7.880984
37.0,95,63.026985,9.633886
37.5,95,62.070523,11.3706
38.0,95,61.220931,13.091143
38.5,95,60.45243,14.795533
39.0,95,59.747672,16.483787
39.5,95,59.09439,18.155923
40.0,95,58.48357,19.811959
40.5,95,57.908385,21.451912
41.0,95,57.363528,23.0758
41.5,95,56.844789,24.683641
42.0,95,56.348764,26.275453
42.5,95,55.87266,27.851253
43.0,95,55.414156,29.411059
43.5,95,54.971295,30.954888
44.0,95,54.542413,32.482759
44.5,95,54.126081,33.994688
45.0,95,53.721061,35.490694
45.5,95,53.326269,36.970795
46.0,95,52.940756,38.435008
46.5,95,52.563676,39.88335
47.0,95,52.194278,41.31584
47.5,95,51.831888,42.732494
48.0,95,51.475896,44.133332
48.5,95,51.125751,45.51837
49.0,95,50.78095,46.887626
49.5,95,50.441029,48.241118
50.0,95,50.105565,49.578864
50.5,95,49.774164,50.90088
51.0,95,49.446458,52.207186
51.5,95,49.122106,53.497798
52.0,95,48.800785,54.772735
52.5,95,48.482191,56.032014
53.0,95,48.166036,57.275652
53.5,95,47.852044,58.503668
54.0,95,47.539951,59.716078
54.5,95,47.229503,60.912902
55.0,95,46.920454,62.094155
55.5,95,46.612563,63.259857
56.0,95,46.305596,64.410025
56.5,95,45.999321,65.544676
57.0,95,45.693508,66.663829
57.5,95,45.387929,67.7675
58.0,95,45.082355,68.855708
58.5,95,44.776557,69.92847
59.0,95,44.4703,70.985804
59.5,95,44.163346,72.027727
60.0,95,43.855452,73.054258
60.5,95,43.546366,74.065414
61.0,95,43.235827,75.061213
61.5,95,42.923563,76.041672
62.0,95,42.609289,77.006809
62.5,95,42.292703,77.956642
63.0,95,41.973486,78.891188
63.5,95,41.651296,79.810466
64.0,95,41.325768,80.714492
64.5,95,40.996505,81.603285
65.0,95,40.663079,82.476862
65.5,95,40.325021,83.335241
66.0,95,39.981814,84.178439
66.5,95,39.632889,85.006475
67.0,95,39.27761,85.819366
67.5,95,38.915266,86.617129
68.0,95,38.545054,87.399783
68.5,95,38.166062,88.167344
69.0,95,37.777242,88.919832
69.5,95,37.377386,89.657263
70.0,95,36.965082,90.379654
70.5,95,36.538666,91.087025
71.0,95,36.096155,91.779392
71.5,95,35.635155,92.456774
72.0,95,35.152734,93.119187
72.5,95,34.645243,93.766649
73.0,95,34.108052,94.399179
73.5,95,33.535158,95.016794
74.0,95,32.918567,95.619512
74.5,95,32.247281,96.20735
75.0,95,31.505544,96.780325
75.5,95,30.669567,97.338457
76.0,95,29.70081,97.881761
76.5,95,28.530198,98.410257
77.0,95,27.012786,98.923962
77.5,95,24.741582,99.422893
78.0,95,19.097677,99.9
78.5,95,19.097677,99.9
79.0,95,19.097677,99.9
79.5,95,19.097677,99.9
80.0,95,19.097677,99.9
80.5,95,19.097677,99.9
81.0,95,19.097677,99.9
81.5,95,19.097677,99.9
82.0,95,19.097677,99.9
82.5,95,19.097677,99.9
83.0,95,19.097677,99.9
83.5,95,19.097677,99.9
84.0,95,19.097677,99.9
84.5,95,19.097677,99.9
85.0,95,19.097677,99.9
85.5,95,19.097677,99.9
86.0,95,19.097677,99.9
86.5,95,19.097677,99.9
87.0,95,19.097677,99.9
87.5,95,19.097677,99.9
88.0,95,19.097677,99.9
88.5,95,19.097677,99.9
89.0,95,19.097677,99.9
89.5,95,19.097677,99.9
90.0,95,19.097677,99.9
90.5,95,19.097677,99.9
91.0,95,19.097677,99.9
91.5,95,19.097677,99.9
92.0,95,19.097677,99.9
92.5,95,19.097677,99.9
93.0,95,19.097677,99.9
93.5,95,19.097677,99.9
94.0,95,19.097677,99.9
94.5,95,19.097677,99.9
95.0,95,19.097677,99.9
95.5,95,19.097677,99.9
96.0,95,19.097677,99.9
96.5,95,19.097677,99.9
97.0,95,19.097677,99.9
97.5,95,19.097677,99.9
98.0,95,19.097677,99.9
98.5,95,19.097677,99.9
99.0,95,19.097677,99.9
99.5,95,19.097677,99.9
100.0,95,19.097677,99.9
100.5,95,19.097677,99.9
101.0,95,19.097677,99.9
101.5,95,19.097677,99.9
102.0,95,19.097677,99.9
102.5,95,19.097677,99.9
103.0,95,19.097677,99.9
103.5,95,19.097677,99.9
104.0,95,19.097677,99.9
104.5,95,19.097677,99.9
105.0,95,19.097677,99.9
105.5,95,19.097677,99.9
106.0,95,19.097677,99.9
106.5,95,19.097677,99.9
107.0,95,19.097677,99.9
107.5,95,19.097677,99.9
108.0,95,19.097677,99.9
108.5,95,19.097677,99.9
109.0,95,19.097677,99.9
109.5,95,19.097677,99.9
110.0,95,19.097677,99.9
110.5,95,19.097677,99.9
111.0,95,19.097677,99.9
111.5,95,22.938171,99.659692
112.0,95,25.992316,99.181966
112.5,95,27.765568,98.690703
113.0,95,29.062418,98.185924
113.5,95,30.105098,97.667644
114.0,95,30.988499,97.135882
114.5,95,31.762302,96.590656
115.0,95,32.455904,96.031982
115.5,95,33.088199,95.45988
116.0,95,33.672077,94.874365
116.5,95,34.216745,94.275457
117.0,95,34.729016,93.663173
117.5,95,35.21408,93.037531
118.0,95,35.675989,92.398547
118.5,95,36.117968,91.746241
119.0,95,36.542632,91.080629
119.5,95,36.952131,90.40173
120.0,95,37.348256,89.70956
120.5,95,37.732518,89.004138
121.0,95,38.106205,88.285482
121.5,95,38.470425,87.553608
122.0,95,38.826139,86.808535
122.5,95,39.174188,86.050281
123.0,95,39.515313,85.278863
123.5,95,39.850172,84.494299
124.0,95,40.179351,83.696606
124.5,95,40.503379,82.885802
125.0,95,40.822732,82.061905
125.5,95,41.137844,81.224933
126.0,95,41.449111,80.374903
126.5,95,41.756898,79.511833
127.0,95,42.061542,78.635741
127.5,95,42.363354,77.746644
128.0,95,42.662626,76.84456
128.5,95,42.959632,75.929507
129.0,95,43.25463,75.001502
129.5,95,43.547864,74.060563
130.0,95,43.839566,73.106708
130.5,95,44.129958,72.139954
131.0,95,44.419256,71.16032
131.5,95,44.707666,70.167822
132.0,95,44.995389,69.162479
132.5,95,45.28262,68.144308
133.0,95,45.569554,67.113327
133.5,95,45.856379,66.069553
134.0,95,46.143284,65.013005
134.5,95,46.430457,63.9437
135.0,95,46.718085,62.861656
135.5,95,47.006358,61.766889
136.0,95,47.295468,60.659419
136.5,95,47.585608,59.539263
137.0,95,47.876978,58.406438
137.5,95,48.16978,57.260962
138.0,95,48.464226,56.102853
138.5,95,48.760532,54.932128
139.0,95,49.058927,53.748806
139.5,95,49.359645,52.552903
140.0,95,49.662936,51.344438
140.5,95,49.969061,50.123428
141.0,95,50.278299,48.889891
141.5,95,50.590944,47.643845
142.0,95,50.907312,46.385307
142.5,95,51.227742,45.114295
143.0,95,51.552598,43.830827
143.5,95,51.882274,42.53492
144.0,95,52.2172,41.226592
144.5,95,52.557845,39.905861
145.0,95,52.904724,38.572744
145.5,95,53.258403,37.22726
146.0,95,53.619512,35.869425
146.5,95,53.988752,34.499258
147.0,95,54.366909,33.116776
147.5,95,54.75487,31.721996
148.0,95,55.153639,30.314938
148.5,95,55.564367,28.895618
149.0,95,55.988378,27.464053
149.5,95,56.427209,26.020262
150.0,95,56.88266,24.564263
150.5,95,57.356866,23.096072
151.0,95,57.852378,21.615709
151.5,95,58.372291,20.123189
152.0,95,58.920416,18.618532
152.5,95,59.501519,17.101755
153.0,95,60.121685,15.572875
153.5,95,60.788868,14.03191
154.0,95,61.513761,12.478878
154.5,95,62.311255,10.913796
155.0,95,63.203036,9.336683
155.5,95,64.222589,7.747556
156.0,95,65.425968,6.146432
156.5,95,66.918919,4.533329
157.0,95,68.944499,2.908266
157.5,95,72.348807,1.271259
158.0,95,80.902323,0.1
158.5,95,80.902323,0.1
159.0,95,80.902323,0.1
159.5,95,80.902323,0.1
160.0,95,80.902323,0.1
160.5,95,80.902323,0.1
161.0,95,80.902323,0.1
161.5,95,80.902323,0.1
162.0,95,80.902323,0.1
162.5,95,80.902323,0.1
163.0,95,80.902323,0.1
163.5,95,80.902323,0.1
164.0,95,80.902323,0.1
164.5,95,80.902323,0.1
165.0,95,80.902323,0.1
165.5,95,80.902323,0.1
166.0,95,80.902323,0.1
166.5,95,80.902323,0.1
167.0,95,80.902323,0.1
167.5,95,80.902323,0.1
168.0,95,80.902323,0.1
168.5,95,80.902323,0.1
169.0,95,80.902323,0.1
169.5,95,80.902323,0.1
170.0,95,80.902323,0.1
170.5,95,80.902323,0.1
171.0,95,80.902323,0.1
171.5,95,80.902323,0.1
172.0,95,80.902323,0.1
172.5,95,80.902323,0.1
173.0,95,80.902323,0.1
173.5,95,80.902323,0.1
174.0,95,80.902323,0.1
174.5,95,80.902323,0.1
175.0,95,80.902323,0.1
175.5,95,80.902323,0.1
176.0,95,80.902323,0.1
176.5,95,80.902323,0.1
177.0,95,80.902323,0.1
177.5,95,80.902323,0.1
178.0,95,80.902323,0.1
178.5,95,80.902323,0.1
179.0,95,80.902323,0.1
179.5,95,80.902323,0.1
180.0,95,80.902323,0.1
180.5,95,80.902323,0.1
181.0,95,80.902323,0.1
181.5,95,80.902323,0.1
182.0,95,80.902323,0.1
182.5,95,80.902323,0.1
183.0,95,80.902323,0.1
32.0,96,80.902323,0.1
32.5,96,80.902323,0.1
33.0,96,80.902323,0.1
33.5,96,80.902323,0.1
34.0,96,80.902323,0.1
34.5,96,78.141911,0.244501
35.0,96,70.409885,2.062599
35.5,96,67.666892,3.864015
36.0,96,65.849603,5.648767
36.5,96,64.454289,7.416873
37.0,96,63.304592,9.16835
37.5,96,62.316915,10.903217
38.0,96,61.444675,12.62149
38.5,96,60.659113,14.323187
39.0,96,59.941157,16.008327
39.5,96,59.277476,17.676926
40.0,96,58.658361,19.329003
40.5,96,58.07651,20.964575
41.0,96,57.526285,22.58366
41.5,96,57.003232,24.186276
42.0,96,56.503769,25.77244
42.5,96,56.02497,27.342169
43.0,96,55.564407,28.895483
43.5,96,55.120044,30.432397
44.0,96,54.690154,31.952931
44.5,96,54.273258,33.457102
45.0,96,53.868078,34.944926
45.5,96,53.473499,36.416423
46.0,96,53.088545,37.87161
46.5,96,52.712353,39.310504
47.0,96,52.344155,40.733123
47.5,96,51.983264,42.139485
48.0,96,51.629064,43.529608
48.5,96,51.280996,44.903508
49.0,96,50.938553,46.261205
49.5,96,50.601272,47.602715
50.0,96,50.268729,48.928057
50.5,96,49.940531,50.237247
51.0,96,49.616315,51.530305
51.5,96,49.295746,52.807246
52.0,96,48.978507,54.06809
52.5,96,48.664304,55.312853
53.0,96,48.352858,56.541554
53.5,96,48.043905,57.754209
54.0,96,47.737195,58.950838
54.5,96,47.432488,60.131457
55.0,96,47.129556,61.296084
55.5,96,46.828177,62.444737
56.0,96,46.528136,63.577434
56.5,96,46.229227,64.694192
57.0,96,45.931245,65.795028
57.5,96,45.63399,66.879962
58.0,96,45.337266,67.949009
58.5,96,45.040876,69.002189
59.0,96,44.744626,70.039518
59.5,96,44.448319,71.061015
60.0,96,44.15176,72.066697
60.5,96,43.854749,73.056581
61.0,96,43.557083,74.030686
61.5,96,43.258554,74.989029
62.0,96,42.958951,75.931628
62.5,96,42.658051,76.858501
63.0,96,42.355627,77.769664
63.5,96,42.05144,78.665137
64.0,96,41.745238,79.544936
64.5,96,41.436757,80.409079
65.0,96,41.125716,81.257584
65.5,96,40.811817,82.090469
66.0,96,40.494739,82.907751
66.5,96,40.174136,83.709448
67.0,96,39.849635,84.495578
67.5,96,39.52083,85.266158
68.0,96,39.187274,86.021207
68.5,96,38.848478,86.760741
69.0,96,38.503897,87.484778
69.5,96,38.152929,88.193337
70.0,96,37.794892,88.886435
70.5,96,37.429022,89.564089
71.0,96,37.054446,90.226317
71.5,96,36.670166,90.873137
72.0,96,36.275026,91.504567
72.5,96,35.86768,92.120624
73.0,96,35.446539,92.721326
73.5,96,35.009713,93.306691
74.0,96,34.554919,93.876736
74.5,96,34.079365,94.431479
75.0,96,33.579578,94.970937
75.5,96,33.051159,95.49513
76.0,96,32.488411,96.004073
76.5,96,31.883759,96.497785
77.0,96,31.226806,96.976284
77.5,96,30.502697,97.439586
78.0,96,29.689092,97.887711
78.5,96,28.749986,98.320675
79.0,96,27.621382,98.738496
79.5,96,26.170847,99.141193
80.0,96,24.037362,99.528782
80.5,96,19.097677,99.9
81.0,96,19.097677,99.9
81.5,96,19.097677,99.9
82.0,96,19.097677,99.9
82.5,96,19.097677,99.9
83.0,96,19.097677,99.9
83.5,96,19.097677,99.9
84.0,96,19.097677,99.9
84.5,96,19.097677,99.9
85.0,96,19.097677,99.9
85.5,96,19.097677,99.9
86.0,96,19.097677,99.9
86.5,96,19.097677,99.9
87.0,96,19.097677,99.9
87.5,96,19.097677,99.9
88.0,96,19.097677,99.9
88.5,96,19.097677,99.9
89.0,96,19.097677,99.9
89.5,96,19.097677,99.9
90.0,96,19.097677,99.9
90.5,96,19.097677,99.9
91.0,96,19.097677,99.9
91.5,96,19.097677,99.9
92.0,96,19.097677,99.9
92.5,96,19.097677,99.9
93.0,96,19.097677,99.9
93.5,96,19.097677,99.9
94.0,96,19.097677,99.9
94.5,96,19.097677,99.9
95.0,96,19.097677,99.9
95.5,96,19.097677,99.9
96.0,96,19.097677,99.9
96.5,96,19.097677,99.9
97.0,96,19.097677,99.9
97.5,96,19.097677,99.9
98.0,96,19.097677,99.9
98.5,96,19.097677,99.9
99.0,96,19.097677,99.9
99.5,96,19.097677,99.9
100.0,96,19.097677,99.9
100.5,96,19.097677,99.9
101.0,96,19.097677,99.9
101.5,96,19.097677,99.9
102.0,96,19.097677,99.9
102.5,96,19.097677,99.9
103.0,96,19.097677,99.9
103.5,96,19.097677,99.9
104.0,96,19.097677,99.9
104.5,96,19.097677,99.9
105.0,96,19.097677,99.9
105.5,96,22.75707,99.677803
106.0,96,25.40584,99.304184
106.5,96,27.039342,98.916394
107.0,96,28.260775,98.514452
107.5,96,29.254955,98.098376
108.0,96,30.104121,97.668183
108.5,96,30.852328,97.22389
109.0,96,31.526033,96.765517
109.5,96,32.142418,96.293079
110.0,96,32.713295,95.806596
110.5,96,33.24715,95.306084
111.0,96,33.750292,94.791561
111.5,96,34.227547,94.263046
112.0,96,34.682693,93.720555
112.5,96,35.118747,93.164107
113.0,96,35.538161,92.593718
113.5,96,35.942953,92.009408
114.0,96,36.334811,91.411193
114.5,96,36.715157,90.799091
115.0,96,37.085209,90.17312
115.5,96,37.446013,89.533297
116.0,96,37.798478,88.879641
116.5,96,38.143401,88.212169
117.0,96,38.481484,87.530898
117.5,96,38.81335,86.835846
118.0,96,39.139556,86.127032
118.5,96,39.460604,85.404472
119.0,96,39.776945,84.668184
119.5,96,40.08899,83.918187
120.0,96,40.397116,83.154497
120.5,96,40.701666,82.377132
121.0,96,41.00296,81.586111
121.5,96,41.301291,80.781451
122.0,96,41.596936,79.963169
122.5,96,41.890151,79.131283
123.0,96,42.181178,78.285811
123.5,96,42.470244,77.426771
124.0,96,42.757567,76.55418
124.5,96,43.043354,75.668055
125.0,96,43.327801,74.768416
125.5,96,43.611099,73.855279
126.0,96,43.893431,72.928661
126.5,96,44.174977,71.988582
127.0,96,44.455908,71.035057
127.5,96,44.736397,70.068106
128.0,96,45.016609,69.087746
128.5,96,45.296712,68.093994
129.0,96,45.576869,67.086868
129.5,96,45.857244,66.066386
130.0,96,46.138002,65.032566
130.5,96,46.419308,63.985424
131.0,96,46.701329,62.92498
131.5,96,46.984236,61.85125
132.0,96,47.268201,60.764252
132.5,96,47.553403,59.664005
133.0,96,47.840023,58.550525
133.5,96,48.12825,57.42383
134.0,96,48.41828,56.283939
134.5,96,48.710316,55.130868
135.0,96,49.004572,53.964635
135.5,96,49.301271,52.785259
136.0,96,49.600649,51.592756
136.5,96,49.902956,50.387145
137.0,96,50.208456,49.168443
137.5,96,50.517432,47.936668
138.0,96,50.830186,46.691837
138.5,96,51.147045,45.433969
139.0,96,51.468358,44.16308
139.5,96,51.794508,42.879189
140.0,96,52.125906,41.582314
140.5,96,52.463008,40.272471
141.0,96,52.806308,38.949679
141.5,96,53.156356,37.613955
142.0,96,53.513759,36.265318
142.5,96,53.879194,34.903784
143.0,96,54.253419,33.529371
143.5,96,54.637289,32.142098
144.0,96,55.031773,30.741982
144.5,96,55.437976,29.329039
145.0,96,55.857169,27.90329
145.5,96,56.290826,26.46475
146.0,96,56.74067,25.013437
146.5,96,57.208734,23.54937
147.0,96,57.697448,22.072566
147.5,96,58.209744,20.583042
148.0,96,58.74922,19.080817
148.5,96,59.320356,17.565907
149.0,96,59.928837,16.038332
149.5,96,60.582047,14.498108
150.0,96,61.289829,12.945252
150.5,96,62.065755,11.379784
151.0,96,62.929325,9.80172
151.5,96,63.910127,8.211078
152.0,96,65.056481,6.607876
152.5,96,66.45617,4.992132
153.0,96,68.298174,3.363862
153.5,96,71.146274,1.723086
154.0,96,80.902323,0.1
154.5,96,80.902323,0.1
155.0,96,80.902323,0.1
155.5,96,80.902323,0.1
156.0,96,80.902323,0.1
156.5,96,80.902323,0.1
157.0,96,80.902323,0.1
157.5,96,80.902323,0.1
158.0,96,80.902323,0.1
158.5,96,80.902323,0.1
159.0,96,80.902323,0.1
159.5,96,80.902323,0.1
160.0,96,80.902323,0.1
160.5,96,80.902323,0.1
161.0,96,80.902323,0.1
161.5,96,80.902323,0.1
162.0,96,80.902323,0.1
162.5,96,80.902323,0.1
163.0,96,80.902323,0.1
163.5,96,80.902323,0.1
164.0,96,80.902323,0.1
164.5,96,80.902323,0.1
165.0,96,80.902323,0.1
165.5,96,80.902323,0.1
166.0,96,80.902323,0.1
166.5,96,80.902323,0.1
167.0,96,80.902323,0.1
167.5,96,80.902323,0.1
168.0,96,80.902323,0.1
168.5,96,80.902323,0.1
169.0,96,80.902323,0.1
169.5,96,80.902323,0.1
170.0,96,80.902323,0.1
170.5,96,80.902323,0.1
171.0,96,80.902323,0.1
171.5,96,80.902323,0.1
172.0,96,80.902323,0.1
172.5,96,80.902323,0.1
173.0,96,80.902323,0.1
173.5,96,80.902323,0.1
174.0,96,80.902323,0.1
174.5,96,80.902323,0.1
175.0,96,80.902323,0.1
175.5,96,80.902323,0.1
176.0,96,80.902323,0.1
176.5,96,80.902323,0.1
177.0,96,80.902323,0.1
177.5,96,80.902323,0.1
178.0,96,80.902323,0.1
178.5,96,80.902323,0.1
179.0,96,80.902323,0.1
179.5,96,80.902323,0.1
180.0,96,80.902323,0.1
180.5,96,80.902323,0.1
181.0,96,80.902323,0.1
181.5,96,80.902323,0.1
182.0,96,80.902323,0.1
182.5,96,80.902323,0.1
183.0,96,80.902323,0.1
